202615000
204308000
204574000
204631000
203801000
196517000
213050000
204505000
204561000
204560000
172755000
38888000
8592000
7604000
12908000
8611000
8951000
8023000
8862000
7515000
6102000
6600000
15227000
8673000
6638000
5736000
11207000
6546000
9893000
8730000
8542000
8100000
9849000
20152000
8102000
8427000
12855000
7957000
10852000
8614000
8364000
18121000
52156000
29683000
36930000
29222000
7533000
8958000
7372000
8725000
8070000
6429000
10993000
12208000
8175000
12751000
12294000
7065000
5957000
8341000
9405000
5955000
7786000
12855000
9657000
6877000
7697000
13876000
9487000
7628000
6543000
11555000
5592000
6450000
11232000
12067000
4573000
8089000
8569000
8764000
5257000
9015000
6191000
7419000
5520000
5005000
6168000
4521000
14786000
6332000
4850000
6344000
7938000
9872000
8825000
6630000
6040000
4386000
9933000
6626000
13965000
8156000
6460000
5472000
7540000
14281000
12019000
7794000
6586000
10816000
5719000
14483000
12077000
8509000
6928000
11331000
7820000
32319000
7568000
13199000
8426000
7644000
6714000
14492000
6535000
5823000
7184000
6853000
11784000
8375000
19902000
7884000
7128000
8897000
14883000
9583000
12013000
9455000
7149000
7797000
10867000
7980000
6802000
6928000
6623000
12391000
7386000
13886000
14761000
25563000
9420000
8231000
7720000
11237000
14405000
9690000
6578000
8822000
6494000
7808000
18880000
7180000
6730000
16518000
8911000
7925000
7609000
9417000
6369000
6320000
12568000
13711000
11142000
15656000
6734000
10901000
8609000
7329000
7784000
7737000
12452000
7358000
11167000
18992000
5322000
7524000
9616000
7066000
7384000
6612000
14343000
10113000
6903000
7570000
12173000
9939000
11634000
8160000
7882000
8230000
8054000
17590000
7106000
6377000
10282000
11717000
5139000
7855000
8050000
18686000
7409000
11174000
8333000
7733000
6049000
8361000
9183000
8640000
8500000
8709000
9693000
7717000
9631000
11813000
7940000
10872000
15707000
11807000
5714000
7179000
7525000
5461000
7348000
16211000
10646000
8094000
10000000
12693000
13295000
7516000
8544000
7762000
7137000
17565000
6661000
4816000
6347000
19128000
9724000
4771000
4663000
6319000
8087000
4766000
6354000
9789000
6588000
5200000
6896000
4895000
5025000
8643000
9904000
34504000
9428000
15562000
6958000
4626000
6674000
8274000
9882000
6900000
6489000
6763000
5911000
8619000
4740000
5762000
6993000
6813000
8083000
5028000
5487000
6532000
9271000
8581000
10293000
8006000
8399000
10971000
8803000
15628000
7459000
7711000
12545000
9191000
10488000
6394000
6430000
6670000
4657000
7530000
12288000
10770000
7883000
8695000
9323000
9150000
11948000
5455000
6478000
7531000
10987000
18859000
8350000
7288000
12360000
10940000
11142000
7368000
7663000
7861000
6778000
13890000
9305000
21173000
17080000
13249000
6087000
8926000
7845000
13713000
11599000
7001000
6944000
10243000
41573000
12765000
9945000
9284000
8507000
5870000
9186000
10976000
7409000
8307000
7228000
8421000
5412000
21030000
16886000
8678000
12956000
8869000
12613000
8012000
13721000
7541000
12156000
13323000
7027000
9756000
13931000
12481000
7108000
10038000
7756000
8135000
16662000
7649000
8002000
11428000
10385000
9207000
12548000
8941000
5756000
5651000
14308000
9153000
8080000
11265000
12488000
8959000
7827000
5938000
8012000
7900000
7943000
17169000
8221000
8840000
16056000
9013000
6683000
10477000
8131000
8687000
14494000
11894000
8246000
7748000
14302000
6670000
7471000
6564000
6908000
9460000
7178000
12314000
12669000
6861000
8725000
14896000
11781000
7164000
7704000
11275000
7456000
7189000
6894000
11355000
7420000
6815000
10735000
7245000
10272000
8474000
5605000
7679000
9259000
12131000
12561000
7608000
7021000
14979000
6800000
7385000
6948000
10089000
5520000
8646000
11227000
9520000
9185000
6867000
11769000
11257000
10020000
7072000
10701000
8984000
6907000
18911000
6932000
15619000
14152000
12669000
8058000
8495000
5883000
7534000
20343000
11042000
6890000
12034000
8507000
9461000
8234000
8705000
8081000
7633000
20180000
8387000
7663000
11044000
5807000
6720000
8437000
8071000
6628000
7189000
7968000
10611000
10591000
6898000
6830000
16791000
11926000
7107000
8952000
12715000
8948000
13339000
6824000
6901000
8179000
11196000
6270000
7131000
5644000
8007000
9238000
6698000
6874000
10050000
8170000
8577000
5756000
5509000
17318000
8784000
17325000
8294000
8661000
7785000
12933000
9846000
8491000
14968000
7827000
9755000
23485000
29154000
9110000
6894000
10784000
6614000
5156000
7482000
5124000
5930000
8743000
5502000
7703000
16614000
6420000
6275000
7363000
10974000
8326000
8175000
9979000
9917000
9362000
14120000
10908000
9670000
6248000
15360000
6978000
7669000
7902000
8983000
8795000
7200000
13109000
9587000
7727000
6932000
12514000
8183000
8617000
7844000
6553000
11187000
6994000
12368000
9663000
7095000
8339000
15003000
8376000
8897000
9418000
6943000
8203000
5156000
14534000
10916000
8006000
8918000
12902000
11036000
8084000
6940000
7725000
6749000
9108000
13010000
8040000
9366000
9730000
10576000
15513000
8757000
9485000
7163000
13152000
12906000
5368000
9304000
14291000
8651000
6879000
7506000
8208000
7069000
7849000
13838000
14639000
9710000
12345000
9699000
7105000
6600000
5450000
10820000
9101000
6216000
11986000
5940000
7194000
7160000
12165000
7650000
13078000
6470000
9004000
8101000
7341000
16465000
8398000
6618000
13738000
7241000
10024000
8924000
7928000
8070000
7582000
7372000
11968000
7908000
8567000
9326000
11151000
6759000
8213000
6921000
8230000
9019000
8322000
19095000
17622000
44045000
11272000
25768000
7089000
9437000
12031000
8280000
7858000
6604000
7886000
8894000
7755000
6674000
13287000
11641000
11147000
11040000
8335000
28429000
34391000
36527000
19445000
6939000
9048000
9044000
20039000
9005000
8625000
10487000
8371000
8701000
6646000
7850000
7128000
6860000
6985000
9870000
12949000
7165000
6931000
15104000
7056000
8391000
6915000
9102000
7561000
7219000
11115000
8810000
8237000
6845000
13783000
6529000
10240000
8255000
6974000
7287000
8474000
14197000
13036000
15929000
16026000
9019000
6260000
8219000
7367000
8438000
7997000
22049000
12580000
15240000
11368000
7989000
6174000
8663000
10197000
9280000
6283000
6745000
6511000
6054000
5513000
10005000
10951000
12510000
7648000
10289000
6510000
9738000
18306000
5703000
7049000
14929000
12212000
6305000
5335000
7824000
9387000
5564000
10723000
9537000
7912000
7328000
8246000
8201000
5364000
7198000
6553000
6476000
7399000
5713000
6106000
5468000
12079000
7899000
5716000
6879000
34549000
6929000
7464000
7729000
6767000
15502000
8332000
4910000
5310000
9583000
10851000
10706000
6935000
6834000
6615000
6878000
5358000
7205000
26298000
7723000
9125000
6457000
8235000
5125000
5111000
5680000
7660000
7712000
5733000
13868000
8030000
6142000
7003000
8261000
9503000
5319000
8757000
5693000
6928000
6382000
7291000
5527000
5484000
12124000
6497000
6513000
5363000
10511000
6259000
9733000
5205000
5437000
5306000
6397000
6859000
5834000
11675000
9895000
8361000
5752000
8925000
9539000
5699000
9949000
6260000
5980000
7285000
7140000
5362000
10527000
6891000
6716000
5513000
5358000
10811000
7665000
8143000
15020000
10073000
7917000
5464000
9822000
11887000
8574000
6387000
13066000
5842000
8432000
6123000
5809000
8677000
8925000
13688000
9872000
6991000
9450000
15606000
5436000
9010000
5231000
5288000
5838000
5477000
5726000
5456000
10018000
13070000
6473000
6640000
10191000
8305000
7968000
7922000
5420000
9414000
5444000
5430000
6109000
13012000
7781000
7835000
5188000
13678000
7292000
7153000
5576000
5903000
7830000
5520000
6851000
16342000
5904000
5415000
5302000
5344000
9903000
6296000
9985000
6615000
19280000
21331000
7435000
8538000
7712000
9981000
8397000
5715000
7341000
7904000
10518000
6525000
8051000
12892000
9002000
6208000
7004000
12076000
8326000
7486000
8270000
5647000
7855000
5175000
5262000
5533000
10825000
7704000
5435000
5497000
4813000
10427000
9758000
11213000
6001000
22812000
18147000
7040000
6994000
5810000
12527000
8949000
8967000
6543000
7396000
9718000
5256000
5840000
12464000
17664000
7555000
9939000
8814000
9529000
7544000
7762000
8585000
20299000
13911000
6335000
6235000
10750000
9136000
7854000
6515000
5506000
6595000
5847000
6778000
5863000
10353000
8841000
7627000
8007000
14231000
11968000
7869000
7697000
9104000
6350000
10570000
12917000
9143000
6791000
11846000
7492000
15442000
9600000
7270000
8379000
14417000
9205000
5852000
6870000
7357000
13284000
6193000
8908000
7554000
8428000
7331000
8482000
13471000
9222000
10182000
14231000
12056000
13748000
8143000
8912000
7859000
12013000
10340000
7196000
8417000
14418000
8046000
11583000
6739000
10671000
7830000
10571000
10750000
7093000
5772000
8358000
14163000
6813000
9021000
6699000
9430000
8181000
6944000
13039000
8992000
7508000
8039000
14727000
12002000
6076000
5851000
10222000
6812000
5733000
10888000
12174000
5980000
6570000
15741000
10273000
6407000
7967000
10597000
9628000
6829000
16452000
7076000
7656000
12852000
7491000
7067000
9421000
5207000
8392000
6241000
6810000
11237000
12874000
6603000
6552000
8255000
12392000
8365000
11946000
13959000
7191000
7475000
13405000
5957000
7356000
10458000
11638000
9883000
7700000
10223000
8244000
7737000
14144000
9966000
7765000
7365000
11809000
5944000
9109000
6691000
7656000
11581000
7485000
15594000
9651000
7979000
10747000
13456000
10799000
5782000
6826000
8467000
7579000
5126000
15744000
8561000
6320000
6826000
12156000
8316000
7382000
6857000
5926000
10758000
7768000
16390000
7553000
6978000
5246000
7990000
7312000
6103000
9913000
5791000
9138000
6707000
8893000
5697000
14343000
8700000
6704000
9630000
10415000
11142000
8698000
8021000
7844000
6654000
14490000
14005000
17999000
20631000
30785000
9187000
21117000
19990000
11832000
9632000
14930000
10509000
6798000
9557000
8369000
8034000
8678000
11449000
8332000
7275000
11509000
8898000
7584000
5984000
7764000
18935000
8336000
7794000
11931000
10910000
11184000
7508000
9067000
7594000
7135000
15514000
8985000
7996000
13363000
9005000
8534000
7095000
9256000
9315000
6043000
8510000
13840000
9710000
7011000
19021000
9653000
7787000
6454000
10928000
6357000
13737000
14053000
8429000
10717000
11639000
9479000
6730000
6755000
8660000
8149000
7860000
15331000
6190000
6879000
11073000
12438000
9165000
6741000
7861000
7686000
7998000
7188000
12906000
10305000
7694000
9647000
10649000
10704000
5914000
6753000
9137000
6858000
5903000
14649000
6992000
14972000
10651000
13676000
14413000
6540000
6395000
8008000
5438000
14013000
8322000
6982000
7985000
13786000
6348000
11310000
7678000
8006000
7095000
5805000
14950000
7594000
8494000
7360000
14793000
6643000
9619000
7817000
7601000
8007000
7990000
13423000
8445000
8760000
8058000
13131000
8673000
7867000
12465000
22972000
21760000
21709000
29798000
7467000
8523000
8356000
17841000
7179000
8528000
12441000
9080000
8344000
7645000
6807000
7689000
6876000
7889000
14922000
9444000
7895000
8875000
10476000
10649000
9524000
7693000
6981000
7747000
5891000
12717000
11207000
11619000
12171000
5747000
7985000
8411000
6458000
8163000
7204000
6786000
13428000
8618000
7984000
7078000
9273000
7597000
5897000
6421000
7016000
5388000
5784000
5036000
4633000
4901000
10076000
10924000
6048000
6280000
7573000
10304000
9274000
7398000
7586000
7304000
7525000
7874000
18286000
6006000
7343000
14517000
9989000
14094000
5616000
13006000
13762000
18284000
8297000
8373000
13824000
7384000
9297000
5528000
8590000
7452000
7904000
10670000
9636000
14340000
9056000
12097000
5633000
9563000
8143000
8667000
6844000
7637000
11401000
9045000
9775000
9922000
12928000
7285000
8729000
7107000
8443000
5628000
7892000
21788000
7130000
6129000
12456000
7750000
9204000
5972000
7650000
6036000
7429000
8725000
18730000
5811000
6203000
6319000
13860000
8709000
6861000
7182000
9700000
7746000
6661000
10268000
12552000
8050000
8065000
9449000
6484000
9477000
6682000
6477000
8749000
7440000
6894000
14579000
8865000
8279000
6195000
14111000
10057000
9268000
6446000
11175000
7212000
11908000
10569000
7948000
5412000
13444000
7269000
9824000
7692000
7487000
11974000
5422000
12970000
11689000
6953000
7037000
11426000
7546000
10793000
7866000
10126000
9095000
6137000
10165000
9020000
8184000
8587000
25888000
7948000
6112000
6150000
7042000
7824000
9409000
7958000
7930000
8928000
8260000
12865000
8250000
7451000
8572000
9804000
8326000
6294000
22181000
7955000
11372000
12941000
9161000
7692000
6586000
11111000
5605000
13788000
8071000
7745000
6261000
6557000
13478000
12519000
9715000
9596000
8150000
7618000
16860000
6253000
7453000
7254000
16616000
7582000
6044000
5856000
5155000
6359000
6583000
4792000
11585000
9100000
5554000
8621000
12626000
8381000
8981000
7652000
5714000
10093000
6415000
6533000
17169000
9020000
12253000
14587000
11602000
8227000
11429000
9355000
8198000
12910000
7600000
5973000
8070000
16088000
6530000
7799000
8220000
6728000
9838000
7563000
13852000
8886000
9356000
12709000
10506000
9566000
14586000
9231000
7801000
14177000
12921000
8389000
15557000
12012000
10717000
5549000
8671000
9146000
7474000
11351000
9831000
6710000
22704000
8917000
19858000
6479000
8247000
7714000
12266000
11333000
6662000
10904000
11163000
9562000
7398000
26477000
18748000
5960000
9093000
10604000
12225000
7343000
7970000
7891000
6685000
5517000
9132000
12597000
11278000
11291000
11975000
10160000
7036000
5769000
6563000
7035000
7038000
6752000
5010000
11353000
7318000
7510000
6047000
12937000
9712000
8200000
7780000
6009000
9369000
7681000
8331000
13151000
7080000
6455000
9530000
11962000
10448000
7173000
7410000
7368000
8102000
9957000
12466000
10104000
6272000
9277000
10789000
9645000
6350000
7153000
8244000
7215000
6491000
18441000
7572000
6745000
19613000
12008000
9045000
7775000
8088000
7007000
13932000
11362000
9398000
17784000
15873000
10918000
7410000
8540000
6652000
6596000
14108000
8025000
8177000
13815000
7061000
15758000
8293000
10044000
8203000
19012000
7932000
8087000
13189000
15356000
9386000
12913000
9043000
5481000
6410000
7329000
5984000
8937000
7864000
16462000
9575000
26680000
9537000
21082000
7243000
6607000
9761000
13195000
10978000
8119000
9360000
7290000
8030000
15942000
8470000
7979000
10438000
14862000
8323000
12176000
8301000
5341000
7291000
14438000
8400000
6358000
9251000
12142000
7878000
8918000
6649000
10766000
8881000
8986000
9982000
9765000
7327000
7770000
12065000
10245000
10256000
7793000
7375000
7783000
7641000
8843000
8677000
8072000
7823000
14465000
8424000
11130000
6528000
5991000
8446000
7021000
13235000
10877000
6893000
8954000
11895000
6752000
7745000
8034000
7764000
7260000
6611000
16701000
10829000
6305000
6477000
13045000
8564000
8496000
7350000
5870000
8888000
8703000
8393000
13997000
13496000
12454000
11331000
12910000
7826000
10744000
17121000
27297000
17316000
16837000
8419000
8176000
8490000
5422000
7730000
10147000
9041000
7248000
17616000
8698000
12393000
7161000
8653000
5913000
8082000
13749000
10316000
6842000
6871000
16223000
5560000
6856000
15386000
11196000
7154000
11493000
11996000
7651000
6527000
15891000
6697000
6440000
7860000
7166000
10151000
6893000
15754000
7784000
7408000
7832000
15192000
6500000
11461000
7798000
8838000
8226000
15100000
8864000
8178000
6706000
12848000
9950000
13882000
7834000
7935000
8673000
14815000
15023000
5874000
7223000
14980000
9387000
10293000
8864000
7150000
8051000
8108000
16734000
5651000
5588000
5274000
11404000
5705000
8455000
27503000
23736000
7647000
6299000
5388000
12148000
5881000
9129000
4777000
6084000
4907000
5946000
6930000
6962000
23759000
12878000
5634000
9335000
5657000
14229000
5487000
8702000
5615000
6578000
12939000
12393000
5513000
5307000
9325000
10664000
5192000
9263000
5806000
5459000
7015000
6002000
6655000
6801000
6127000
7405000
6725000
6750000
9876000
9897000
10047000
5579000
5641000
5268000
6584000
7179000
6400000
11163000
9920000
10185000
5267000
10235000
8057000
7322000
5454000
5489000
6773000
5655000
5432000
5962000
5842000
11040000
8464000
5742000
5604000
11909000
6182000
4840000
6797000
7305000
6737000
7243000
6696000
6383000
9761000
7060000
5516000
5331000
5541000
8729000
9509000
5413000
8949000
5281000
6779000
7126000
5528000
7199000
9476000
7092000
6398000
7129000
5476000
12009000
7611000
8276000
7689000
7046000
6207000
7307000
6133000
12752000
9034000
6446000
5424000
9569000
10590000
10781000
6505000
6875000
7353000
7457000
6942000
17018000
5505000
7444000
5484000
11528000
8645000
7772000
5412000
7025000
5577000
7805000
5340000
5751000
9788000
23376000
28516000
6883000
5807000
9096000
7580000
5836000
7455000
10400000
7659000
5259000
5588000
8791000
35805000
8623000
6805000
5377000
12590000
8956000
6351000
5269000
5028000
9410000
7775000
7199000
7444000
9233000
8913000
13142000
13409000
12905000
9669000
17449000
8453000
5558000
6111000
5235000
6094000
6807000
6684000
10965000
8912000
7929000
5349000
9206000
9714000
5703000
8934000
5410000
5384000
8237000
5577000
4959000
4600000
8720000
9890000
5302000
6780000
8586000
10489000
11107000
7106000
5542000
5521000
5235000
22806000
13652000
6975000
7019000
9314000
7730000
8429000
5408000
6471000
7450000
5764000
6729000
5459000
9470000
12464000
7399000
5390000
33859000
5311000
8958000
5098000
5422000
6416000
11328000
7655000
5811000
5572000
10679000
9700000
5247000
7562000
5882000
8684000
7332000
7851000
5768000
14326000
7615000
8929000
20973000
26920000
8544000
5629000
5143000
13425000
7920000
4340000
4408000
5550000
15906000
9950000
6985000
7385000
10154000
5806000
7061000
18854000
7823000
8330000
11939000
9486000
12642000
5836000
5163000
8243000
5636000
6402000
17273000
7346000
5369000
6243000
14982000
10591000
7898000
6953000
8811000
7443000
8447000
9462000
10632000
7775000
7085000
16709000
10352000
8788000
10260000
10207000
16329000
11480000
7653000
8049000
14622000
6373000
8221000
13379000
9415000
7619000
15386000
11764000
8989000
13275000
9714000
10292000
7356000
7367000
6478000
6823000
10221000
11715000
11863000
8155000
10586000
8093000
8787000
8027000
6867000
9876000
7836000
15964000
9178000
7926000
6783000
17373000
9278000
7738000
8852000
6272000
6717000
6230000
13483000
9606000
7254000
7331000
9620000
9869000
8633000
12293000
10215000
9806000
15042000
7367000
7849000
6605000
16160000
7312000
9703000
6689000
10045000
6837000
5475000
11436000
15878000
7970000
19584000
8832000
8059000
10603000
8047000
6960000
38271000
6505000
15376000
8368000
5655000
11668000
9187000
10220000
13628000
10461000
7903000
36808000
7778000
9612000
8840000
14087000
9588000
9153000
8781000
13533000
6798000
11208000
17654000
9140000
6039000
14160000
7096000
12585000
11115000
10562000
8108000
6914000
6662000
10271000
8101000
11431000
7520000
8631000
7401000
9532000
14092000
10053000
10181000
9287000
7674000
7251000
11641000
10848000
8248000
6974000
12971000
6728000
11390000
6993000
8729000
5594000
4508000
4368000
23522000
19760000
10851000
8811000
15469000
8217000
5952000
7855000
11147000
9973000
5804000
5855000
12550000
14254000
8539000
7739000
8628000
8932000
15211000
9183000
7118000
5340000
6995000
8000000
9418000
7332000
4689000
4437000
4987000
5498000
4845000
4999000
4704000
9967000
9197000
6891000
11070000
10229000
11597000
7716000
46837000
50280000
55740000
19311000
30528000
4899000
6186000
5630000
4701000
6214000
4573000
25802000
47448000
7013000
12005000
7041000
9271000
10496000
7869000
7037000
7149000
10679000
7301000
10733000
6947000
25689000
11984000
9948000
8032000
7983000
13831000
6626000
9994000
8066000
15633000
16981000
12305000
8467000
7742000
11623000
10839000
8233000
6709000
10382000
7858000
16253000
13397000
6670000
12387000
11736000
9239000
8725000
8524000
7473000
10235000
15686000
9628000
8549000
9841000
12143000
9582000
5800000
7631000
8652000
7917000
5806000
13261000
7666000
7471000
6521000
16706000
6068000
13560000
7081000
11153000
7909000
11005000
12320000
5886000
5664000
9730000
28601000
7141000
10666000
9302000
19625000
7187000
5561000
7867000
13244000
12086000
7371000
6824000
8164000
11012000
7083000
8789000
7998000
5139000
4485000
10687000
11016000
10596000
6370000
5906000
9349000
5631000
8865000
8638000
7550000
6506000
8705000
6096000
9743000
6163000
4706000
6469000
4775000
5901000
9266000
6694000
7872000
13434000
12958000
8329000
10084000
11251000
11345000
8430000
7438000
6424000
4725000
6293000
10534000
6037000
5748000
5728000
6190000
11119000
6329000
9543000
4362000
7819000
9583000
11493000
6621000
13949000
7222000
9296000
11882000
13862000
7263000
7995000
9789000
9297000
8407000
15234000
5963000
7722000
11574000
10230000
8538000
6689000
7266000
9422000
6609000
6778000
16430000
7125000
7882000
6732000
16154000
9235000
7076000
8043000
10360000
7877000
13183000
12271000
7169000
6124000
15718000
8340000
7482000
7713000
9797000
6409000
5844000
11101000
8498000
7809000
7860000
11188000
11979000
9738000
7588000
9634000
6506000
7590000
7152000
13385000
6886000
5885000
5715000
14519000
9963000
7029000
6496000
5224000
5480000
4865000
4086000
5206000
16147000
6589000
11524000
16772000
6582000
10360000
12854000
18948000
15709000
7875000
8043000
10019000
17413000
9815000
9008000
10939000
6759000
12411000
13884000
6553000
10023000
14909000
6559000
8218000
11456000
9282000
7032000
8253000
12587000
43288000
8007000
8264000
7713000
5219000
12204000
16164000
5982000
5069000
5695000
6817000
7179000
5541000
12142000
6787000
10471000
6632000
5360000
12622000
10148000
6265000
8179000
12028000
11305000
8379000
8539000
9005000
10885000
17293000
10087000
9442000
10610000
10752000
4989000
29914000
13168000
17008000
7995000
7017000
13932000
8817000
8263000
6858000
9407000
10254000
7724000
17926000
9871000
7909000
9856000
11017000
12575000
6165000
13332000
22960000
13238000
5803000
6038000
5093000
14389000
11417000
5730000
7275000
8651000
7165000
5695000
12015000
8429000
6929000
8304000
10179000
7637000
9336000
4747000
6384000
8051000
5995000
6309000
6144000
8235000
12789000
7712000
4893000
10944000
7470000
11869000
7278000
9779000
6729000
5733000
5116000
9172000
9295000
13890000
9625000
8949000
10956000
7317000
5323000
8735000
5061000
4843000
6127000
10246000
9069000
5348000
6300000
4932000
9087000
6753000
13210000
4781000
5267000
10739000
4648000
6443000
36486000
22597000
8243000
4818000
5290000
11567000
4776000
5126000
12528000
10402000
4931000
4781000
4931000
10056000
10196000
11259000
7542000
10092000
6922000
7672000
11483000
7768000
7492000
8371000
10637000
8936000
7721000
8745000
5698000
11353000
6850000
5948000
9409000
11887000
8182000
10314000
11910000
11373000
8213000
9971000
6156000
7966000
10981000
12119000
7860000
7684000
11800000
9736000
6677000
7160000
7655000
7063000
8100000
9608000
13081000
6354000
6721000
10735000
10519000
13485000
6791000
10526000
9447000
6735000
13273000
7905000
6963000
5893000
12445000
10198000
6390000
7852000
8161000
9060000
6380000
15371000
10988000
4542000
4460000
6095000
13585000
4835000
9717000
7254000
11340000
8992000
9061000
11362000
6964000
5626000
6075000
9526000
11135000
10531000
6579000
7940000
8052000
8791000
6652000
11868000
8172000
7619000
6865000
10892000
8791000
9499000
5753000
6834000
11033000
11944000
14030000
8343000
19457000
10217000
6441000
8609000
10389000
11802000
9399000
9697000
11521000
5524000
8461000
16979000
13365000
6420000
17768000
8716000
17157000
11485000
36479000
25068000
5885000
6020000
14874000
55037000
48173000
10842000
4921000
9964000
33378000
5351000
8806000
30101000
5610000
6719000
14573000
12212000
12520000
27332000
10848000
10100000
13248000
5882000
15940000
9598000
6675000
32721000
15843000
7078000
6933000
13799000
8646000
8679000
6840000
8851000
8436000
5617000
15655000
8448000
9069000
5995000
13195000
9766000
9821000
8800000
10670000
8462000
15649000
14980000
8215000
13763000
11393000
10902000
6986000
9315000
6216000
9101000
15927000
8857000
7522000
12311000
9950000
8630000
7834000
6805000
11462000
7796000
14653000
7891000
7810000
7866000
12682000
14553000
5905000
7911000
9743000
7522000
6949000
12182000
8989000
7306000
7093000
13634000
12641000
8084000
7065000
8337000
8046000
8872000
8301000
8149000
7509000
6938000
10250000
10660000
12596000
14236000
10191000
7596000
13248000
9711000
5754000
11135000
8034000
7675000
10667000
8502000
9415000
6500000
6955000
8392000
12909000
47531000
6142000
6456000
8361000
7399000
7350000
12548000
16068000
5526000
8961000
7425000
33052000
29470000
12922000
9208000
11989000
5799000
7621000
8372000
6787000
7397000
7076000
6800000
9967000
8737000
5671000
5423000
6339000
9226000
11432000
4888000
6503000
5082000
7748000
5575000
6600000
5396000
9813000
7315000
6315000
5299000
12514000
6924000
7834000
8676000
5414000
6895000
11076000
5288000
14054000
9099000
5342000
6077000
6810000
9676000
7474000
8924000
5320000
5450000
9835000
6930000
8294000
11082000
9381000
6515000
6232000
9444000
9208000
6341000
5670000
6083000
6875000
6666000
5512000
10002000
11899000
8914000
7237000
5364000
13591000
8130000
12855000
8678000
7962000
4795000
4615000
4868000
8748000
21251000
8040000
9333000
7084000
9287000
5337000
5383000
5500000
7048000
6269000
5530000
16780000
6404000
7364000
5699000
14236000
8337000
15426000
5552000
7023000
6840000
6903000
11639000
8062000
5723000
9072000
11110000
8557000
10669000
6473000
5383000
8085000
5080000
5253000
5535000
9424000
8990000
7003000
5249000
4802000
6605000
7980000
6927000
5796000
5467000
6920000
7534000
6999000
5715000
10352000
8772000
6520000
6086000
6498000
9061000
6902000
4579000
6848000
5460000
6779000
8968000
9447000
7697000
9968000
12436000
16916000
8864000
5556000
6514000
6469000
5070000
7599000
6769000
6567000
6942000
8032000
6979000
7958000
7019000
11750000
8181000
13591000
5784000
5398000
8038000
6971000
6568000
14133000
7084000
5443000
13950000
9527000
6874000
7068000
7287000
6589000
6497000
9604000
12669000
9429000
5354000
5868000
11916000
10378000
8007000
7023000
8648000
6747000
6177000
6309000
14524000
7201000
5118000
4493000
5562000
4600000
8858000
8241000
8395000
6737000
5176000
4920000
8855000
7278000
11657000
8966000
5666000
5420000
5414000
7622000
9635000
5424000
5872000
5510000
6862000
11045000
5094000
5192000
17530000
6741000
8932000
10502000
10309000
7777000
7573000
5580000
4936000
6971000
5490000
5275000
14491000
9916000
5384000
6347000
8803000
9684000
5513000
6176000
8639000
6861000
11622000
7623000
11036000
14431000
6035000
11863000
12524000
9123000
7811000
7949000
9617000
7150000
6022000
8531000
6570000
7279000
10923000
13216000
7906000
10671000
8453000
9021000
6763000
9896000
17534000
7588000
8879000
18147000
9531000
7875000
7642000
8175000
7379000
6116000
12780000
9432000
6289000
14046000
10100000
9280000
10637000
6826000
7543000
7953000
12919000
12048000
8148000
7683000
13945000
6760000
7372000
7700000
7731000
17730000
10215000
14220000
6490000
5928000
11314000
8790000
11382000
9465000
9023000
8764000
7215000
10026000
8566000
6835000
7269000
15162000
7386000
31029000
9976000
6400000
6527000
9279000
7886000
11692000
21951000
36758000
31620000
7154000
10469000
8520000
10915000
7084000
6779000
22771000
14125000
5772000
5831000
12656000
13240000
8663000
9885000
13969000
7896000
5411000
10167000
9190000
6804000
8051000
15832000
12801000
6765000
7664000
7878000
7609000
7601000
13918000
9068000
9514000
16759000
5750000
13093000
7971000
7727000
7062000
5499000
9695000
12412000
6653000
6945000
7824000
9688000
9010000
7272000
6236000
7126000
8023000
6998000
11891000
7667000
8093000
8676000
17456000
12144000
7749000
5857000
8903000
6771000
7761000
10450000
9845000
6668000
5844000
12037000
11826000
7918000
6498000
8015000
7763000
6961000
5652000
9591000
7254000
5113000
4945000
5306000
8199000
10381000
11085000
4991000
4771000
5314000
7209000
5862000
4406000
4653000
8698000
9773000
4924000
6083000
9854000
8713000
7201000
15004000
4933000
8738000
5129000
7886000
13841000
7041000
7424000
5521000
12392000
10056000
19753000
6145000
7174000
9335000
20344000
7813000
7563000
9121000
9879000
9565000
8730000
7947000
8445000
7965000
7604000
6959000
13131000
5617000
11537000
15409000
9066000
7609000
6767000
9792000
8899000
18791000
8931000
6827000
12440000
9423000
12420000
7029000
7652000
6262000
5111000
5704000
10812000
12443000
6520000
5688000
14451000
5775000
9192000
14829000
7965000
11706000
13754000
9542000
6952000
11921000
12464000
11701000
7729000
8672000
9271000
8021000
8424000
13186000
13437000
11827000
7923000
16958000
6957000
8555000
10590000
19503000
9132000
5797000
14750000
7665000
7892000
6587000
5186000
4736000
7873000
8662000
11552000
12422000
6904000
9173000
16361000
9541000
7613000
8035000
6938000
5957000
8041000
13566000
36567000
14308000
6008000
10885000
9350000
9480000
12502000
5978000
6542000
5825000
10797000
22362000
19772000
10495000
8195000
9179000
9634000
9303000
12613000
10904000
9496000
7693000
12441000
7892000
7936000
16480000
6913000
10697000
13737000
7989000
7943000
7751000
6893000
11114000
7869000
13704000
13576000
7573000
9505000
10629000
18697000
7222000
7212000
6790000
9112000
15877000
7682000
7181000
13735000
9762000
9472000
5902000
6493000
7217000
6431000
7183000
11694000
9952000
6441000
6339000
9076000
6516000
6174000
7474000
6933000
5349000
7741000
6058000
20416000
6269000
7196000
4721000
6139000
11937000
7423000
15285000
4491000
4722000
5742000
5384000
7939000
18818000
8712000
8054000
8581000
6154000
8044000
8032000
6147000
7596000
7662000
7245000
6214000
8353000
7984000
5079000
4992000
5930000
4372000
8505000
8742000
7172000
8570000
8170000
10424000
7734000
17626000
8352000
7177000
10743000
12308000
9231000
5385000
7603000
9603000
7505000
7450000
12531000
9758000
7617000
10388000
12613000
9129000
6705000
8077000
7583000
6504000
8963000
10632000
9043000
10027000
14542000
10052000
9586000
5741000
7984000
11193000
6916000
15494000
7202000
8740000
8048000
15050000
11623000
6993000
6773000
8203000
6886000
6992000
15276000
7966000
6362000
12706000
12086000
8360000
6589000
8168000
48476000
29265000
15932000
14457000
7761000
9290000
20147000
10442000
24531000
10074000
10959000
7765000
7300000
8038000
9936000
10235000
8743000
5658000
12457000
14654000
8859000
5571000
9828000
7907000
12830000
8345000
9808000
7518000
23119000
7404000
8466000
7603000
8604000
6040000
13674000
12166000
5919000
8958000
14812000
7273000
18666000
24118000
17403000
7101000
7093000
13556000
9197000
7981000
8341000
6104000
7631000
7805000
7133000
14351000
9088000
6944000
10366000
10906000
8615000
8154000
5797000
9941000
8229000
8257000
10535000
7905000
5615000
5769000
5932000
14863000
5124000
9963000
6363000
5015000
8733000
7635000
15925000
9294000
7717000
5979000
11148000
10618000
9467000
5262000
4774000
10103000
5970000
4485000
17977000
7881000
9017000
13184000
9797000
7526000
6429000
7808000
9124000
8624000
8199000
14041000
8551000
9640000
12718000
25114000
18548000
8710000
12216000
8784000
7142000
8912000
10941000
9271000
11449000
9822000
8385000
9241000
11996000
8513000
5934000
5621000
11945000
12610000
8626000
8069000
8064000
8661000
8977000
16706000
10751000
7363000
9885000
11231000
10488000
9228000
7952000
6434000
9179000
11862000
7601000
6060000
7247000
7812000
9638000
13102000
7137000
8047000
9938000
6974000
7282000
8948000
8865000
7796000
8821000
9035000
13047000
13172000
6668000
9324000
11678000
11691000
11462000
6896000
8502000
12437000
7262000
11831000
6929000
7515000
9533000
6983000
22387000
15393000
11265000
11720000
13211000
18196000
10623000
20513000
10298000
11839000
11168000
11095000
9748000
9398000
6949000
7618000
11122000
9319000
7486000
6706000
11193000
9303000
9311000
11314000
12968000
8287000
15862000
10647000
17929000
22611000
16521000
9248000
6910000
19448000
8762000
7813000
9031000
13458000
13759000
6544000
9322000
8851000
6870000
16840000
7853000
6351000
14369000
9845000
8120000
7849000
6997000
8474000
7553000
5825000
15380000
7282000
8026000
10006000
9725000
5988000
8474000
7609000
4397000
6423000
4870000
5361000
5296000
10396000
8050000
16161000
18307000
9163000
8255000
7143000
12113000
7210000
13304000
10068000
6367000
5906000
21470000
16737000
20990000
7343000
15945000
8098000
7692000
9804000
13026000
8711000
9673000
8115000
7478000
10696000
14288000
10126000
5799000
7701000
12200000
6783000
8522000
7152000
7118000
9152000
5838000
18574000
9273000
7364000
7430000
11968000
8072000
13374000
5720000
8099000
7124000
8530000
15192000
9545000
7017000
5550000
13023000
14460000
7760000
5547000
7449000
8095000
7247000
15830000
8954000
9407000
13278000
6976000
9394000
9235000
9775000
7392000
9697000
11264000
11702000
8672000
15236000
9087000
10447000
5573000
6442000
8593000
7543000
11153000
7524000
10035000
6934000
8771000
11393000
10093000
6836000
9754000
10785000
13777000
16728000
8549000
15384000
18207000
11520000
5276000
5354000
4708000
5292000
12515000
10317000
9174000
18547000
9182000
10365000
13825000
6979000
5499000
7533000
10205000
10757000
8527000
6783000
13291000
6992000
9118000
7428000
6656000
11341000
5321000
13623000
10456000
11802000
13141000
9598000
7221000
7046000
6721000
12008000
11033000
12988000
11176000
6733000
10842000
11454000
9992000
7970000
9508000
7724000
7019000
8886000
17228000
6092000
7268000
18181000
14150000
7678000
10239000
8253000
10941000
16335000
8259000
7945000
11090000
10837000
10201000
8012000
9294000
13106000
9538000
9644000
5571000
9734000
8281000
8519000
5173000
11653000
6791000
8898000
9910000
10974000
10584000
8107000
7149000
10219000
10496000
6263000
6048000
6919000
6982000
9954000
11355000
22726000
8873000
10801000
10617000
5428000
9032000
6990000
5687000
6514000
5983000
5098000
6055000
12106000
6281000
5433000
5175000
8538000
9474000
5312000
6108000
7709000
29553000
12001000
8812000
6067000
5486000
12854000
9292000
11331000
7436000
5427000
6574000
7917000
7561000
17537000
11135000
7156000
11756000
6969000
8764000
6914000
9619000
7366000
7236000
11095000
6611000
8361000
7267000
5418000
10405000
10365000
8300000
5413000
8672000
10207000
6687000
12515000
8866000
5673000
6836000
11584000
9466000
10577000
30975000
24926000
10769000
7153000
11016000
7750000
8384000
5485000
5330000
5101000
12006000
5342000
11139000
7039000
7350000
5182000
5529000
8644000
10384000
5580000
11075000
6794000
6270000
9604000
17216000
10466000
6102000
5577000
10507000
9455000
5165000
11640000
5522000
9333000
5327000
5326000
6830000
13950000
8392000
5669000
5149000
11381000
8054000
8261000
5339000
6644000
5421000
7665000
10387000
13019000
7282000
5502000
5551000
19849000
16696000
6675000
5938000
6122000
6305000
6093000
9676000
11702000
6884000
5353000
6386000
12861000
6860000
6740000
5663000
6603000
8792000
7342000
6626000
14517000
6437000
6706000
6951000
10816000
8053000
11136000
8548000
6200000
7431000
5701000
14186000
14619000
7496000
5490000
10624000
11526000
12902000
12340000
5422000
6261000
5534000
9107000
9448000
7208000
5685000
9404000
11230000
9368000
5479000
5884000
5430000
9456000
23271000
8528000
6827000
5596000
12758000
7988000
8620000
6247000
5269000
5748000
6383000
5396000
7015000
15882000
7255000
7025000
6676000
13664000
12203000
5664000
5825000
4806000
6169000
5284000
5038000
19505000
6597000
4973000
5792000
8537000
9668000
11008000
7405000
5509000
7677000
14131000
27800000
17379000
15362000
7578000
5782000
7332000
12028000
41688000
36276000
5444000
5596000
7457000
5976000
6644000
17420000
8198000
6557000
14366000
9683000
8708000
6666000
8185000
10217000
6938000
11760000
12132000
27446000
10874000
7710000
7377000
7105000
7696000
8575000
20690000
10897000
6801000
9612000
11137000
5737000
25925000
11121000
17022000
9357000
10194000
18330000
9314000
5484000
8346000
8405000
6429000
5826000
23264000
25241000
11280000
12796000
8451000
6770000
9025000
6707000
16938000
6647000
8245000
9642000
9867000
9864000
5964000
10824000
10009000
6741000
12495000
11565000
9242000
6373000
14776000
8821000
9420000
17461000
6106000
7836000
15042000
7920000
7597000
19841000
11537000
8073000
10145000
17008000
11186000
13250000
4727000
4823000
5003000
9164000
7354000
11022000
15649000
7304000
7973000
13449000
12632000
10358000
13855000
8912000
10804000
5316000
5179000
6391000
8927000
6895000
9391000
12179000
6238000
5923000
8520000
12115000
9584000
7684000
4634000
8428000
5091000
7070000
12157000
11616000
7550000
6936000
11921000
10565000
10247000
9423000
8006000
5315000
5312000
11991000
17224000
7503000
10457000
9132000
50298000
16298000
9282000
6297000
9172000
13723000
8962000
6043000
12205000
8871000
8114000
11059000
8904000
10072000
10071000
11624000
8324000
8194000
8038000
9355000
17466000
12211000
8245000
6898000
9463000
14582000
7602000
8137000
10994000
8902000
12631000
12224000
9146000
7871000
11939000
7685000
12156000
9631000
6867000
6441000
6715000
18813000
8442000
6399000
7404000
14764000
11683000
8379000
6685000
11350000
7789000
14668000
9763000
7401000
8107000
15181000
10529000
7341000
6770000
10621000
8776000
10947000
12703000
5698000
6747000
12420000
9753000
11100000
9330000
11682000
7218000
6741000
10566000
10415000
5481000
7128000
10001000
10396000
8045000
6442000
6768000
13360000
30718000
6151000
6360000
11829000
11591000
6660000
7200000
5302000
7052000
7955000
7821000
16443000
9103000
7370000
9393000
6517000
6646000
9093000
7571000
5940000
6821000
7547000
8260000
18885000
6686000
6250000
12250000
12579000
10559000
6882000
9583000
8040000
5942000
13856000
11149000
5994000
12887000
9993000
11302000
8507000
7419000
8228000
10076000
11829000
9261000
11297000
14125000
10506000
10521000
9693000
9619000
9839000
12814000
11362000
7441000
7516000
10260000
11952000
8317000
8588000
8382000
8443000
7835000
16249000
8050000
9737000
12211000
10725000
8848000
8292000
11946000
7558000
8573000
10955000
6064000
5835000
7935000
12701000
11013000
11431000
8702000
10479000
7802000
13127000
12716000
7025000
8691000
16215000
10435000
6814000
7778000
6897000
7685000
8540000
14092000
11151000
7301000
16745000
5257000
12834000
5945000
7120000
8796000
7773000
17012000
7519000
7032000
6729000
13457000
11528000
9773000
7664000
8828000
10362000
11902000
13332000
6676000
6841000
9015000
7876000
10915000
6465000
6471000
8381000
5842000
15718000
11042000
7437000
9635000
11150000
8968000
8437000
10748000
9233000
13807000
19689000
8114000
9321000
26530000
6739000
10467000
6345000
8061000
5766000
11517000
11994000
8089000
10693000
10140000
8089000
5870000
8996000
8818000
7069000
6322000
10413000
11560000
6765000
6928000
7178000
10558000
10388000
6460000
6423000
6704000
6689000
8934000
10191000
12182000
6653000
6460000
15392000
6462000
8983000
6595000
6061000
9429000
6640000
7071000
13951000
7050000
8235000
10224000
11477000
10232000
6568000
7105000
8156000
5831000
8907000
7975000
9588000
8100000
8742000
16224000
7009000
7691000
5730000
6984000
11622000
7157000
10725000
15101000
5801000
15096000
18875000
9332000
6198000
6482000
6906000
7782000
15795000
7053000
6743000
7124000
10685000
11136000
10245000
15603000
9583000
7443000
10919000
8900000
6375000
7625000
11757000
8526000
14371000
7290000
9999000
5806000
10952000
20196000
9184000
11649000
9121000
17588000
10559000
7191000
5953000
11818000
12452000
8418000
12517000
14027000
15084000
7137000
10263000
10505000
17288000
8517000
8671000
12878000
11791000
7262000
5603000
10643000
10467000
20187000
17288000
12424000
22022000
8134000
7950000
10557000
10679000
19760000
5580000
10229000
23938000
20580000
7700000
7717000
12178000
7848000
9813000
5682000
6389000
15398000
14964000
6749000
5826000
7664000
6610000
5747000
17157000
8351000
14457000
11715000
10240000
9330000
7029000
9128000
8493000
12627000
14495000
6668000
12286000
12775000
9193000
7170000
10423000
9050000
6642000
16345000
6713000
9239000
9817000
13526000
8670000
8876000
7861000
7082000
8788000
8050000
11376000
9212000
7225000
10904000
10619000
9128000
7804000
6936000
10993000
9576000
19186000
8441000
8047000
11415000
9289000
10520000
7061000
7322000
7399000
10049000
13430000
11160000
8265000
10674000
12000000
6793000
6162000
7648000
8750000
8595000
13273000
12892000
7450000
8013000
9442000
10501000
9310000
7956000
8805000
7263000
7666000
9681000
13313000
6770000
5863000
6868000
15376000
10383000
8269000
7083000
10159000
8733000
11407000
16120000
7697000
8482000
7392000
8457000
9668000
4152000
6911000
7497000
7782000
5278000
4802000
7766000
8495000
4352000
4246000
5795000
10195000
5444000
5994000
5222000
4373000
4133000
4184000
7086000
5885000
4143000
4178000
4911000
12910000
5946000
6010000
5599000
8330000
9066000
5982000
11182000
4784000
4872000
6887000
32482000
11509000
4943000
7905000
9228000
4846000
5700000
6409000
8478000
6943000
8297000
5996000
19260000
6464000
27640000
5481000
7352000
6090000
6129000
11451000
6180000
4865000
10945000
9049000
5261000
5805000
5534000
12074000
6349000
7560000
5970000
5009000
6447000
5992000
4881000
7073000
17381000
6651000
7311000
4115000
11276000
4146000
3891000
8683000
6018000
4368000
4204000
5044000
5459000
4728000
4635000
12406000
9571000
4479000
4797000
4599000
10531000
9290000
7404000
5162000
7186000
4838000
5529000
9029000
6862000
14344000
6126000
4622000
4464000
4586000
9832000
6984000
9047000
8893000
7325000
10767000
5969000
13306000
10983000
6692000
4639000
5971000
8859000
6591000
10571000
6972000
5611000
6341000
4917000
10489000
13214000
6363000
4475000
6932000
4482000
8878000
10300000
9578000
4715000
5077000
9190000
4620000
5179000
4607000
13507000
7849000
7688000
6872000
8294000
8948000
4895000
10444000
12419000
5856000
6541000
4148000
5644000
9450000
5121000
16359000
8913000
9401000
4099000
9726000
11925000
11506000
8668000
17679000
6029000
5218000
5392000
4432000
9491000
7466000
9993000
5428000
4516000
4396000
6774000
7361000
9305000
13780000
5898000
5418000
13951000
7358000
4984000
8266000
5667000
6427000
6280000
7967000
5095000
5229000
11889000
4850000
8255000
4743000
6036000
15826000
4958000
6730000
4499000
5000000
4376000
6792000
4171000
5729000
5575000
16862000
12140000
4121000
12756000
6411000
4115000
5592000
6206000
6363000
4379000
4995000
4565000
4186000
3997000
4697000
7464000
7786000
5155000
6469000
4241000
10606000
6694000
4198000
7357000
4423000
6613000
4777000
4191000
5580000
4749000
4309000
15827000
6769000
6246000
4342000
7305000
9788000
7211000
6265000
3961000
4067000
3890000
6015000
7491000
5685000
7120000
7035000
6791000
5884000
4498000
4716000
8131000
6401000
7105000
8458000
6962000
4870000
7849000
4546000
8741000
11541000
8741000
6853000
5473000
5607000
8375000
8122000
5478000
6152000
5973000
6631000
12421000
4787000
5676000
14860000
7312000
4541000
8049000
9242000
25384000
5983000
7656000
5972000
5894000
4866000
10018000
9166000
4736000
4322000
6044000
52430000
13094000
15218000
6900000
5754000
5680000
10278000
7097000
4624000
9674000
4684000
4563000
9571000
5822000
5801000
11800000
14670000
5885000
4699000
7280000
9499000
8371000
5259000
6119000
4898000
6762000
4626000
4420000
4458000
4354000
8150000
6314000
9906000
4813000
5076000
14820000
6201000
8569000
4501000
4492000
6058000
4545000
3982000
10779000
13613000
6759000
6257000
4251000
9092000
6182000
7170000
5875000
7086000
4610000
5756000
5957000
4122000
5781000
5864000
8474000
7804000
5691000
5668000
4250000
7845000
9387000
6650000
6919000
5654000
7591000
7537000
5014000
5317000
11371000
7730000
6373000
5854000
5688000
11948000
6746000
5722000
7173000
5683000
5013000
5912000
5843000
7670000
6568000
16318000
4562000
7170000
14610000
8970000
13153000
7137000
7202000
6965000
5627000
7065000
13860000
6898000
6639000
11005000
12627000
7580000
6346000
5062000
7655000
5408000
5318000
6123000
11130000
10828000
5130000
7026000
8492000
15144000
8795000
4851000
6781000
6544000
5447000
5141000
6878000
10872000
8235000
6887000
5721000
7886000
10043000
5258000
8295000
5195000
5373000
7554000
5686000
5470000
5303000
9863000
11816000
5721000
6779000
15775000
5084000
6840000
4539000
5150000
6571000
6385000
5263000
5224000
7078000
6418000
9452000
6839000
5822000
9166000
9172000
4917000
5971000
18460000
19029000
13022000
7799000
5338000
6392000
9608000
8645000
6569000
7128000
5507000
12323000
4644000
5457000
4828000
11053000
11271000
7236000
5354000
9324000
5681000
7078000
6803000
8574000
5339000
7206000
4787000
5485000
6899000
8867000
9795000
5545000
6929000
9076000
6613000
6829000
9373000
6753000
5087000
8686000
7533000
5791000
15116000
7453000
5474000
6493000
7818000
6629000
6974000
9415000
7025000
5117000
7412000
5310000
5389000
7899000
12522000
7960000
5595000
5490000
10452000
7431000
4766000
5725000
5371000
5219000
6955000
5291000
5115000
5458000
11054000
14683000
5686000
7182000
8427000
7919000
8566000
6028000
5023000
5503000
5367000
4961000
6104000
4843000
9929000
5985000
4396000
4362000
5280000
4578000
6527000
7299000
4515000
6912000
4397000
5385000
4571000
5564000
4551000
8614000
32612000
8757000
8506000
8041000
7329000
5477000
5755000
5513000
8589000
31134000
7886000
38254000
13935000
8592000
5570000
6770000
12773000
8700000
6388000
6605000
8752000
17760000
18413000
16604000
26008000
15855000
10575000
7375000
5704000
6241000
5421000
7318000
9721000
7851000
7339000
11304000
8154000
5225000
6968000
11019000
9345000
9114000
6582000
7876000
6909000
8091000
8647000
11893000
6304000
5347000
5726000
11578000
10107000
11163000
5031000
6040000
7757000
5549000
5393000
13710000
6089000
7043000
5329000
5575000
11124000
8689000
7615000
7712000
5790000
8901000
5741000
9397000
15880000
8104000
6677000
9395000
11591000
10082000
8659000
5534000
9353000
5429000
5933000
9977000
12742000
5345000
5171000
9271000
11911000
9759000
9005000
7146000
8831000
7547000
7779000
12400000
7924000
8147000
9003000
9475000
6160000
7002000
7321000
5290000
6746000
6153000
4950000
4684000
8734000
11835000
5286000
6865000
9275000
8114000
5520000
9286000
6941000
5591000
8074000
6160000
7809000
10804000
9264000
7674000
8776000
10050000
7953000
7509000
6164000
5673000
9857000
6898000
6685000
13387000
7967000
7840000
6157000
16394000
12305000
7297000
7902000
6630000
6765000
6984000
11940000
9751000
6669000
9110000
9959000
9525000
8430000
7342000
5919000
39272000
16319000
14074000
10991000
8376000
5120000
5476000
7573000
8514000
7057000
11960000
7228000
7980000
7574000
14223000
8404000
11610000
9148000
9678000
5796000
6137000
11568000
7956000
5078000
5708000
5948000
12821000
8842000
6104000
9353000
7702000
7855000
8569000
14819000
15787000
11211000
13393000
6303000
9185000
10139000
7586000
8340000
12659000
11143000
6789000
6455000
13574000
9891000
9399000
5739000
6332000
7686000
5542000
7037000
17717000
8227000
6494000
15178000
22114000
6747000
5072000
4788000
5765000
6620000
16290000
8786000
5648000
5021000
7143000
6367000
6135000
9482000
4082000
9176000
9613000
21289000
7366000
6508000
4570000
6856000
5679000
13993000
4378000
5815000
4854000
4586000
4641000
6468000
6014000
4793000
4692000
8704000
9198000
5716000
8101000
6817000
12428000
7720000
7239000
7080000
5813000
8338000
19497000
24254000
16608000
22880000
15704000
6584000
7696000
16062000
7804000
6426000
9228000
11567000
10015000
6637000
7817000
10086000
5561000
6928000
9801000
8816000
4729000
5933000
5980000
12915000
5174000
4872000
5851000
6077000
4466000
6928000
4421000
4667000
4620000
6893000
13162000
6634000
12737000
13734000
11348000
5699000
5451000
7120000
7141000
7876000
11950000
8625000
8684000
11984000
9340000
7052000
7120000
13169000
10916000
7681000
7717000
17208000
8223000
7810000
13042000
8370000
8561000
8447000
5699000
14835000
6284000
9017000
13988000
6738000
7316000
9913000
7057000
7089000
4745000
7960000
5287000
8814000
8813000
7136000
6604000
7070000
8462000
5821000
8988000
9887000
5718000
8197000
7764000
6336000
8990000
8027000
14470000
7178000
7033000
5132000
4353000
16117000
5152000
6948000
4194000
6800000
7506000
7964000
13429000
16420000
5900000
6548000
17576000
8204000
7114000
6606000
7680000
7796000
7690000
11583000
8270000
6547000
8955000
9509000
11443000
7573000
8297000
10360000
6422000
7874000
5211000
9938000
7049000
8535000
6682000
5225000
13733000
6799000
11062000
5823000
5648000
7272000
7577000
9018000
6483000
11827000
9402000
9016000
8969000
6505000
9669000
8745000
8423000
9248000
7379000
11391000
6801000
6956000
6314000
9826000
9937000
7180000
6128000
18533000
8326000
6756000
10276000
16160000
8972000
15946000
10275000
5554000
6850000
6725000
8025000
5012000
8028000
15139000
5403000
4839000
5097000
12908000
6501000
8307000
5612000
5714000
5652000
7765000
5950000
6432000
22188000
5970000
6911000
13159000
7203000
8984000
5733000
8314000
7922000
8748000
6813000
16437000
5351000
6120000
4495000
48232000
8064000
8237000
10639000
11001000
9283000
12937000
9457000
10721000
7550000
8779000
8846000
9183000
12006000
10090000
9752000
8386000
14325000
8599000
9499000
8468000
6501000
5485000
8226000
14632000
8524000
6751000
6380000
7736000
9350000
6274000
8029000
5014000
5080000
9790000
9065000
6120000
11754000
7167000
8335000
10578000
16642000
21329000
6457000
8068000
6629000
10548000
7086000
5681000
8107000
7193000
10538000
6923000
7276000
8145000
5512000
7351000
6779000
5687000
11331000
10320000
5705000
9119000
12437000
6687000
8992000
5548000
5863000
7662000
13489000
10277000
17568000
8766000
27862000
28672000
5883000
16618000
11891000
6967000
18290000
14313000
6079000
7774000
10435000
8362000
5577000
11863000
17901000
8413000
12403000
11796000
7267000
5839000
9135000
7062000
8018000
10396000
7288000
6336000
5589000
5407000
14063000
7078000
12803000
6420000
6949000
6824000
5985000
6775000
13872000
9010000
6794000
5739000
13287000
10962000
7382000
6857000
7957000
6463000
5215000
7757000
12798000
9652000
7017000
17249000
6773000
7801000
6989000
7288000
9911000
6799000
12593000
9509000
7749000
5830000
9875000
9655000
7939000
8300000
7251000
9176000
9986000
9062000
12742000
9564000
6775000
12157000
11371000
6676000
7034000
5142000
7534000
6467000
5086000
4721000
10650000
7051000
4438000
5552000
5637000
7330000
10633000
5599000
8440000
9604000
9138000
7621000
16061000
15925000
7064000
9074000
10465000
9046000
7334000
6890000
7776000
6389000
6522000
11529000
13204000
21802000
8992000
10785000
7688000
5889000
9297000
4739000
4040000
5807000
10392000
8605000
5186000
7332000
5227000
8702000
17689000
27778000
10417000
13946000
8396000
7263000
5161000
14050000
5815000
6557000
5598000
6883000
8124000
17648000
19499000
7389000
6165000
10817000
8767000
8514000
7127000
8176000
10052000
7409000
15420000
9750000
7059000
17543000
6507000
9673000
7869000
6404000
9991000
7663000
8020000
9546000
8475000
7251000
5495000
12272000
9363000
17368000
10735000
5332000
7319000
13165000
12153000
6584000
4881000
8273000
9895000
4339000
4493000
5219000
4247000
4213000
5514000
4709000
4252000
4114000
4260000
18738000
10065000
5886000
4891000
8355000
7095000
5827000
6261000
6494000
5531000
4198000
4479000
6422000
7062000
17037000
11447000
14559000
10699000
5887000
5367000
5697000
6076000
5813000
5995000
4756000
5128000
13365000
7077000
5377000
6154000
8987000
10971000
5787000
8773000
8714000
7057000
5347000
7271000
5035000
11119000
8566000
4640000
4776000
4631000
11284000
6841000
4505000
7473000
8030000
4314000
5269000
4605000
4341000
5032000
9961000
8955000
5919000
6251000
6803000
10663000
7893000
10602000
6210000
6200000
6346000
6296000
6852000
12683000
7099000
7580000
5114000
6193000
8960000
6728000
4690000
9118000
6263000
4891000
8422000
7626000
14530000
11232000
5983000
4518000
5998000
8746000
8778000
6526000
9548000
5860000
6398000
5695000
5782000
6090000
11366000
7848000
5003000
4954000
5931000
9215000
6622000
5991000
5997000
4080000
6738000
4342000
5700000
5641000
4329000
4806000
18845000
5208000
6004000
5166000
8858000
6888000
7165000
5556000
6196000
4477000
6081000
9924000
7494000
8725000
6202000
5910000
7113000
5650000
6588000
11013000
4812000
9717000
4506000
7164000
6784000
6342000
6259000
17967000
5392000
5203000
6896000
11299000
7775000
6631000
5558000
6779000
6572000
6316000
5013000
4270000
4990000
8851000
10017000
7165000
4976000
9130000
6745000
7212000
8202000
4817000
6692000
6762000
6231000
4914000
5372000
16373000
6399000
4492000
4726000
4767000
9110000
7394000
4708000
6211000
4910000
6152000
4589000
6907000
4963000
4825000
5877000
6106000
9585000
6146000
6203000
4773000
11649000
4615000
9142000
4669000
4661000
6485000
5982000
6570000
6522000
13253000
14251000
15449000
10325000
15311000
5719000
5564000
8495000
8049000
12655000
8898000
6747000
7811000
5905000
14517000
5926000
11320000
8052000
7846000
6053000
8714000
17002000
6149000
7008000
10644000
11379000
7796000
7479000
6596000
22904000
23398000
7410000
5445000
9781000
8359000
7144000
11757000
6542000
7538000
5745000
8841000
15854000
9607000
7859000
12421000
11313000
10886000
7063000
8015000
7382000
7851000
10589000
11162000
15685000
19887000
17359000
41576000
19849000
12357000
10339000
8466000
7830000
10578000
7798000
7948000
13727000
8166000
8892000
6548000
17555000
7824000
7960000
7647000
8230000
5844000
6882000
14828000
9173000
13627000
24259000
17550000
9939000
6603000
14644000
11856000
5680000
7262000
9284000
12204000
7649000
7689000
7049000
7068000
5428000
5201000
13098000
9994000
8134000
6811000
11268000
8686000
6100000
6510000
6698000
8982000
6289000
6825000
11353000
8660000
9179000
5552000
9764000
10721000
8003000
6042000
6840000
6375000
7820000
6038000
6509000
10670000
8759000
6693000
5761000
9446000
9518000
5451000
5331000
5268000
6649000
7940000
5501000
5271000
6449000
7954000
7899000
5976000
11712000
13153000
9249000
13866000
6020000
8931000
5504000
5585000
6427000
8181000
9782000
5541000
5410000
9250000
9803000
5653000
5168000
6605000
6590000
6344000
6246000
5434000
9000000
6351000
9438000
6880000
5496000
5135000
9150000
5408000
10032000
4970000
5229000
5400000
6597000
5849000
4811000
4131000
16232000
5672000
5420000
5346000
8592000
9186000
6869000
5718000
5759000
8154000
7931000
5529000
5187000
11717000
10414000
5569000
5336000
5666000
10164000
7101000
5149000
6704000
5528000
6603000
6581000
5594000
6716000
5998000
12988000
7599000
6671000
6280000
13268000
6978000
11889000
5299000
8079000
6800000
5407000
5144000
9383000
9190000
5535000
5591000
10303000
11022000
18413000
10753000
5200000
6714000
6293000
11343000
8495000
5279000
4876000
4166000
7081000
9385000
34498000
4863000
31628000
7461000
6420000
11387000
9065000
7817000
6320000
8359000
6504000
5295000
5553000
7780000
11259000
6314000
6598000
8193000
9405000
7881000
5728000
5935000
5689000
5621000
7251000
12934000
18458000
7130000
6749000
6247000
9674000
7572000
8680000
5243000
6905000
7804000
6742000
6572000
12319000
7467000
7719000
7333000
9370000
10302000
6545000
7151000
5470000
6957000
8455000
6909000
5252000
9381000
11691000
6531000
6701000
4927000
12827000
5174000
9552000
5352000
5375000
6967000
6452000
4941000
4817000
15382000
5619000
5942000
8317000
16830000
9875000
6841000
6567000
8171000
5553000
5468000
6845000
8847000
7259000
5347000
5180000
6753000
9065000
7461000
11353000
5658000
5475000
7361000
7101000
5604000
13275000
10088000
5704000
4829000
4296000
10670000
6620000
6883000
5013000
4336000
4573000
8521000
6431000
7777000
5707000
9187000
5268000
5273000
4500000
8244000
10339000
7690000
5922000
6810000
8794000
8447000
6991000
6291000
14390000
7962000
5661000
8100000
11086000
6737000
6690000
8826000
7756000
8924000
5992000
8102000
14774000
9470000
7126000
5354000
14603000
7104000
9680000
7321000
13211000
7410000
8179000
8872000
7204000
5399000
8237000
8893000
10223000
5172000
11247000
8538000
9827000
4765000
7278000
10264000
9360000
9306000
7269000
9541000
8726000
7074000
5206000
7738000
9296000
8993000
9355000
8994000
7332000
5420000
6595000
9204000
10380000
5598000
13317000
13544000
7948000
7268000
17733000
8616000
6538000
13170000
9173000
11417000
8684000
5210000
6767000
6541000
6683000
16385000
7804000
8541000
9246000
9763000
7233000
7470000
6269000
6214000
6775000
7821000
14253000
11131000
4503000
5713000
4318000
10446000
7163000
5063000
7289000
4741000
4586000
7858000
5378000
7429000
12162000
9510000
6687000
7639000
14660000
7190000
6053000
5410000
5326000
4703000
8565000
7040000
6370000
10635000
13801000
6498000
7461000
9294000
7143000
16232000
6742000
8647000
6252000
4762000
5274000
15080000
5367000
29046000
11568000
8047000
6077000
7284000
6908000
7433000
10158000
7235000
8755000
5994000
9893000
11625000
9755000
6969000
5373000
9799000
6849000
7229000
14045000
10666000
5672000
7913000
14021000
5719000
10822000
7956000
10017000
8223000
14354000
15418000
8068000
7778000
22386000
5250000
12921000
7214000
6816000
6866000
10571000
6821000
5700000
7806000
10061000
12927000
7620000
8258000
7900000
6361000
8231000
14121000
11603000
9134000
6908000
13859000
6882000
6769000
8921000
9477000
6858000
8514000
9924000
12095000
5899000
8010000
16008000
8774000
14858000
9817000
12397000
13083000
6448000
8307000
6979000
9725000
11948000
7338000
7994000
9785000
10326000
7334000
12877000
7244000
9011000
5746000
9884000
9977000
12187000
7258000
5289000
7419000
7769000
41862000
180932000
204324000
203380000
204718000
217234000
191760000
205576000
203605000
205512000
205109000
210163000
198367000
204028000
204127000
205363000
208343000
200874000
204440000
204576000
204860000
204427000
204561000
203536000
204768000
203317000
206057000
204622000
206983000
200550000
205999000
212237000
195512000
204311000
206111000
203137000
205958000
204843000
204185000
204608000
205418000
203505000
204370000
204699000
204809000
202968000
205769000
204154000
204993000
204480000
204586000
203352000
205872000
204306000
204750000
205819000
202719000
204904000
215225000
192850000
205339000
204727000
204475000
207310000
200341000
206121000
202880000
206054000
203297000
205675000
203319000
204218000
206265000
203072000
205822000
203248000
205880000
204550000
204647000
217320000
190063000
204442000
212325000
199553000
205637000
202288000
204378000
204209000
203555000
204327000
206367000
203209000
205600000
211421000
196889000
205511000
204184000
203302000
205235000
205269000
204446000
203474000
205824000
204237000
204484000
205078000
202707000
204496000
204459000
206019000
204589000
205247000
203855000
212729000
196212000
203193000
205995000
204533000
204353000
207513000
200269000
205937000
209003000
198479000
205868000
259068000
57462000
21011000
45667000
28779000
8522000
11867000
12346000
11156000
10539000
5637000
6781000
7694000
7814000
11863000
8223000
8810000
5941000
10325000
11685000
10097000
7106000
6760000
8399000
5624000
5812000
10659000
10047000
10542000
8049000
14987000
11158000
8491000
7915000
8660000
8014000
11596000
6731000
7928000
11685000
10111000
13629000
10954000
7294000
8815000
8477000
4959000
12086000
7527000
15135000
8150000
9564000
5157000
9798000
9717000
7960000
5915000
7071000
25719000
8072000
6698000
12535000
10445000
6708000
5940000
10062000
7805000
5933000
6848000
11377000
10022000
7919000
14918000
7002000
9583000
6914000
5376000
11388000
6910000
8007000
9657000
8243000
6793000
7749000
17321000
13194000
25690000
8419000
34385000
16425000
10614000
7720000
7314000
12798000
18711000
15367000
45338000
7583000
13044000
8266000
12043000
10449000
5936000
6529000
30319000
53456000
100402000
20462000
8547000
10687000
9270000
7885000
7822000
8629000
13227000
16558000
9443000
8115000
8127000
8977000
11437000
7349000
5648000
19986000
29654000
7375000
28468000
8786000
42418000
22951000
17756000
11830000
5987000
6865000
9279000
6005000
7439000
16164000
8589000
5868000
8646000
14636000
10002000
8953000
5448000
9828000
6743000
5545000
16507000
7224000
5927000
5404000
10187000
10996000
8065000
7048000
6881000
8859000
8811000
7449000
16054000
9092000
11947000
11748000
7750000
5814000
11774000
9154000
5477000
5975000
11362000
8263000
4609000
4472000
7885000
9569000
8125000
9189000
6628000
6602000
7136000
6645000
6716000
6533000
15611000
10412000
6268000
15191000
5036000
9672000
18401000
11616000
16563000
7015000
4716000
5050000
5891000
10095000
6708000
4489000
8022000
4553000
4515000
5475000
6966000
7031000
5345000
16512000
5740000
5604000
5568000
11554000
10640000
6571000
5429000
5422000
8868000
8102000
7279000
17493000
5510000
5497000
5375000
9295000
9302000
8104000
8587000
6556000
8386000
6810000
6835000
6769000
6343000
6868000
6963000
6886000
5608000
9470000
11713000
7603000
4596000
6915000
8112000
6024000
5001000
4813000
18912000
43009000
5232000
6678000
8344000
6223000
6216000
5352000
9445000
7973000
7713000
6743000
12427000
8087000
5270000
6120000
6520000
6519000
6565000
7256000
5414000
16283000
5681000
5737000
6620000
8172000
9277000
6358000
11495000
5555000
8883000
5593000
17994000
12448000
43884000
9714000
21658000
13466000
8751000
4988000
6709000
6155000
6927000
9222000
5538000
9443000
4311000
5009000
4681000
6042000
6837000
6100000
16823000
5117000
4497000
7486000
7543000
9211000
4652000
9419000
5368000
7934000
7677000
4583000
4563000
13232000
12637000
6501000
7999000
9639000
8236000
4525000
4782000
8631000
4898000
5674000
4951000
11063000
9695000
12051000
4336000
8399000
34766000
5755000
5613000
5906000
5310000
5494000
6351000
6609000
9253000
6736000
6881000
11728000
7942000
6773000
10691000
6334000
14355000
6177000
6088000
6228000
11326000
5437000
5717000
8565000
24020000
11404000
15805000
5937000
113460000
10250000
43839000
10186000
6636000
5176000
7341000
5866000
13001000
5472000
6713000
4908000
4456000
11711000
6349000
4965000
12131000
4459000
10056000
5715000
4612000
6260000
14092000
9021000
5637000
11146000
9747000
6342000
9547000
4758000
4481000
6875000
8436000
4765000
6498000
13317000
7564000
7178000
5071000
20391000
10156000
20241000
6346000
6289000
15304000
8080000
4169000
3790000
5624000
8028000
6417000
5157000
6557000
6771000
5649000
8626000
7162000
5710000
14297000
7503000
9042000
6880000
13861000
11719000
6938000
5577000
10347000
7958000
7213000
17858000
7948000
7546000
11612000
7246000
7874000
7832000
5518000
5737000
10808000
6919000
11115000
7481000
5446000
4939000
6097000
8434000
9313000
12044000
10858000
17672000
24769000
6870000
8039000
9578000
11661000
9243000
7844000
7770000
7296000
7947000
7329000
14670000
7149000
7758000
5678000
15358000
9305000
8807000
8692000
8995000
7769000
12259000
9658000
7798000
6701000
5715000
14566000
5515000
7543000
7263000
7546000
6607000
5557000
7469000
13225000
8126000
6459000
6664000
10169000
10426000
8444000
7908000
7368000
8424000
7793000
15633000
9328000
10653000
9335000
11192000
9197000
8713000
5414000
9167000
6691000
7627000
13711000
6283000
5843000
5544000
9657000
10333000
13215000
6565000
7013000
6955000
7246000
6640000
16504000
14133000
6937000
12759000
6721000
43263000
21160000
9778000
17208000
9430000
7921000
6312000
5441000
8948000
5661000
5795000
27940000
8527000
9196000
10519000
9956000
7119000
5670000
6876000
9658000
8487000
19049000
8377000
34998000
9780000
7731000
7327000
9160000
10619000
11434000
7983000
7667000
10495000
8287000
6378000
8040000
5657000
6630000
7859000
6806000
12943000
10468000
7621000
5975000
12444000
10565000
13362000
7066000
9029000
5702000
8830000
13663000
12841000
8870000
16883000
5642000
8392000
6733000
5828000
9493000
8695000
13034000
9697000
8566000
7355000
11759000
14702000
7951000
11987000
7637000
8740000
16323000
6497000
8009000
6778000
15251000
8301000
8868000
7927000
10971000
7563000
7111000
8606000
9397000
6027000
8495000
16293000
7984000
8385000
7109000
7657000
5766000
7047000
12361000
10275000
4970000
4791000
7034000
9734000
6577000
5167000
6310000
8427000
5722000
6246000
4209000
7012000
11946000
12499000
5973000
5574000
12516000
6820000
4984000
7465000
7802000
6992000
7719000
6670000
6916000
15647000
6745000
6925000
6058000
12617000
6860000
6820000
6909000
5766000
10763000
27966000
21135000
22469000
21713000
14343000
10401000
11734000
9150000
8799000
13285000
7224000
8813000
8630000
5668000
7002000
6703000
8752000
13214000
8503000
7261000
5599000
17682000
7179000
10183000
23931000
8547000
20030000
33095000
8578000
11553000
10366000
6676000
8369000
17768000
10613000
7948000
14984000
9283000
8250000
5704000
8619000
10092000
24190000
6761000
7054000
12811000
8746000
6170000
33818000
6197000
11763000
11666000
6292000
8733000
9198000
4717000
5368000
5447000
4654000
4521000
6718000
4841000
9159000
5464000
11541000
12220000
4346000
5951000
7348000
8624000
6215000
6012000
4412000
7042000
8908000
7166000
7568000
10800000
10510000
6743000
6949000
8608000
21696000
22064000
8894000
5749000
15171000
7376000
8465000
10696000
10450000
8936000
10444000
8679000
7166000
6452000
7285000
10125000
11693000
9949000
15402000
8072000
12973000
8024000
9291000
13096000
21140000
9332000
11129000
10241000
7573000
7826000
6693000
11091000
8026000
8055000
11569000
9804000
6440000
11162000
11583000
7374000
9480000
8231000
9524000
6362000
15432000
11535000
8519000
6231000
12471000
6899000
10340000
21332000
34492000
9863000
25922000
8937000
25955000
8484000
12468000
11793000
5925000
7685000
16528000
7930000
6787000
9312000
9848000
5876000
7483000
14645000
8630000
6570000
14639000
9584000
10962000
7918000
8622000
7694000
8549000
17387000
6183000
7120000
5951000
11946000
6901000
10448000
6194000
6144000
5615000
6393000
4699000
5765000
14372000
8025000
6984000
11438000
9371000
8617000
6354000
7688000
5409000
7781000
4740000
6994000
8023000
7182000
6627000
7966000
15603000
9683000
8079000
7643000
5854000
8205000
9486000
6996000
11893000
9222000
92491000
8453000
5906000
7070000
10993000
7613000
10398000
6839000
5482000
7583000
8788000
7438000
14797000
9090000
9544000
17509000
8996000
7073000
6974000
8167000
8261000
9087000
14769000
9825000
7747000
12159000
7643000
5507000
10309000
8896000
7679000
6812000
8113000
13581000
8262000
8225000
9996000
11606000
10074000
5409000
6563000
5741000
7227000
4995000
6299000
13630000
7323000
6615000
4848000
12928000
7049000
7842000
6608000
5471000
6670000
7733000
5860000
20391000
7802000
4502000
4482000
4554000
7761000
9703000
4931000
9149000
24985000
11428000
11026000
8312000
8110000
10674000
12050000
9949000
7158000
5321000
9073000
8309000
18127000
10396000
9181000
9436000
13269000
9780000
8329000
8645000
8835000
6715000
12291000
14158000
7921000
5850000
28490000
14515000
7124000
9339000
19564000
8306000
5753000
7713000
14107000
9902000
7153000
8969000
7416000
8154000
5798000
15157000
8865000
7637000
14295000
8656000
8523000
5941000
6238000
5321000
12825000
8123000
22746000
35938000
7939000
9222000
8705000
30945000
10160000
7788000
11368000
7416000
10068000
14407000
9400000
29901000
36227000
11099000
7852000
9230000
6051000
7785000
18541000
7195000
7222000
7150000
16674000
11925000
6620000
7912000
7671000
8273000
7717000
12092000
6451000
10410000
10674000
10565000
6031000
12426000
7146000
9024000
7063000
6763000
9412000
10280000
6310000
4512000
5976000
8710000
5349000
5976000
5898000
6657000
5418000
8971000
7667000
7056000
16190000
7597000
8634000
9976000
9687000
5809000
10812000
7775000
8411000
8282000
10140000
9587000
6843000
8563000
5798000
17298000
5484000
13466000
8614000
8049000
7012000
8475000
11896000
10090000
7150000
10354000
11600000
6223000
6960000
8982000
7829000
6657000
8443000
12762000
9044000
7978000
5879000
10392000
9815000
17772000
5929000
8286000
7917000
14053000
15355000
6611000
17127000
6762000
8932000
8690000
5992000
8721000
7212000
12614000
11241000
7713000
5453000
27732000
8098000
7812000
8598000
6382000
5603000
14368000
8117000
7840000
7354000
15657000
10124000
10524000
21353000
16193000
14257000
8444000
9285000
11968000
10004000
6602000
11424000
5866000
10218000
11526000
18109000
6402000
18304000
5756000
5768000
5242000
6357000
9070000
8176000
8647000
12493000
8488000
5669000
8109000
13818000
6113000
9301000
9433000
9766000
10276000
14065000
11236000
5827000
9301000
17067000
5536000
10019000
5742000
9367000
8172000
17315000
14696000
7799000
13772000
6146000
10033000
7829000
5387000
5459000
5741000
6883000
5761000
7825000
5451000
6784000
7032000
6416000
11972000
7858000
9316000
5712000
22059000
5803000
11482000
15699000
4728000
7500000
10357000
7419000
9135000
4741000
5763000
9227000
6770000
6989000
11406000
13921000
6973000
6894000
13751000
13045000
6984000
5735000
7919000
10718000
9277000
16025000
8717000
8558000
15580000
10525000
6876000
9125000
8269000
8770000
11589000
12837000
6797000
7776000
10854000
8475000
9717000
6114000
9283000
7225000
5952000
8147000
18531000
6502000
6507000
8000000
11058000
10160000
20483000
14971000
34911000
26785000
20393000
6586000
7091000
5526000
8651000
7345000
9446000
5586000
6995000
12329000
6622000
20422000
11083000
9387000
11343000
11711000
6964000
6854000
16405000
5871000
6018000
6845000
9056000
8715000
8317000
13683000
11484000
8880000
5370000
16241000
6895000
8494000
5501000
5656000
8419000
6433000
6446000
14304000
4951000
5252000
6466000
5616000
10091000
5677000
16036000
7131000
22150000
15040000
7348000
7399000
5743000
17095000
5431000
6586000
5884000
5318000
5243000
8500000
5461000
7907000
10600000
8057000
8153000
23503000
6167000
12207000
5434000
7102000
5427000
9005000
11914000
8021000
6585000
6389000
10040000
11248000
5680000
6174000
5374000
5408000
8673000
6523000
6868000
9670000
8787000
6077000
5275000
5061000
7858000
10320000
7902000
7671000
6295000
7461000
5370000
6405000
5437000
10369000
7308000
5607000
5481000
5324000
12141000
10397000
6016000
5165000
5007000
41698000
5656000
9044000
8522000
9679000
9707000
6429000
6324000
5600000
5040000
5683000
4925000
5176000
5180000
19443000
5344000
5542000
8860000
10121000
5264000
7163000
5658000
7126000
6830000
6744000
5162000
5463000
12838000
5465000
5252000
7213000
8337000
10083000
5127000
6972000
4728000
7536000
4732000
9306000
5209000
6044000
12925000
8687000
5110000
6437000
10386000
6778000
5375000
6866000
6527000
7983000
7899000
4931000
6278000
13195000
7019000
6473000
8333000
11911000
7064000
7383000
6920000
5563000
6876000
7712000
6926000
5603000
10530000
6813000
5535000
6712000
9953000
9198000
5287000
9506000
4912000
5546000
9830000
5480000
6773000
12197000
6327000
6389000
6341000
7172000
9031000
6988000
9551000
5283000
8034000
7805000
5802000
6757000
14418000
9951000
6838000
5672000
11213000
9367000
5658000
5289000
5279000
5159000
6948000
5076000
5286000
5659000
14859000
5197000
5424000
5267000
5666000
13942000
4952000
9835000
6926000
5530000
9717000
7017000
50595000
8267000
7163000
14624000
7511000
5590000
6364000
17062000
14478000
5701000
9529000
9488000
6639000
5864000
6870000
6469000
8010000
6618000
6562000
11025000
9445000
6913000
6650000
8066000
9220000
6369000
6177000
5443000
5950000
8410000
6019000
8556000
9843000
11230000
6527000
6957000
12181000
8790000
8615000
8548000
6980000
7104000
10788000
11431000
11552000
8419000
12751000
17916000
8920000
8393000
6844000
8612000
6707000
12909000
8393000
6441000
6481000
12631000
6091000
11112000
6349000
6900000
8037000
6679000
7656000
15535000
7910000
6864000
6791000
15739000
5591000
7503000
6289000
5329000
6588000
5005000
5193000
4860000
13972000
5682000
4289000
5922000
4946000
10612000
7741000
7422000
6508000
9425000
9480000
9836000
5601000
10235000
7506000
6750000
6865000
16553000
6660000
7098000
9084000
6837000
6494000
6006000
6568000
16161000
8807000
7038000
10695000
10018000
7742000
7084000
7137000
8390000
7070000
9099000
11983000
9428000
5698000
36571000
8884000
5789000
7496000
6893000
18905000
13278000
6996000
9850000
11642000
8415000
9393000
8481000
8999000
7072000
12205000
7207000
7761000
7134000
6789000
13244000
5596000
8017000
7573000
7899000
10768000
7038000
13223000
12158000
6997000
11329000
11714000
7136000
6658000
5762000
5917000
8813000
8695000
14151000
11334000
5810000
21418000
6420000
9206000
8123000
9740000
15766000
15628000
7960000
7704000
6880000
13581000
6884000
7241000
9101000
6754000
8727000
6474000
7466000
16587000
9142000
11962000
11547000
10534000
6288000
7100000
10744000
7446000
6310000
14390000
8025000
9752000
13189000
11026000
11313000
6869000
9178000
5596000
8011000
16623000
6719000
16413000
18472000
12265000
17813000
6852000
7563000
15991000
9129000
8855000
16229000
11051000
8386000
5468000
11891000
7049000
5812000
11646000
7390000
5747000
6560000
12078000
7220000
10155000
6564000
7743000
7950000
5585000
5860000
11958000
12660000
6390000
7477000
16529000
7327000
9955000
6767000
6862000
7538000
6477000
10235000
7284000
6215000
6918000
8046000
13256000
6977000
8030000
5570000
8443000
10619000
8329000
22077000
7860000
6842000
17473000
6913000
10213000
8932000
11845000
7397000
17502000
8217000
10123000
16826000
5889000
12634000
7890000
8646000
5559000
5799000
14977000
6800000
5999000
8046000
6517000
12057000
10690000
7699000
5912000
8538000
6826000
6978000
13195000
10269000
7862000
10263000
11913000
7148000
6577000
7787000
8174000
7292000
9057000
16315000
7562000
6775000
6989000
13982000
6915000
7154000
8077000
9686000
6897000
5632000
19693000
7267000
5206000
5068000
11826000
5261000
5769000
6707000
5905000
6601000
6749000
7752000
6624000
14486000
6667000
6264000
10953000
25825000
150374000
203923000
204715000
204495000
207923000
202607000
206484000
202703000
204462000
204007000
205158000
202529000
207387000
203633000
203128000
208089000
203362000
203496000
202594000
212876000
196736000
205932000
215943000
204698000
194991000
202651000
202296000
206668000
202475000
206271000
202899000
204785000
206057000
202532000
205112000
204438000
205697000
208363000
199056000
206432000
202652000
204584000
204414000
204608000
106343000
8732000
6600000
6159000
8399000
7722000
5736000
5801000
7259000
5627000
10477000
6170000
7626000
16564000
8176000
7115000
10603000
9623000
6797000
8280000
10410000
8934000
8077000
13114000
8378000
5912000
6759000
7547000
13723000
6330000
10009000
9408000
11737000
9252000
15432000
8895000
9130000
6788000
10805000
8465000
6682000
6939000
9114000
9671000
8657000
13459000
9441000
5896000
9209000
12012000
15256000
9415000
10265000
18335000
9930000
8663000
7884000
7838000
13105000
7952000
7522000
5528000
7023000
6513000
7029000
5617000
12791000
10166000
7343000
6654000
8054000
10634000
5512000
8400000
9239000
9230000
7591000
8217000
13559000
7988000
8747000
8989000
11629000
10426000
8823000
7992000
9229000
5616000
6664000
10286000
8687000
7294000
5539000
11553000
9876000
9902000
6894000
5383000
8329000
6333000
5902000
13025000
5358000
6383000
4636000
5862000
23692000
10912000
5966000
4402000
15120000
6792000
10171000
13584000
25327000
5707000
6981000
5610000
7067000
9889000
8492000
16168000
10475000
7302000
7252000
17088000
6103000
9420000
5394000
6863000
5462000
8086000
6990000
23472000
5685000
6807000
8299000
7811000
8287000
6523000
8418000
7174000
5673000
8526000
13099000
9152000
7694000
12072000
9945000
7299000
7793000
7904000
9303000
8788000
7797000
16937000
7075000
7751000
9830000
9817000
7645000
10284000
6643000
11203000
7415000
6270000
9352000
8718000
6699000
7213000
16135000
6712000
7538000
8087000
8255000
9293000
5757000
11045000
6256000
10107000
6084000
12263000
11477000
7033000
9735000
6511000
11166000
7399000
5961000
12676000
8493000
6444000
6767000
15751000
10912000
5779000
5926000
10388000
6481000
7745000
16003000
8582000
5496000
11079000
11726000
9687000
8188000
9751000
7048000
6605000
9591000
9152000
6268000
5881000
6026000
9098000
9616000
5524000
8871000
4493000
6612000
6620000
5831000
5959000
6117000
13739000
8142000
4690000
4677000
8296000
9269000
30515000
18594000
14280000
6156000
5053000
4490000
4588000
11865000
5596000
6123000
5302000
4428000
4806000
4616000
5440000
4871000
4682000
5013000
10792000
12821000
6802000
4619000
11522000
7675000
4726000
8559000
5062000
5980000
5379000
6610000
4769000
4532000
10158000
11224000
4815000
4495000
11234000
8528000
4951000
7265000
6013000
4950000
4801000
5603000
4895000
5835000
4525000
9019000
9826000
7972000
5406000
4970000
13448000
8024000
5586000
5853000
6484000
7793000
5811000
6099000
11582000
8904000
4444000
4849000
4751000
7561000
9662000
5954000
8930000
4622000
4654000
4615000
5395000
5951000
6053000
9345000
8510000
6389000
4906000
4478000
13565000
8580000
6826000
6115000
4666000
4526000
6848000
4556000
6044000
6090000
8825000
9061000
6452000
6386000
8936000
9784000
6012000
9170000
4501000
5929000
5433000
4656000
6330000
6227000
9962000
9723000
6291000
5230000
4586000
9806000
5794000
4685000
15611000
24922000
26360000
14591000
14413000
22382000
7424000
26321000
12058000
8109000
9977000
10695000
12198000
5564000
8353000
4525000
6233000
5957000
6033000
5631000
9325000
9432000
6141000
5495000
7106000
9225000
4886000
10604000
6341000
4741000
5865000
6634000
6486000
6394000
6208000
9522000
6341000
4895000
6110000
8686000
6070000
6102000
8912000
6273000
4793000
9412000
4908000
4748000
11025000
7053000
7543000
6206000
4680000
10713000
5707000
4890000
10057000
5630000
4810000
6090000
5339000
4672000
4659000
10626000
10782000
4776000
4807000
5870000
4519000
9660000
4822000
4578000
5427000
4427000
4645000
4712000
5773000
4601000
4708000
5400000
8927000
10085000
4595000
4732000
4864000
6765000
8997000
4962000
8097000
6122000
7134000
7168000
6236000
6198000
6540000
11481000
8156000
5113000
5327000
10932000
6747000
6145000
6422000
6263000
8538000
7995000
6153000
4852000
12106000
9162000
6237000
4636000
10081000
8705000
4929000
9330000
5026000
4800000
4463000
7756000
6080000
7478000
9936000
8585000
7053000
4345000
9204000
9803000
4890000
7679000
4437000
5265000
5464000
6741000
4770000
6034000
4833000
7679000
9539000
6956000
6291000
7905000
5549000
5665000
8533000
4823000
4665000
5411000
6624000
6269000
4870000
6090000
9197000
9475000
4964000
6283000
5823000
8973000
6178000
4602000
7047000
5487000
4678000
9341000
4504000
5938000
6499000
10878000
7392000
4309000
4365000
7198000
9767000
4931000
5705000
8997000
5930000
5800000
5630000
5889000
4659000
4707000
7860000
11789000
6194000
5865000
5841000
9194000
5077000
4997000
8176000
5157000
6040000
4600000
13360000
4661000
7824000
5582000
5753000
4603000
4818000
4513000
8169000
9192000
4799000
4874000
4781000
4525000
6360000
6616000
6021000
4864000
4461000
10363000
9427000
6011000
6000000
4900000
9247000
4875000
6027000
10688000
6304000
4841000
7741000
7555000
4715000
12163000
8118000
4496000
7377000
9021000
11209000
6119000
7599000
5762000
4648000
6822000
5822000
8042000
5921000
7592000
7821000
5600000
5160000
4838000
10381000
8125000
6812000
7474000
5490000
5958000
9658000
6256000
10736000
12005000
13160000
5398000
7230000
10232000
8299000
5509000
9822000
15105000
13156000
8924000
6127000
6124000
9554000
11898000
13559000
12425000
31771000
8143000
8055000
5585000
5383000
10972000
5755000
7763000
6244000
4645000
4678000
8420000
4802000
31986000
5129000
4437000
4832000
10641000
4785000
4662000
9977000
4572000
6408000
6346000
4979000
4695000
4372000
5433000
6432000
9579000
6607000
4517000
7175000
5725000
10760000
12555000
8252000
6066000
6602000
4656000
4837000
8290000
12004000
4888000
4828000
4670000
7816000
10362000
4732000
10206000
6250000
4887000
7495000
7019000
4721000
9026000
6798000
5299000
6155000
6209000
4768000
6500000
6794000
6047000
7010000
5531000
5930000
12256000
4831000
4670000
12934000
8903000
4786000
4452000
4746000
7473000
8996000
4457000
5936000
5002000
4650000
4790000
7507000
6355000
5317000
8558000
7486000
6541000
4887000
8541000
9441000
4837000
8856000
10885000
8710000
4899000
7679000
9326000
4605000
7312000
10172000
5955000
5027000
4440000
10008000
7715000
4817000
7236000
6308000
6339000
7858000
4591000
5880000
11954000
6822000
5491000
4671000
4652000
5867000
8546000
8601000
8289000
4237000
5803000
6337000
5623000
5102000
4086000
4139000
10084000
7047000
4821000
4115000
3994000
5600000
10028000
4385000
5979000
8445000
6092000
4575000
7735000
5929000
4975000
6991000
9877000
5999000
5657000
6873000
7399000
6116000
9627000
5109000
4692000
4923000
6587000
5496000
5750000
6890000
4745000
10183000
13226000
5946000
4509000
8029000
9238000
15875000
21154000
6049000
7540000
10119000
6688000
4857000
5108000
6497000
10827000
5482000
6329000
8996000
4806000
4702000
6748000
4976000
6276000
6220000
8354000
8841000
4679000
5284000
6191000
9903000
5475000
6162000
8424000
4695000
4493000
4556000
5913000
5842000
5917000
6327000
7497000
6197000
6046000
4619000
4541000
9093000
7502000
4701000
4619000
5508000
5851000
4669000
6869000
7178000
18119000
17634000
9691000
9969000
21515000
4715000
4738000
6465000
4778000
4962000
5778000
10155000
11169000
6381000
6818000
11896000
6226000
8874000
4634000
4469000
7782000
6293000
4826000
4789000
6148000
8483000
9430000
5070000
4681000
6149000
10770000
4901000
4860000
9157000
4459000
6067000
4414000
6965000
6139000
6585000
8598000
5723000
5257000
4624000
6402000
4725000
8697000
4582000
6346000
8731000
4832000
4887000
4623000
4689000
4721000
4895000
4738000
24168000
11042000
10880000
5409000
4527000
6169000
6359000
9464000
9398000
23623000
5354000
7525000
6160000
4770000
16363000
9118000
8529000
5901000
5608000
6201000
4809000
4495000
9800000
5632000
10420000
4836000
4806000
7717000
9818000
6409000
5711000
6094000
4936000
29629000
7439000
6248000
6473000
6372000
6275000
8828000
6925000
6901000
6240000
6844000
6345000
5855000
4717000
4835000
4789000
9206000
7837000
4748000
4509000
5153000
19797000
10818000
13928000
16845000
10189000
8137000
6600000
4601000
4513000
4546000
4409000
8245000
6513000
4426000
10692000
5849000
5937000
5651000
4754000
6410000
10426000
11725000
4979000
4604000
5134000
11582000
6832000
8335000
4462000
5756000
4324000
7319000
4521000
4411000
5591000
8563000
9436000
5233000
5780000
4592000
8546000
9183000
7101000
5215000
8465000
9143000
6670000
13060000
15164000
5539000
4610000
4883000
4462000
10129000
6391000
4483000
8701000
5963000
6592000
7259000
5963000
5562000
9697000
5634000
6822000
5876000
5657000
8831000
9623000
5838000
8861000
4240000
4546000
8493000
4803000
4511000
4378000
6316000
12006000
5132000
4269000
6032000
10655000
8964000
5695000
8474000
5952000
5150000
4785000
6404000
4357000
4521000
9651000
9051000
5654000
6233000
4382000
7789000
10215000
4522000
7401000
4462000
4539000
4686000
6336000
4385000
6189000
5813000
9028000
10401000
6041000
4760000
4476000
10073000
5032000
5733000
6504000
8430000
5824000
5297000
6038000
5723000
4988000
8923000
11341000
4537000
5817000
5693000
8642000
4860000
4683000
7844000
7858000
6194000
5232000
6921000
10549000
7805000
8487000
7207000
4586000
4540000
7873000
8027000
5854000
9095000
5949000
4591000
7491000
5376000
5720000
4589000
7096000
8275000
4701000
4644000
4495000
5771000
10350000
5335000
4434000
4641000
7618000
4462000
5987000
5873000
6343000
4513000
4564000
14092000
8050000
4450000
6058000
11169000
5227000
5805000
8918000
5783000
6084000
7513000
6793000
5021000
6672000
7538000
8717000
4468000
5867000
4554000
10022000
4708000
4617000
4604000
5076000
4667000
4447000
6111000
8278000
6197000
4672000
11267000
7598000
5867000
4632000
5269000
15341000
5996000
6837000
4736000
5798000
4612000
5753000
4553000
5686000
6396000
6885000
9742000
5795000
5311000
4544000
10385000
5979000
4448000
21581000
7991000
4519000
5847000
7025000
14263000
4553000
15431000
29102000
13158000
7719000
4532000
43989000
10837000
5112000
4311000
7071000
8195000
6112000
5716000
4800000
4823000
4618000
9064000
7251000
5004000
7064000
4340000
5943000
8650000
4910000
6030000
8732000
6060000
4492000
4319000
5769000
4456000
4583000
4949000
8329000
6477000
6637000
4685000
5833000
6849000
5900000
4955000
4351000
6210000
4367000
6239000
4571000
6524000
6386000
4534000
4574000
10202000
9137000
4737000
6565000
8435000
10966000
4249000
6491000
4877000
4489000
6290000
6380000
4300000
4072000
4508000
8580000
6901000
5652000
4723000
4604000
4431000
6985000
8859000
4704000
10318000
5514000
8123000
6198000
8002000
5038000
10445000
6172000
5949000
5115000
5874000
8201000
9108000
6052000
9156000
4797000
8089000
4679000
5959000
8917000
13068000
7661000
6095000
6155000
4763000
8912000
5353000
5815000
10238000
6209000
5903000
7483000
5815000
5982000
11389000
12950000
4806000
4350000
7849000
9073000
6146000
8766000
5675000
6202000
5822000
6260000
5718000
4593000
11845000
8280000
10206000
10352000
9040000
4533000
5120000
7452000
4459000
6224000
6275000
6187000
4938000
4658000
7846000
9529000
6627000
7675000
7789000
8934000
4905000
5193000
5835000
6016000
4723000
5725000
4715000
4401000
6121000
10289000
10037000
6681000
4645000
14652000
15317000
13344000
5200000
6470000
5208000
5695000
9606000
5418000
5215000
6179000
9468000
23775000
14129000
21817000
11113000
6862000
6336000
4939000
6517000
4676000
7418000
9923000
6059000
5076000
4414000
4442000
4442000
6595000
5611000
4781000
4304000
5439000
5269000
6746000
7604000
4610000
5453000
5029000
13101000
8493000
4762000
6152000
5133000
14635000
6706000
8181000
7264000
10251000
25829000
7906000
6455000
12794000
9740000
6117000
6270000
9565000
12137000
4885000
6494000
11985000
5434000
5953000
6246000
4639000
6806000
7943000
6670000
6038000
11127000
6468000
6550000
5068000
4735000
4743000
10579000
6995000
4793000
7782000
5934000
6198000
5385000
5995000
4617000
4696000
10011000
10512000
7014000
6554000
8437000
9500000
5742000
4214000
3975000
4376000
5536000
6671000
5478000
3839000
3884000
10612000
7396000
9197000
6224000
7072000
5081000
8486000
11025000
5496000
5364000
5502000
8235000
8153000
5673000
9354000
9361000
6104000
5966000
8667000
7542000
7431000
5963000
7982000
5895000
7785000
4866000
6123000
5068000
8923000
8947000
4805000
5537000
5168000
10905000
5758000
6375000
6176000
7394000
4642000
6047000
8815000
10080000
9005000
8093000
8040000
5149000
8855000
8962000
5443000
4741000
5596000
5999000
4476000
6550000
4623000
4595000
4618000
5003000
5578000
8235000
5189000
4559000
4498000
4547000
8865000
6341000
4981000
7052000
4712000
6040000
7834000
4987000
5786000
4524000
9869000
7227000
5311000
5941000
4712000
8806000
8143000
4031000
3794000
4744000
3939000
6293000
4079000
7213000
3954000
5983000
13482000
6001000
4975000
5817000
4916000
4547000
10207000
7836000
6050000
6598000
4950000
4567000
6868000
7120000
6082000
6636000
5809000
5823000
7944000
7286000
8275000
11321000
5907000
4800000
6815000
5826000
10186000
4574000
7020000
7542000
5290000
10486000
6612000
8983000
10221000
5577000
6289000
8804000
6033000
6335000
7106000
4734000
5976000
11576000
10563000
5226000
4732000
6003000
9490000
8116000
5743000
5401000
5944000
7400000
8207000
5468000
4653000
9409000
7313000
5307000
4710000
6192000
6183000
8301000
5150000
5215000
9489000
4640000
4610000
8089000
6235000
4663000
5061000
9605000
5805000
6091000
4484000
4401000
4463000
10114000
5165000
4301000
6348000
5885000
4928000
6747000
5617000
4843000
4788000
4718000
11864000
8413000
4939000
5983000
9149000
9233000
5435000
8330000
4818000
4689000
4726000
7472000
4530000
5974000
9772000
7998000
6749000
4502000
5745000
8662000
9042000
4698000
7176000
5808000
5679000
5121000
6350000
4552000
4619000
15645000
7211000
4433000
4944000
6084000
11615000
4830000
6486000
8032000
6220000
7558000
6888000
4913000
6252000
11198000
20130000
12380000
8865000
6324000
6195000
4543000
8058000
7526000
5156000
4659000
4661000
8403000
9678000
6029000
6060000
4648000
7364000
9186000
6311000
5054000
5435000
6329000
4759000
6295000
4691000
4844000
4574000
9044000
5529000
7049000
4731000
5313000
4952000
13143000
4616000
4820000
4423000
4828000
4747000
4603000
7247000
8067000
4746000
7322000
6050000
4996000
4924000
4380000
4793000
8085000
10655000
6154000
5174000
6159000
5357000
4810000
5068000
5434000
4824000
10765000
8108000
6284000
6138000
4871000
7884000
9600000
6226000
15078000
5010000
6403000
4695000
5706000
21981000
11972000
4794000
9370000
8666000
6427000
5458000
7985000
6337000
4784000
4699000
4790000
4644000
6919000
11505000
5408000
5941000
4825000
13813000
7076000
5899000
9441000
5228000
5608000
5937000
4447000
6175000
4940000
14035000
6137000
6203000
5794000
11624000
6427000
4762000
6914000
4867000
5925000
9681000
7926000
4683000
9181000
10988000
5709000
5656000
3906000
7225000
8954000
3729000
5645000
4902000
5247000
4143000
4025000
8422000
6316000
5047000
8215000
7579000
6887000
6424000
6309000
10515000
7663000
4788000
4945000
5531000
5770000
9088000
4983000
5399000
5571000
11899000
6771000
4629000
4677000
5081000
7701000
9038000
4879000
7141000
6134000
4683000
4722000
8672000
4763000
4600000
11280000
7806000
5225000
5202000
4802000
4688000
8943000
6984000
4650000
11627000
4754000
4703000
7866000
5981000
18725000
7923000
6752000
7861000
11003000
9307000
9130000
5718000
5696000
7285000
7130000
6429000
12664000
6214000
7370000
5874000
6656000
10266000
7197000
5436000
7779000
6141000
7039000
6456000
5945000
4980000
11575000
6867000
8066000
6167000
5737000
9514000
6787000
4787000
5336000
4414000
4481000
4538000
5761000
5188000
6101000
4669000
12915000
5858000
6299000
6886000
9120000
8904000
5915000
5412000
4641000
4859000
4631000
5286000
6370000
7197000
4746000
11795000
6084000
4882000
6552000
5123000
10580000
6184000
4396000
9753000
5838000
5942000
4595000
5941000
5857000
7928000
6205000
9479000
7989000
6019000
7906000
8751000
7068000
6159000
4783000
6256000
6691000
5925000
6124000
6375000
8460000
6753000
4578000
4629000
6072000
4483000
9376000
6353000
4600000
5352000
5224000
5024000
4441000
9325000
9260000
16527000
6418000
4561000
6342000
4522000
10041000
7939000
4608000
7250000
4407000
4772000
4776000
5964000
4299000
4831000
12123000
7691000
5959000
5667000
5796000
4132000
8517000
5821000
4538000
8878000
4883000
6138000
4350000
5190000
4513000
6078000
9690000
9042000
5783000
6106000
5768000
6957000
9162000
4879000
7317000
6757000
4769000
4775000
5676000
4984000
6320000
10039000
8045000
8111000
6726000
10428000
10574000
3948000
7307000
6199000
6441000
8080000
4288000
5834000
4429000
17713000
5231000
4554000
5923000
8095000
9896000
5025000
7836000
5988000
6407000
7923000
6237000
5938000
4702000
7374000
5306000
5102000
33240000
8306000
4551000
4975000
4520000
8130000
5381000
7466000
11697000
11428000
5320000
8168000
7780000
8825000
9298000
5992000
4955000
4510000
8214000
4725000
4559000
6159000
9616000
4933000
6642000
4540000
7790000
7529000
9133000
6089000
5900000
5909000
7650000
6857000
4426000
5914000
6395000
9262000
9151000
4733000
7494000
4922000
9177000
5015000
4770000
6123000
4450000
6057000
5520000
6177000
6067000
4704000
4928000
8218000
6788000
6812000
4522000
5194000
7890000
9061000
6071000
5435000
7564000
7857000
6266000
6008000
5578000
11376000
12020000
4762000
4684000
8478000
5381000
10073000
6349000
4984000
4574000
4321000
6551000
5263000
4812000
4827000
4847000
8239000
21787000
21515000
4651000
5829000
4210000
4817000
4646000
6503000
4519000
4635000
6016000
10152000
6515000
5292000
4579000
9021000
10372000
6056000
5930000
5098000
5797000
4817000
4787000
6373000
4767000
4815000
11809000
7867000
7516000
4590000
4532000
4611000
8646000
7897000
4398000
6983000
5740000
5391000
6932000
4588000
4637000
6726000
10885000
9034000
6211000
5928000
8842000
10388000
4686000
6220000
5913000
5992000
7840000
5007000
6090000
4439000
11072000
6498000
7231000
4873000
5068000
11636000
9884000
7309000
5636000
4579000
4475000
5092000
6055000
4260000
4532000
8116000
11702000
6183000
7167000
4930000
8636000
6442000
10334000
5793000
5790000
8181000
6856000
6025000
10956000
6208000
5293000
6854000
5934000
4770000
9026000
10945000
10689000
5571000
6094000
8839000
4563000
6320000
10355000
9981000
6171000
4476000
6617000
8261000
6727000
4935000
7805000
4777000
4770000
4739000
5127000
4995000
6819000
6169000
5731000
12051000
4646000
4701000
4740000
9474000
6882000
4505000
6632000
4531000
4782000
6044000
5340000
4561000
5937000
7434000
5719000
4726000
5312000
4653000
4578000
4549000
6975000
9210000
9613000
5528000
5056000
4515000
4427000
4758000
7808000
6033000
10331000
7884000
5700000
4735000
4758000
8055000
9086000
7092000
5317000
6740000
6452000
9693000
4769000
5975000
6694000
7685000
10081000
12892000
9944000
8601000
4532000
5862000
5110000
6147000
8125000
4832000
4462000
4729000
4733000
6050000
10337000
4683000
5854000
4897000
10311000
6974000
4709000
6490000
5737000
7169000
6047000
5972000
7890000
5754000
5873000
6417000
6756000
6464000
4524000
7001000
9128000
5543000
6669000
6380000
19819000
5410000
4733000
10193000
6289000
6745000
4926000
6132000
7043000
9048000
6300000
10121000
5910000
5627000
6665000
4895000
4493000
4324000
13507000
9229000
4722000
4640000
4841000
9087000
5872000
6650000
5757000
5606000
6090000
6786000
6195000
4837000
5963000
11374000
5921000
4363000
6863000
5834000
7239000
9665000
8223000
8448000
4993000
4740000
5397000
6195000
4754000
4633000
15110000
4928000
4795000
6010000
8653000
9070000
6298000
7787000
4361000
4713000
4999000
6802000
6298000
4630000
6490000
5802000
9584000
4962000
6561000
9479000
9537000
4680000
7592000
5690000
6272000
4695000
5442000
7052000
6114000
7932000
8094000
5940000
4693000
4885000
6140000
8497000
6725000
4460000
8493000
6280000
7085000
6667000
4711000
4570000
5656000
7972000
9734000
4698000
4444000
4688000
7715000
8821000
6338000
8947000
6459000
4649000
6733000
6259000
4968000
12149000
6024000
10334000
5351000
4530000
11622000
6528000
4581000
5514000
4615000
7736000
4835000
4756000
5225000
4666000
4894000
9068000
6428000
6497000
5056000
4442000
8446000
9234000
6110000
5052000
4666000
7070000
4254000
6447000
5802000
6299000
11907000
11107000
6301000
6448000
8287000
12762000
4563000
5423000
5642000
5765000
4529000
5823000
4622000
4476000
10679000
8396000
6025000
5789000
7381000
15729000
6103000
9039000
5648000
7306000
8003000
4577000
4117000
13382000
9940000
6417000
4254000
4715000
10285000
6363000
5869000
4889000
5669000
5873000
4451000
6140000
5594000
4530000
6056000
6623000
6812000
4676000
6225000
4733000
4632000
8669000
6358000
9703000
5785000
6093000
6186000
5036000
4561000
4990000
4599000
15494000
4745000
4590000
5924000
4502000
9636000
9335000
5793000
4610000
5278000
6144000
4434000
6122000
5885000
4884000
7636000
6537000
7839000
4838000
4664000
4471000
10275000
6053000
4490000
9840000
4350000
5708000
6255000
4417000
5885000
5904000
9118000
6292000
6044000
6193000
4544000
8045000
9138000
4516000
4730000
5358000
6146000
4828000
6911000
6109000
6029000
4393000
9065000
8053000
5144000
8650000
13427000
7564000
9777000
5105000
5630000
6152000
6613000
7541000
6029000
9311000
9835000
6054000
6413000
8926000
7185000
7362000
8652000
4322000
6925000
4036000
4097000
4187000
5400000
4029000
10906000
9918000
4495000
4456000
8114000
8163000
6627000
8650000
4440000
4961000
4493000
4687000
6670000
4698000
4204000
4622000
11947000
5711000
41128000
16241000
4606000
5337000
4437000
7785000
5367000
13087000
8181000
6428000
4295000
9711000
6664000
4490000
7568000
25494000
4522000
6169000
10278000
6906000
6595000
5101000
11099000
9813000
6111000
8039000
4512000
4209000
4468000
6319000
4331000
4573000
8453000
6889000
8933000
4586000
4255000
7621000
9772000
7136000
4245000
6066000
5591000
5701000
5263000
4781000
4341000
4184000
6142000
9151000
9616000
5999000
4529000
6295000
13977000
6033000
7982000
8274000
4284000
5671000
5775000
4428000
6378000
15827000
5075000
4715000
6019000
6797000
11791000
6448000
5311000
5861000
4762000
4442000
10025000
4566000
5779000
16307000
5124000
4215000
6130000
4445000
9627000
7745000
6194000
5589000
6218000
5776000
7920000
6002000
5859000
9032000
8437000
8894000
4638000
4526000
7297000
9173000
4777000
8345000
4296000
4384000
10472000
5765000
5021000
4563000
8178000
8882000
5173000
4203000
5645000
4522000
6935000
7900000
4497000
7226000
5935000
5163000
4416000
16398000
13890000
7459000
7121000
8079000
8910000
9018000
4515000
5215000
5135000
4457000
4254000
4500000
5988000
5217000
5912000
4749000
8898000
9329000
5784000
5910000
9363000
8943000
5857000
10921000
4801000
6326000
9884000
6225000
4615000
7568000
11433000
6003000
5403000
6300000
9029000
6667000
5745000
9347000
4432000
4382000
8102000
6131000
6223000
5929000
5718000
6393000
6966000
7107000
4801000
8449000
8578000
6093000
6401000
4579000
5838000
7614000
6275000
4443000
4455000
10156000
5988000
5368000
4896000
4814000
9632000
9607000
4687000
6229000
5886000
5771000
5991000
5804000
4577000
6772000
12684000
9936000
8718000
5675000
6891000
9617000
5235000
11436000
4923000
6346000
5740000
5214000
6203000
10109000
9041000
6636000
4847000
4545000
4428000
8632000
8495000
4407000
6633000
6042000
6052000
5389000
4662000
4772000
5268000
8266000
8833000
5228000
4453000
5143000
10249000
9051000
7615000
6381000
7311000
5994000
8137000
4890000
4304000
6178000
7269000
9940000
4577000
4524000
5995000
9531000
8285000
6662000
6624000
4772000
4920000
4147000
5105000
4815000
4468000
11056000
9355000
8435000
4409000
6059000
10300000
6668000
7580000
5942000
4304000
4585000
4319000
5315000
4609000
5929000
10600000
9704000
6312000
5600000
4668000
7367000
8862000
4083000
3793000
7013000
5746000
18812000
17890000
18508000
11018000
9038000
6840000
6357000
5196000
6082000
4789000
8661000
4739000
7322000
10092000
5267000
12023000
4799000
5986000
10395000
7049000
4575000
7430000
7232000
4694000
5832000
6853000
5261000
4594000
10497000
12070000
7212000
4729000
10275000
9941000
4738000
5253000
7887000
4449000
33672000
26114000
28599000
11919000
9128000
8621000
25846000
10722000
20515000
4111000
4625000
6387000
4026000
4089000
7149000
3971000
39253000
6186000
4692000
6062000
9572000
5089000
6244000
9026000
6930000
7757000
7747000
27242000
13778000
15421000
8199000
7448000
8604000
7373000
5528000
6539000
16361000
13281000
8410000
10712000
9238000
7630000
10975000
9824000
8659000
7164000
21384000
9235000
11611000
14427000
9659000
7976000
7707000
18981000
11592000
9073000
8095000
7130000
13991000
10993000
15791000
8975000
7785000
5523000
15477000
7843000
10369000
12842000
8247000
8773000
7775000
10440000
8155000
9345000
13644000
8210000
8189000
7731000
11220000
7328000
7604000
5539000
7376000
8048000
6833000
18376000
7284000
7680000
6883000
5710000
8691000
8694000
5052000
5229000
6877000
5237000
8528000
8148000
5928000
8898000
15438000
8802000
14015000
7266000
11347000
6533000
8003000
9144000
8450000
14026000
6704000
9270000
6993000
14111000
5514000
9905000
5817000
7013000
9932000
5684000
5523000
17243000
8062000
5653000
6270000
13589000
5599000
13380000
5976000
8472000
7630000
8312000
16189000
6808000
8433000
13101000
11253000
9460000
7562000
9820000
6717000
6988000
15499000
9231000
7922000
6603000
15198000
11105000
6541000
10503000
7274000
7792000
12156000
12573000
6867000
9126000
15599000
8032000
7392000
10961000
10267000
7966000
14801000
11159000
5649000
47960000
4881000
5208000
4635000
7814000
17328000
5686000
8730000
28497000
15112000
6802000
5847000
8205000
4755000
9311000
9358000
5571000
6201000
5957000
15845000
7414000
7390000
7967000
7797000
8118000
6726000
15105000
8797000
6830000
7642000
8887000
10661000
8280000
6909000
7298000
6762000
7427000
13885000
32646000
21391000
9151000
6772000
8771000
8149000
7014000
15097000
6464000
7735000
7046000
14741000
9489000
8624000
8584000
9411000
6967000
12474000
14282000
7586000
6489000
13323000
9027000
7067000
6681000
5453000
7007000
6956000
9345000
15004000
6798000
8457000
8924000
11473000
8351000
8265000
5569000
8203000
7293000
7912000
12838000
8677000
7866000
8835000
13934000
6809000
7663000
5396000
8618000
8484000
7847000
7634000
11903000
6355000
5896000
5674000
7612000
8926000
5445000
9950000
6583000
5585000
7473000
9156000
5950000
14049000
9082000
6861000
13721000
11664000
7327000
6867000
7414000
7627000
7316000
6629000
10618000
11192000
8174000
6357000
13790000
6239000
7145000
14658000
8919000
7929000
12777000
9607000
7094000
7054000
7881000
9810000
6545000
8948000
7833000
5723000
7254000
6476000
7339000
11210000
7129000
6408000
8037000
17317000
6583000
9990000
7143000
8497000
7078000
7749000
12570000
12972000
8481000
8773000
9026000
7898000
10254000
5677000
10034000
7983000
8322000
17594000
6730000
6289000
13104000
8920000
6024000
6766000
7677000
10217000
5318000
6904000
12913000
13212000
7897000
13646000
10201000
7260000
7711000
6873000
10192000
8516000
14001000
13527000
7137000
14285000
9070000
8371000
8923000
7168000
6348000
5845000
6133000
12966000
7081000
8418000
5887000
8370000
10446000
9548000
7541000
7265000
9560000
5153000
5541000
12594000
13566000
5423000
5677000
11395000
17848000
8319000
6108000
33299000
12208000
6979000
5271000
11262000
6678000
9681000
14910000
9146000
9856000
10483000
9457000
30814000
9492000
12282000
9003000
8280000
10813000
10025000
12550000
9399000
5728000
10365000
9929000
8083000
6392000
8929000
6822000
5722000
5729000
11036000
11022000
5337000
6850000
9807000
8945000
5662000
6652000
7860000
7521000
9580000
7675000
11231000
8396000
11516000
7781000
16569000
8323000
7733000
7019000
5708000
7992000
8822000
12167000
11987000
5633000
9356000
14894000
9224000
5683000
6491000
5636000
10628000
8242000
12788000
11130000
6544000
6578000
15510000
12562000
8566000
7733000
7957000
7980000
11369000
10883000
11032000
6062000
32669000
13761000
17742000
17910000
8205000
6648000
13519000
10166000
8722000
8152000
6499000
7896000
5895000
8735000
10138000
7772000
5012000
4765000
4729000
6573000
12654000
12607000
6970000
7066000
5447000
7034000
6467000
15736000
7884000
6579000
6914000
13570000
6387000
7666000
5462000
7911000
9947000
6917000
11224000
12303000
6523000
7095000
12098000
8278000
4804000
5937000
6049000
4496000
4630000
5534000
4585000
4567000
5959000
13353000
9879000
6757000
13876000
11030000
6356000
10283000
8004000
10384000
5431000
13480000
9128000
7526000
7648000
10115000
8383000
5605000
6498000
35584000
18812000
9622000
11660000
11718000
6954000
12171000
6849000
6828000
6983000
6785000
10699000
9196000
8799000
6977000
16265000
9771000
9040000
8327000
6533000
8831000
7387000
15842000
8150000
5770000
8877000
11223000
10419000
22948000
12753000
12530000
12243000
8797000
10756000
9849000
10491000
7922000
11837000
5988000
6057000
5151000
10084000
9562000
7684000
5905000
18528000
8496000
6929000
9232000
8436000
6216000
6486000
13810000
8986000
7212000
27077000
12009000
7900000
8042000
7301000
5834000
5510000
7987000
8347000
8845000
13545000
10945000
9873000
7660000
13514000
7987000
5627000
11742000
8135000
5498000
6123000
4469000
12685000
6862000
5254000
4530000
4959000
5571000
4435000
7993000
5813000
6296000
8377000
6444000
6585000
5977000
9188000
16854000
8867000
7957000
9274000
11168000
7041000
6373000
8950000
10890000
6543000
5696000
13716000
7954000
6583000
5795000
5631000
6956000
5400000
5001000
6587000
8726000
6341000
7231000
4361000
5943000
7397000
9119000
4558000
5007000
6293000
6032000
6066000
9352000
7010000
6792000
10041000
10035000
9198000
9050000
10768000
9297000
7265000
6385000
8259000
7944000
10946000
14305000
6965000
7196000
6665000
13757000
8154000
7362000
7693000
10839000
6452000
6852000
18098000
8625000
6684000
12989000
10315000
13495000
6603000
7307000
9498000
8679000
14444000
8157000
7625000
8991000
11620000
11648000
8240000
7974000
7207000
7626000
6182000
15706000
7194000
5689000
11815000
10903000
7497000
5063000
6739000
8126000
7776000
7708000
10936000
13340000
8566000
11395000
12966000
8967000
8064000
6798000
7002000
7575000
18272000
9079000
7744000
7644000
16563000
8634000
9217000
9737000
10581000
7468000
18275000
7563000
8086000
11360000
14996000
8580000
8002000
5885000
6417000
6667000
7511000
15832000
7644000
10104000
17282000
9855000
6114000
7528000
9162000
9838000
13570000
9150000
7019000
8004000
9073000
8875000
7596000
6992000
13858000
131076000
205861000
203389000
204333000
204599000
204445000
205190000
203808000
204932000
204068000
204458000
206555000
202789000
204548000
204849000
204596000
204381000
204312000
204808000
204203000
204701000
208271000
200744000
204581000
204374000
204545000
204323000
204820000
206407000
202654000
204843000
204251000
204844000
204116000
204504000
204466000
204765000
204703000
204376000
204376000
204598000
204590000
204575000
204511000
204104000
205739000
203750000
205996000
203190000
204457000
204082000
209744000
209253000
196800000
202980000
204418000
204319000
207214000
206835000
199324000
9030000
7120000
6920000
5222000
16037000
6142000
7010000
5127000
6717000
6874000
6782000
6593000
9083000
6749000
8518000
6827000
5093000
10355000
8096000
6310000
6858000
7918000
5269000
6205000
7056000
7284000
29971000
20590000
6660000
8630000
6342000
5179000
7269000
5059000
6310000
12073000
10065000
6660000
6901000
11687000
11347000
5330000
9318000
8344000
8245000
8769000
10333000
11797000
8229000
7747000
12376000
6781000
6399000
6869000
6701000
11415000
24214000
14777000
5829000
15194000
9394000
7582000
7617000
8034000
9893000
7170000
6573000
7764000
10453000
6540000
6618000
11523000
10349000
7628000
7311000
7761000
9930000
7327000
11504000
8656000
9752000
6619000
12574000
9320000
7779000
6704000
6855000
6882000
6325000
7565000
9954000
8464000
4749000
4380000
5665000
5377000
9233000
9671000
8377000
4943000
6856000
10779000
7666000
7490000
11655000
8821000
7963000
18019000
16268000
7390000
7977000
6804000
9273000
10592000
13188000
7468000
5761000
11547000
9268000
14301000
7176000
9570000
6962000
7957000
18875000
8661000
8248000
11187000
9746000
7961000
7393000
6705000
6785000
5543000
7489000
13077000
9933000
7897000
5705000
12947000
7958000
12212000
6721000
8870000
5306000
7839000
13940000
9622000
8711000
10856000
10422000
10009000
6693000
6945000
7571000
5846000
6260000
19372000
7373000
7270000
10331000
10716000
7433000
12974000
7844000
10505000
7859000
8660000
9305000
7277000
6914000
9818000
10413000
6961000
8849000
7053000
9285000
9092000
7806000
9140000
6261000
8403000
4838000
11620000
8743000
4627000
9207000
6760000
7147000
7444000
10819000
20402000
8412000
19673000
12156000
9606000
5453000
8245000
8390000
8801000
13871000
11959000
8079000
13671000
9111000
11897000
6302000
5659000
11321000
8882000
20728000
5765000
5460000
10045000
11734000
8672000
9873000
6803000
7324000
10344000
11343000
9776000
5587000
6457000
11703000
11105000
5699000
10925000
7997000
10369000
9357000
12144000
13717000
5588000
8957000
15098000
5285000
16190000
15289000
7208000
14830000
11797000
10360000
12190000
9254000
10462000
8843000
12087000
37938000
10132000
14914000
6823000
6913000
7861000
8369000
7388000
6201000
6323000
8511000
13040000
4629000
6113000
10421000
8105000
5859000
8413000
6822000
6558000
10613000
8718000
15256000
12314000
6960000
13581000
10110000
13052000
8508000
8271000
5872000
10064000
13991000
8387000
17183000
14670000
7151000
6574000
7933000
9098000
8425000
6220000
13430000
10908000
11267000
14486000
14465000
7458000
6777000
6377000
4570000
6969000
16155000
8837000
7851000
13564000
8012000
12653000
6775000
10658000
7775000
7189000
18569000
8015000
8555000
11905000
13727000
12030000
7597000
8226000
8039000
6313000
10746000
9693000
7025000
17480000
11128000
5976000
8870000
7464000
7777000
6448000
6514000
18255000
5732000
6678000
13183000
10501000
9524000
5869000
8089000
7626000
6915000
13569000
11730000
6878000
8973000
15533000
6569000
10621000
6799000
7985000
7077000
5331000
11534000
8821000
10674000
9024000
15009000
12056000
7568000
7054000
8318000
7036000
8122000
11290000
9260000
8049000
10753000
11268000
7929000
8661000
18510000
7742000
24891000
13165000
26193000
27082000
7451000
7526000
12518000
10346000
8190000
10281000
10278000
9475000
8871000
7620000
9298000
9000000
12246000
6716000
8174000
7332000
13887000
9300000
11157000
6359000
12393000
6665000
8771000
17288000
6655000
6887000
11663000
9393000
8775000
6255000
5309000
6561000
7421000
6781000
6877000
15321000
7108000
7273000
5840000
15625000
8821000
9185000
6778000
11732000
7930000
16374000
11016000
5853000
10972000
10960000
5121000
10811000
6548000
8388000
7455000
7276000
14930000
21165000
11428000
10330000
9221000
7787000
6268000
8908000
6827000
6918000
7677000
5439000
5930000
8608000
6432000
9973000
8817000
7436000
8432000
6854000
17379000
40613000
15817000
10697000
7550000
6194000
9664000
21703000
13145000
8622000
6883000
22419000
11955000
21817000
7656000
12508000
6678000
10608000
6045000
9984000
6127000
15466000
6513000
6455000
8992000
7639000
10861000
13431000
7843000
6950000
13655000
7987000
6353000
10482000
8708000
5001000
8089000
10807000
8216000
7221000
6076000
5192000
15677000
4405000
4430000
6272000
7242000
5996000
18189000
15483000
10270000
7700000
10164000
13611000
8561000
10681000
15043000
8832000
20017000
9699000
5617000
12581000
8417000
5935000
9312000
5580000
8116000
7560000
5376000
7164000
8721000
6916000
7208000
7470000
15460000
5487000
7964000
5902000
6652000
9270000
8272000
7160000
10806000
12764000
7915000
12549000
9075000
9624000
8959000
6923000
7102000
5830000
5640000
14475000
8007000
5422000
7987000
10235000
8032000
7093000
9509000
5981000
9915000
6494000
7769000
16320000
24054000
22347000
20779000
33133000
9436000
9119000
17563000
8049000
6648000
5584000
7773000
8108000
6645000
8173000
13487000
6989000
6777000
9883000
8468000
12481000
7646000
6605000
7787000
5625000
8933000
18048000
7136000
7677000
8933000
11882000
6524000
6360000
5508000
7390000
7955000
7337000
12906000
9074000
6684000
7015000
6562000
15264000
7240000
5366000
7784000
7300000
7600000
5821000
5251000
10775000
9580000
7832000
8019000
16587000
7406000
7725000
11112000
6976000
7882000
8427000
29561000
13921000
22494000
23966000
5605000
12373000
14520000
6962000
11386000
10205000
6295000
6402000
29632000
5647000
15911000
7473000
7712000
11652000
13922000
7439000
7217000
7711000
7924000
6930000
12458000
19641000
9181000
16615000
7935000
7977000
6922000
6563000
9132000
5567000
12690000
11848000
6715000
6092000
14425000
7101000
8650000
7588000
6573000
8908000
7989000
11864000
16444000
7309000
5860000
14834000
7749000
5838000
6629000
6619000
7829000
6561000
6800000
12127000
7516000
6911000
7821000
10096000
10090000
8800000
7080000
7353000
6645000
6598000
8013000
9523000
9815000
5852000
9671000
14040000
7012000
6322000
6769000
9088000
9652000
5728000
6393000
8810000
11025000
8078000
6952000
13265000
8984000
7570000
7237000
7049000
9157000
7855000
11227000
10510000
6107000
5381000
9529000
9181000
4738000
5070000
6589000
4564000
6439000
8535000
8293000
14141000
12173000
7630000
7710000
12751000
6713000
7107000
7529000
6688000
9515000
7759000
13594000
13952000
8302000
12927000
10277000
5557000
5345000
8011000
7085000
9606000
5785000
19676000
8493000
6481000
14266000
9362000
8409000
7801000
9157000
8339000
7405000
17130000
9421000
7989000
14959000
10560000
9161000
6664000
5916000
9330000
7420000
6074000
8770000
9936000
10541000
6837000
14646000
7883000
6866000
5681000
5780000
7186000
7860000
7830000
7958000
11303000
8794000
7014000
14201000
9347000
14119000
9241000
6906000
6988000
18080000
5805000
7942000
11052000
13450000
10398000
7780000
8567000
7950000
6994000
11183000
17083000
5928000
14749000
9211000
8433000
8644000
6513000
7213000
5787000
10536000
10694000
6886000
7986000
6997000
16819000
10456000
7302000
9932000
11589000
7913000
14950000
10186000
7187000
9532000
13764000
10051000
6878000
5869000
9799000
6754000
12768000
9584000
8067000
6618000
29670000
24903000
31855000
39664000
12129000
8102000
7544000
5572000
9188000
17589000
5760000
7764000
5757000
10301000
6481000
40425000
7637000
9436000
9968000
7024000
7413000
15566000
13514000
5626000
6691000
9737000
6527000
7984000
15522000
8417000
8421000
12860000
11496000
6706000
5886000
6507000
7374000
7101000
8307000
10378000
9369000
10774000
7648000
12871000
7090000
5667000
6712000
6206000
8836000
8853000
15417000
10033000
6896000
6771000
11402000
8607000
11611000
7992000
9688000
11201000
6228000
12525000
8717000
6383000
6935000
16464000
10129000
8898000
8632000
10156000
5839000
7962000
8729000
11084000
6935000
5670000
9429000
9620000
8175000
7781000
9373000
7290000
7249000
11279000
9525000
5289000
7685000
4905000
7957000
10366000
8231000
6437000
14093000
34572000
34025000
20612000
5719000
6932000
6069000
7010000
5521000
17624000
5473000
6814000
9242000
10499000
6341000
8272000
5332000
5221000
6541000
5146000
6618000
13115000
8038000
5834000
5650000
5244000
10582000
8368000
7307000
5499000
5630000
5384000
10001000
6567000
6639000
12273000
8407000
5526000
6853000
15841000
6843000
6401000
4932000
5698000
5565000
6162000
6952000
6834000
11946000
6949000
5576000
6577000
9544000
9773000
6744000
7916000
6937000
5924000
8633000
5444000
7087000
16027000
5431000
5339000
6731000
13115000
6543000
5527000
5074000
6391000
6393000
8737000
5402000
5336000
9614000
14446000
7940000
5171000
10573000
6980000
8326000
6315000
5319000
6693000
6164000
6598000
5647000
8746000
11638000
5632000
6890000
8596000
11515000
10688000
6892000
7059000
8904000
5425000
5151000
10211000
12302000
8217000
5334000
8762000
8282000
6757000
5800000
5042000
6906000
7665000
7057000
5523000
11233000
9582000
5718000
8292000
6776000
13992000
5283000
8094000
7017000
5247000
6098000
5403000
5520000
6284000
12417000
6435000
7931000
6760000
10336000
10317000
6707000
6907000
39684000
12026000
5614000
5610000
10898000
10405000
9981000
26025000
11509000
13441000
35938000
11216000
5890000
6139000
7628000
4969000
6460000
5193000
12778000
9666000
6407000
5233000
8827000
8952000
5059000
7176000
6736000
7192000
6977000
5093000
5385000
12934000
9605000
6533000
6576000
6485000
12200000
6346000
8033000
5925000
6101000
7072000
5000000
5236000
5264000
10135000
7526000
7672000
6584000
9927000
8817000
5502000
7128000
5649000
5313000
6747000
6995000
4902000
4951000
8871000
7551000
7850000
5165000
4961000
7780000
9189000
6604000
10085000
7010000
5428000
8020000
6854000
6430000
7335000
9650000
4404000
4676000
4608000
8205000
8708000
6344000
7829000
4707000
5154000
9506000
5053000
6391000
11886000
11419000
7419000
8135000
10201000
8497000
11258000
7409000
9077000
7703000
5735000
12451000
16488000
8462000
12940000
10189000
7825000
8214000
6894000
10332000
7974000
12437000
10911000
9079000
6202000
15252000
7689000
7651000
7961000
11784000
7161000
6878000
19575000
6171000
7931000
10888000
10929000
6503000
8886000
7892000
9383000
7667000
11307000
11939000
8526000
7032000
16000000
6612000
6489000
7616000
5473000
9509000
7644000
13439000
10840000
6022000
7025000
8265000
8620000
4518000
9645000
7045000
4639000
4610000
8917000
8726000
13891000
10097000
8278000
9472000
11361000
9551000
8019000
10340000
9430000
5762000
5505000
8258000
8441000
8681000
7393000
11037000
8553000
9453000
7008000
9040000
8687000
6690000
12920000
12377000
6778000
8654000
16051000
8910000
7523000
7635000
6978000
5775000
9202000
14414000
7964000
6798000
9579000
12235000
5721000
10472000
9880000
7340000
6639000
8025000
15021000
9480000
7805000
11419000
9979000
11508000
8826000
7747000
7569000
6859000
12509000
11751000
5878000
7905000
12195000
9996000
10481000
6800000
8055000
10295000
8279000
16645000
7906000
30679000
10426000
9240000
7069000
6938000
7229000
12209000
9563000
5649000
6903000
5466000
16312000
5388000
5937000
9421000
5669000
6945000
7014000
6672000
16552000
6883000
8445000
9459000
11368000
5899000
8657000
8396000
8021000
6713000
7737000
16040000
9086000
15585000
15543000
8842000
6901000
5494000
7918000
7681000
7055000
14472000
9022000
7042000
11687000
11167000
11062000
7556000
6743000
7470000
7385000
9050000
14340000
7234000
5705000
6370000
10150000
10261000
9281000
7557000
6817000
8021000
7611000
7424000
11874000
7009000
7753000
10738000
12128000
4999000
7339000
7561000
10135000
7995000
7001000
11112000
11107000
6836000
6151000
22138000
18423000
13728000
10046000
11442000
10500000
9033000
11968000
11697000
5926000
12526000
6029000
9797000
8993000
16886000
7967000
6547000
6870000
10996000
8132000
9562000
8270000
7049000
7442000
7137000
6775000
14384000
10591000
6610000
9749000
11461000
7393000
6836000
8977000
8565000
11121000
12780000
7665000
5456000
9651000
10800000
9972000
6979000
6411000
8028000
8362000
6597000
9289000
23882000
5521000
5602000
11108000
9408000
6963000
5567000
5723000
5820000
8151000
4623000
4412000
12782000
9444000
9854000
5622000
10432000
7605000
10040000
6609000
6780000
9103000
7909000
6585000
15485000
7457000
6911000
10497000
13647000
8011000
8529000
7696000
12223000
6262000
10709000
14603000
7178000
5501000
16338000
6349000
13417000
8949000
8314000
24963000
21033000
10655000
9074000
11230000
7635000
10056000
8017000
5923000
9424000
9444000
4631000
6112000
5554000
8103000
8746000
4727000
5074000
5266000
6807000
8025000
6274000
8004000
12324000
12512000
7143000
5634000
12365000
7680000
7619000
9338000
6658000
7488000
9880000
6862000
11472000
11992000
6773000
13808000
9771000
11398000
9372000
23667000
17427000
7172000
7790000
13593000
6927000
10001000
7193000
6208000
8104000
13009000
19654000
8411000
5932000
9786000
10968000
7599000
7439000
8835000
28236000
13294000
8833000
7879000
11340000
6264000
19842000
15787000
5727000
4785000
9836000
12878000
4876000
4713000
4692000
15225000
4476000
8216000
5867000
6785000
9567000
5956000
7778000
12454000
10230000
6680000
6510000
16492000
6029000
8496000
6703000
9828000
6119000
5707000
5950000
9819000
8113000
8729000
5794000
15284000
6539000
9165000
8096000
6863000
7251000
5796000
5764000
11957000
9053000
8326000
7766000
14451000
6760000
6638000
8026000
10309000
6002000
7640000
12695000
9945000
5814000
5375000
4128000
10064000
6132000
4172000
6199000
4696000
4457000
4090000
4209000
4587000
5883000
7023000
10597000
11022000
4171000
5451000
4115000
11117000
7047000
6763000
11329000
6417000
6372000
7165000
6046000
11616000
10558000
13227000
4562000
8144000
7783000
6653000
7049000
6448000
9215000
7847000
6696000
11508000
13801000
5640000
7392000
11810000
9835000
6338000
7522000
11064000
11465000
40794000
24554000
30827000
9278000
13919000
8807000
6071000
7912000
16343000
9929000
7327000
6976000
9315000
9151000
12412000
16050000
5871000
6949000
16942000
8186000
31247000
23917000
10184000
7044000
12194000
9246000
17082000
6535000
7713000
7139000
8207000
13057000
7999000
5851000
12391000
10968000
11089000
6424000
6991000
8814000
5526000
8046000
15028000
10272000
5690000
11790000
10007000
8294000
8178000
11398000
9046000
7144000
20058000
9127000
7095000
12633000
10057000
7770000
8798000
9111000
9385000
6554000
10826000
12037000
6809000
6228000
17575000
6782000
9946000
9183000
12710000
5592000
12109000
12387000
8141000
35792000
7551000
8997000
7688000
6098000
13207000
20512000
6635000
13791000
8914000
9309000
7016000
11029000
8510000
5148000
12683000
8713000
5515000
5542000
10048000
11152000
8945000
5960000
5676000
8326000
8444000
6522000
11850000
11536000
8231000
7417000
11867000
8682000
12297000
6798000
10392000
8816000
7121000
13053000
7803000
10100000
10061000
11311000
10614000
6698000
11457000
7387000
17844000
12147000
6948000
6862000
10702000
9281000
10930000
8790000
9545000
7464000
9580000
11432000
6943000
6089000
5989000
13437000
6704000
5695000
5721000
6320000
6844000
4701000
6464000
5739000
6408000
15485000
6817000
7668000
10076000
10974000
8402000
9590000
7679000
9528000
9837000
10488000
11891000
7751000
17769000
9253000
13918000
6563000
11485000
8172000
13100000
13855000
7942000
7817000
14346000
11308000
5692000
6776000
9838000
18472000
10971000
18202000
12295000
8920000
12469000
7006000
9770000
7009000
4991000
11631000
15107000
8002000
11891000
10876000
12394000
10663000
7629000
7239000
6886000
14388000
10014000
7105000
10956000
10474000
9877000
9456000
7136000
8206000
7979000
13594000
16398000
7012000
10556000
11708000
7238000
11709000
6316000
7868000
8775000
13925000
9823000
8182000
7320000
10367000
10037000
7862000
6739000
7818000
9082000
5195000
6572000
20647000
7195000
7427000
10728000
9981000
7083000
9517000
9210000
8165000
7641000
9559000
10345000
34045000
19323000
7561000
8364000
8596000
6769000
19156000
10037000
17614000
6006000
10974000
13957000
11022000
6679000
10645000
13342000
12621000
12046000
10432000
11017000
6722000
9782000
8768000
7063000
17638000
9122000
10235000
9917000
7132000
9578000
6938000
6966000
33145000
9664000
8101000
7865000
17037000
7799000
8737000
8965000
10762000
19243000
12471000
22255000
19474000
7226000
7551000
39406000
7939000
8148000
10264000
9945000
5935000
9472000
5927000
12572000
13079000
17607000
7519000
8208000
9848000
11586000
7593000
7037000
6523000
9993000
5555000
8410000
12119000
9904000
9111000
11318000
9276000
10408000
6725000
10328000
8727000
5530000
6466000
15538000
8380000
7554000
13521000
9074000
8315000
7502000
5321000
9671000
7900000
8602000
14948000
8114000
5424000
9958000
11568000
4669000
7979000
7235000
7893000
6013000
10339000
12556000
12798000
7772000
10547000
12267000
7903000
7858000
7046000
9460000
6917000
7834000
14862000
8395000
6489000
6820000
14519000
11918000
6033000
9817000
8054000
8195000
11798000
14175000
6736000
7934000
15171000
7147000
8784000
6987000
9436000
7944000
6937000
18160000
6972000
7464000
13113000
9107000
9393000
5907000
5996000
11581000
5526000
14282000
19684000
7568000
17312000
7697000
6647000
9122000
7769000
9026000
8486000
18808000
7202000
7032000
11517000
7838000
6146000
6899000
5530000
5909000
9306000
6568000
5677000
14487000
7796000
5803000
5494000
7170000
8926000
6449000
7972000
5064000
6486000
10616000
10640000
13485000
7936000
5873000
5499000
5357000
9472000
6694000
8105000
5729000
5457000
6742000
7337000
5332000
5538000
11746000
9758000
6791000
5703000
9425000
8764000
6551000
7415000
5423000
5561000
8171000
7929000
5270000
15703000
6133000
5975000
6677000
8387000
9735000
6813000
6635000
6706000
5390000
7985000
6754000
5468000
12233000
10795000
5711000
6783000
12395000
7783000
7015000
5777000
5277000
6730000
8471000
6045000
5880000
10777000
7600000
4912000
4278000
4179000
4173000
10144000
7142000
4252000
7516000
6430000
5442000
8462000
6762000
6849000
17373000
10301000
6595000
29108000
8492000
6398000
5964000
6533000
7360000
5620000
6899000
9141000
5086000
4948000
6336000
13305000
6907000
8634000
7003000
6630000
9844000
9519000
17846000
5968000
5518000
5546000
11493000
6809000
5276000
6138000
7268000
5531000
7236000
8827000
5488000
11146000
17274000
5500000
8807000
8983000
5551000
6715000
6600000
5126000
6222000
5664000
5285000
6404000
12122000
9136000
7048000
5165000
9020000
8575000
6690000
8319000
9053000
26554000
12752000
7766000
8449000
7014000
12365000
5537000
7831000
5438000
5639000
6850000
6512000
6821000
6869000
14313000
5794000
5102000
6271000
7376000
8837000
4576000
9523000
6991000
5569000
7035000
5588000
5769000
6342000
13749000
8328000
5400000
5212000
8226000
10463000
11449000
5525000
6411000
7025000
8047000
17261000
9885000
5534000
6958000
8456000
9217000
5598000
6580000
7081000
5932000
7198000
7320000
5478000
5834000
8292000
9210000
5227000
5548000
9779000
9900000
5607000
6460000
6342000
5382000
8329000
5667000
8101000
10477000
12205000
5435000
4958000
5430000
9820000
6943000
7705000
6571000
5658000
6485000
6781000
10019000
11090000
11917000
4587000
6756000
4941000
9410000
7094000
7483000
5404000
7230000
6761000
5946000
6134000
5078000
9664000
8854000
5171000
5279000
6668000
7034000
9129000
5652000
6558000
4844000
6432000
8714000
6581000
5321000
5105000
14748000
9111000
7106000
13623000
8729000
11903000
8753000
6476000
7346000
7500000
12573000
14306000
7444000
6567000
10943000
6472000
8576000
7540000
7462000
6800000
8335000
7818000
14098000
6303000
6857000
5490000
10275000
9058000
8837000
7058000
6959000
11111000
8070000
18790000
9687000
6667000
9992000
10224000
11842000
6845000
8107000
11226000
6865000
12769000
16132000
6020000
12968000
10682000
10322000
5706000
8982000
7799000
6723000
11774000
15448000
7042000
10845000
11146000
11114000
5989000
7662000
7584000
10551000
12413000
14452000
7078000
6824000
15875000
11430000
5734000
5822000
5210000
6471000
32933000
7861000
10047000
16900000
6229000
7810000
8372000
9898000
9623000
18709000
8219000
8832000
12966000
9810000
10342000
7571000
10665000
7886000
5670000
18762000
9344000
8192000
11135000
10389000
8852000
8215000
6645000
7399000
5877000
5404000
17035000
7115000
6634000
11743000
11861000
8575000
10208000
8137000
9620000
7799000
15566000
10088000
9294000
10246000
9340000
10226000
5218000
9111000
8797000
9585000
7012000
13785000
5884000
7067000
11914000
10819000
8989000
7835000
9203000
9360000
7981000
6025000
11057000
11009000
7794000
10252000
10126000
9417000
7408000
6431000
8026000
7876000
6903000
17493000
8521000
7648000
13162000
6588000
9919000
8027000
7206000
8421000
8441000
18120000
17021000
7868000
14717000
10750000
6494000
8229000
8468000
6690000
7728000
10082000
10603000
11679000
7650000
9374000
6153000
6564000
4665000
6413000
8737000
6746000
7839000
18974000
8224000
5631000
9802000
11012000
7785000
8658000
6573000
6887000
7498000
5755000
14287000
10126000
8155000
7130000
16243000
9715000
8126000
8009000
8680000
7156000
14680000
11131000
5635000
8466000
8431000
10929000
7197000
8003000
9795000
8545000
7048000
13539000
15459000
6864000
10935000
11367000
5782000
6978000
7824000
6928000
8431000
14276000
21479000
7754000
13454000
7959000
7421000
7469000
6865000
5721000
5685000
6827000
8018000
7475000
14485000
5592000
7660000
14494000
9123000
7075000
7779000
9818000
7213000
6580000
19670000
6939000
5047000
8949000
9221000
4501000
4467000
6040000
5678000
6039000
8844000
5163000
6075000
9852000
8897000
6211000
4264000
4709000
9651000
8311000
6097000
6248000
8478000
6131000
6221000
8121000
5495000
20894000
5121000
4482000
4379000
7765000
10850000
5180000
11069000
6773000
6422000
7488000
7632000
19455000
9899000
5710000
9900000
29285000
7998000
7101000
6853000
6873000
12555000
11658000
7057000
18521000
6935000
8060000
5826000
5451000
11979000
7558000
11470000
9299000
6883000
6709000
10298000
11224000
7447000
8810000
6689000
11962000
8005000
12168000
16675000
6270000
6682000
14452000
10635000
7028000
5718000
5807000
7077000
5386000
6351000
13274000
8130000
8487000
10653000
11374000
6669000
8865000
6474000
6826000
10733000
17492000
9927000
7818000
5738000
14690000
8020000
10411000
6717000
5845000
8522000
6692000
14481000
10310000
7208000
6348000
9417000
9158000
9741000
6636000
8042000
6906000
9510000
7728000
23071000
7691000
9643000
11423000
9176000
9463000
7335000
6956000
7472000
16961000
6992000
7132000
7474000
13519000
6346000
6597000
7145000
7468000
6494000
7125000
5213000
8888000
18906000
6035000
7438000
11533000
8102000
11080000
8365000
7320000
7377000
8250000
11260000
13133000
6952000
4826000
9380000
9806000
9074000
6141000
8950000
8525000
7273000
7673000
16178000
7352000
5423000
12295000
10358000
6671000
5666000
7697000
7569000
7994000
5096000
7106000
15269000
7636000
7317000
5429000
9900000
7346000
13307000
6652000
6780000
7057000
8197000
5738000
14459000
6099000
6676000
6937000
15537000
10168000
8141000
5623000
7685000
8204000
7078000
14025000
9069000
8046000
10766000
11306000
9708000
7788000
6906000
9057000
7690000
7976000
17922000
9438000
6879000
13531000
6219000
6914000
8107000
7986000
7236000
6988000
14113000
11981000
8944000
8737000
14383000
7448000
6822000
6784000
5546000
7249000
5433000
6735000
18823000
8808000
9282000
16843000
6655000
7584000
6572000
6486000
13514000
8100000
13827000
10913000
10725000
13707000
5526000
8456000
8458000
7007000
6774000
7729000
5836000
18978000
7708000
7824000
9071000
8463000
7879000
6297000
6389000
7683000
7628000
7872000
33552000
15138000
9669000
7515000
7307000
5319000
7850000
7452000
25916000
10923000
6611000
18383000
5200000
7177000
5207000
6433000
8307000
6002000
6745000
12796000
11481000
7799000
5685000
15660000
9047000
6597000
8869000
6294000
8107000
6966000
19550000
8310000
7888000
15837000
6690000
8478000
6728000
6852000
8907000
6656000
13191000
14599000
8021000
10778000
11057000
10281000
6983000
9966000
28491000
32075000
14886000
6365000
6902000
6497000
6458000
9304000
9774000
13322000
11368000
5845000
10837000
11050000
8799000
7790000
5464000
9495000
7079000
7012000
11847000
6805000
6412000
4827000
7833000
13257000
6891000
6200000
5526000
10138000
9429000
6645000
5839000
19759000
24640000
22169000
6777000
6875000
8076000
7957000
16828000
8814000
6425000
6958000
14976000
11207000
7727000
7475000
7174000
7862000
8082000
12272000
7024000
8006000
6826000
16695000
10015000
6949000
7044000
7613000
6465000
6508000
16242000
6894000
8107000
8285000
15474000
7606000
6957000
7126000
6703000
7892000
6578000
12301000
12227000
9014000
6904000
11965000
10608000
8051000
8546000
10489000
6836000
6796000
20419000
7996000
5398000
12315000
8415000
8417000
9790000
6905000
8794000
10991000
15797000
10296000
10418000
16259000
10151000
15542000
8295000
7077000
7583000
9272000
10775000
6982000
7574000
14247000
7723000
9872000
6530000
6841000
7816000
7857000
13171000
13964000
8891000
12793000
8903000
8717000
6115000
8601000
9004000
6854000
19642000
9997000
6921000
6925000
11386000
6915000
9373000
5873000
6733000
8824000
8017000
6564000
14527000
10501000
9815000
15123000
8276000
7819000
8096000
9662000
7131000
7856000
19373000
7004000
7718000
15963000
26861000
8739000
8013000
6016000
9398000
9842000
8099000
7955000
15056000
8888000
6457000
5798000
5320000
8755000
13350000
15344000
7852000
28144000
5132000
9857000
6778000
7838000
7029000
5982000
6483000
9290000
10003000
7016000
7834000
10779000
29669000
14377000
7041000
11960000
14042000
8089000
10322000
11204000
7988000
8840000
6874000
7363000
8221000
6908000
10948000
11968000
10191000
8950000
13181000
8745000
6774000
8073000
7977000
5700000
6116000
5588000
15070000
5213000
6669000
6069000
9264000
5982000
6131000
6249000
5793000
6739000
6093000
5071000
5971000
6479000
7368000
10017000
4923000
4639000
6104000
10469000
8935000
10368000
6252000
4933000
8744000
6814000
6819000
14384000
8022000
5147000
4932000
5102000
12121000
5785000
9710000
4881000
5300000
8570000
5084000
5873000
4999000
13042000
10534000
5669000
4810000
16662000
10236000
8202000
7492000
7015000
5674000
6433000
10815000
12021000
6570000
7042000
11468000
7655000
10112000
6867000
7577000
8553000
7710000
6689000
9030000
10800000
4693000
4722000
6078000
9121000
7646000
6847000
5314000
5248000
5640000
7128000
7291000
4872000
11976000
12223000
8085000
6080000
10235000
7129000
5259000
8708000
5916000
6675000
9056000
7782000
11168000
14661000
8436000
13580000
19603000
20423000
10962000
6996000
14980000
24908000
10022000
9247000
6967000
8202000
8504000
6798000
7901000
16253000
6914000
6426000
6329000
15900000
6535000
7343000
8054000
7609000
6742000
24772000
15564000
8793000
17139000
18722000
14934000
9876000
9661000
9426000
8961000
8445000
11357000
7455000
10613000
6237000
6799000
7563000
7175000
7720000
17914000
7109000
5931000
14710000
7123000
7896000
6581000
5582000
5863000
8795000
7021000
5680000
12354000
6387000
7757000
5595000
12301000
5931000
7076000
6445000
5104000
5483000
5316000
5854000
6976000
6300000
22289000
5931000
5329000
10819000
5412000
4467000
5429000
5468000
5600000
5569000
8159000
4574000
9767000
7083000
11279000
4895000
5359000
7348000
9193000
9997000
5880000
5559000
5187000
6151000
7823000
5521000
5089000
9416000
11033000
5381000
7258000
5305000
8284000
6281000
6847000
5738000
5478000
7009000
10154000
5327000
6841000
13160000
6477000
5476000
5564000
10502000
9292000
5535000
5696000
5337000
5239000
5483000
5942000
5417000
5181000
5350000
14569000
6051000
5602000
5291000
8503000
10002000
11251000
5581000
6682000
9864000
5490000
6128000
10495000
11609000
5045000
5181000
6807000
9154000
6954000
6612000
5232000
6793000
8265000
6698000
5398000
6193000
13293000
6778000
6451000
7105000
8831000
8776000
5419000
7401000
5385000
5253000
6595000
5651000
5478000
6982000
15145000
7177000
7131000
5300000
11473000
10962000
6107000
6956000
7338000
8990000
6968000
26244000
5248000
5391000
6341000
8762000
8428000
6074000
6963000
6616000
5474000
6510000
6727000
13779000
12808000
5617000
5730000
10278000
9736000
5343000
5892000
5595000
5560000
5837000
6071000
5190000
6395000
9028000
9522000
7186000
4737000
4919000
11429000
7815000
9005000
6494000
5621000
8900000
5256000
5624000
11965000
9428000
6272000
5784000
5525000
12594000
6942000
5666000
5155000
5091000
6871000
6456000
5063000
6477000
5014000
10989000
6121000
5224000
5585000
5538000
15375000
5549000
6564000
7518000
6933000
6654000
7147000
5515000
6136000
9368000
6953000
5511000
5361000
6077000
13959000
5609000
8840000
5414000
6449000
7879000
6844000
7759000
8827000
14037000
5829000
5412000
15708000
5651000
6046000
5843000
7113000
5498000
7030000
7184000
5547000
12091000
6334000
5436000
5424000
5404000
13033000
7564000
5830000
6842000
6346000
6853000
5606000
5681000
5649000
10119000
9271000
5633000
5623000
5436000
8612000
6428000
5445000
6879000
5398000
5095000
9491000
5442000
6689000
12058000
8240000
5609000
6577000
4784000
10084000
6182000
4459000
4635000
6861000
5445000
5641000
6996000
6741000
6682000
10716000
7906000
6052000
6906000
10400000
8919000
6507000
7626000
7487000
6692000
6009000
5581000
5986000
14457000
8936000
5443000
5108000
8048000
11915000
18076000
10171000
7059000
6393000
6633000
16031000
6879000
7679000
13728000
9454000
7446000
8136000
6473000
6702000
6729000
10227000
18915000
16295000
13930000
9640000
5083000
10133000
8474000
7359000
7961000
10683000
9471000
5627000
5873000
10789000
10423000
7547000
4988000
6686000
4782000
6523000
5867000
5631000
6436000
14308000
6577000
4928000
6333000
11477000
5996000
3934000
7196000
5627000
5351000
5453000
5951000
4464000
5934000
12329000
10912000
9008000
11895000
12380000
9304000
7316000
5714000
9309000
6584000
8886000
10743000
10419000
5489000
5725000
11848000
8270000
11959000
9383000
8726000
5606000
7753000
12519000
13583000
8209000
12116000
13907000
9107000
8036000
8600000
6965000
7684000
12932000
14379000
15388000
12461000
8864000
8203000
8649000
9869000
7189000
16902000
6854000
9737000
7091000
9209000
8038000
5103000
6510000
6713000
7327000
8735000
7424000
12513000
11503000
8449000
11795000
11366000
8059000
16988000
12855000
6573000
11526000
15652000
13187000
12409000
7073000
12797000
7299000
9173000
9641000
6442000
10592000
8034000
6269000
5949000
13450000
6992000
6131000
6531000
9003000
9444000
6584000
6789000
10242000
12889000
6673000
8037000
14721000
11881000
5835000
6936000
10284000
7979000
12665000
13994000
7764000
6350000
12721000
6602000
7926000
6681000
10267000
8007000
6628000
6185000
10215000
8671000
5747000
5210000
9280000
12743000
7992000
8666000
7611000
5403000
5746000
10845000
17289000
6029000
8100000
5177000
14575000
5415000
7037000
6650000
9527000
8652000
7347000
15716000
10365000
6455000
8249000
12029000
6605000
8082000
8283000
5647000
9246000
6319000
6762000
16003000
6269000
8816000
12535000
7582000
5658000
7658000
8275000
7096000
7124000
7508000
14371000
11429000
7753000
6592000
12874000
7538000
6411000
4753000
4738000
6298000
5996000
4805000
4641000
13976000
15758000
7134000
13741000
7985000
8921000
7692000
6905000
8278000
6482000
14741000
8834000
8809000
9372000
10676000
7994000
10165000
7528000
6311000
7856000
8880000
14623000
10383000
6129000
5439000
9500000
11464000
9180000
5577000
7876000
8167000
6564000
5796000
6782000
14208000
7146000
6809000
9667000
12612000
9623000
8122000
6672000
11379000
8599000
15060000
9246000
8666000
9652000
11004000
11240000
8326000
7015000
7880000
5538000
7060000
16869000
9944000
7008000
12115000
10454000
8149000
7483000
8011000
8515000
6693000
12491000
13781000
6716000
6649000
10567000
8054000
7320000
7954000
7931000
8637000
6901000
9003000
14249000
10108000
5665000
13557000
10512000
7193000
6399000
8864000
7558000
9552000
11674000
17416000
10940000
24722000
5813000
11859000
57765000
19637000
6044000
6146000
7266000
6530000
9478000
7268000
9638000
12783000
8716000
11004000
22014000
14842000
9556000
5563000
6563000
8906000
12469000
7664000
8909000
15814000
5328000
8842000
6751000
10346000
5582000
8384000
9292000
11371000
7701000
5956000
4800000
8668000
6701000
5919000
6832000
6259000
7988000
10582000
8060000
14172000
7312000
6935000
5384000
10126000
11557000
7252000
8014000
7984000
7955000
5474000
5924000
9549000
12543000
14805000
15073000
8080000
7039000
5275000
6223000
5662000
8364000
7009000
15308000
9382000
8101000
10206000
11290000
9489000
9240000
8064000
7175000
7091000
6913000
14612000
8727000
6957000
9809000
11380000
11536000
5783000
6706000
9429000
7121000
5913000
14210000
12146000
6741000
13099000
11507000
8080000
9075000
9460000
7944000
6404000
15234000
8835000
7838000
7106000
14766000
9558000
6661000
8256000
7959000
5726000
5846000
5887000
13726000
6980000
6824000
10921000
10217000
8108000
17096000
9708000
9144000
5927000
13033000
7895000
6064000
5898000
16589000
9394000
7430000
6914000
5660000
20776000
18513000
9122000
16493000
48693000
28022000
62682000
38711000
17536000
13300000
7544000
12584000
6537000
12245000
9729000
11468000
7300000
8844000
7626000
17694000
11811000
7917000
6871000
12476000
7416000
17139000
9055000
5773000
8303000
10918000
6776000
5468000
6548000
6232000
9820000
7887000
8305000
17547000
8568000
6855000
14311000
5936000
9644000
9976000
8130000
5784000
6863000
13862000
8592000
10634000
11347000
11597000
10205000
8145000
7695000
10141000
7034000
5770000
14756000
6585000
5613000
5717000
10592000
7641000
8310000
8000000
6838000
9830000
8474000
6954000
10063000
10022000
7029000
11669000
11654000
5613000
7001000
7457000
8738000
7732000
8414000
9955000
9548000
6855000
6004000
6411000
12359000
6938000
7196000
6775000
7883000
7593000
8893000
12191000
16392000
6294000
10936000
11106000
8415000
8517000
7695000
8540000
5850000
5813000
9823000
12241000
7459000
5595000
12629000
9798000
10088000
7024000
8932000
6719000
7103000
6886000
15418000
8258000
6928000
12250000
7739000
8668000
8054000
8103000
7721000
8871000
6688000
15269000
8200000
5719000
9840000
11457000
9639000
6894000
8985000
10932000
7664000
10882000
15243000
5828000
6583000
17697000
8146000
6638000
7912000
7639000
6013000
7739000
5649000
13192000
6166000
6945000
43790000
8088000
8184000
7003000
13248000
10789000
7646000
6731000
17049000
8570000
8287000
7500000
7314000
5682000
7101000
17751000
7495000
7978000
6655000
13868000
6453000
8671000
6575000
7854000
9309000
5638000
11796000
8796000
17281000
11926000
7859000
7845000
6626000
5138000
4816000
6992000
4558000
6442000
13350000
40530000
7186000
12078000
17436000
7237000
7030000
19334000
10605000
15010000
8912000
10614000
7467000
5343000
6779000
6635000
8880000
13516000
5978000
6130000
5162000
5442000
8605000
7219000
6810000
4672000
5936000
4389000
4472000
5735000
4578000
4508000
7792000
10121000
7970000
4798000
5011000
9833000
8537000
5868000
6004000
4562000
4654000
4600000
4634000
5492000
7381000
4621000
10239000
9133000
5443000
4352000
6627000
14076000
7228000
6266000
7359000
5713000
10250000
8052000
5493000
16055000
6537000
5512000
12302000
11538000
10637000
5890000
6517000
7665000
7960000
8828000
15863000
6289000
7502000
10856000
10713000
9475000
7955000
8347000
8582000
7873000
6894000
15139000
8255000
9033000
15744000
7429000
6349000
7101000
8160000
8073000
7815000
14061000
11863000
8785000
5854000
15319000
5381000
8603000
6698000
7445000
8134000
6583000
5630000
18273000
9820000
7886000
16097000
8871000
9440000
9435000
8958000
6887000
5695000
15516000
5534000
9139000
9832000
10050000
8673000
9308000
7164000
8138000
7131000
5793000
21313000
7573000
6883000
8906000
13747000
8536000
7602000
10155000
10167000
7515000
14979000
5798000
9488000
13762000
8695000
14975000
7121000
10893000
5744000
8920000
16019000
8174000
9261000
17423000
9427000
7893000
6052000
8081000
6952000
7891000
12515000
7814000
6632000
6982000
11590000
8932000
9369000
6824000
8064000
11452000
5645000
5636000
12138000
8575000
5648000
5529000
17633000
6773000
7487000
6704000
6387000
7896000
8723000
11284000
17365000
42227000
8282000
6425000
10978000
9164000
15439000
8156000
7065000
13682000
9153000
6703000
7098000
6918000
10258000
8219000
7832000
14382000
6190000
7858000
14952000
7653000
8793000
8251000
31738000
14371000
7300000
7621000
11087000
9991000
9340000
6458000
7366000
6951000
6435000
7606000
16425000
7512000
7972000
6462000
9340000
21570000
14125000
8459000
8028000
11490000
12042000
6656000
7642000
10009000
31659000
10693000
9455000
11390000
9253000
7710000
6219000
9812000
9458000
4551000
4767000
5308000
7665000
4655000
6183000
4694000
6100000
13486000
10471000
96880000
8251000
5441000
5392000
12690000
6189000
5836000
8018000
5152000
5238000
6718000
6349000
34475000
7871000
9274000
8920000
5416000
5826000
5397000
6844000
8841000
5577000
7022000
12221000
12157000
7365000
9290000
14213000
6981000
5948000
6979000
6266000
6240000
5513000
6823000
10520000
15161000
6351000
5751000
8799000
11198000
5209000
5970000
6397000
6599000
7247000
5239000
5395000
12320000
8922000
6907000
6763000
8263000
10319000
4998000
5880000
5970000
7008000
7951000
5580000
6691000
14124000
11596000
10205000
34565000
5415000
5543000
6410000
7240000
4752000
5081000
8572000
9485000
4952000
8173000
17203000
5461000
10702000
6691000
6989000
5728000
4563000
4736000
7637000
12316000
5536000
5810000
5491000
8530000
8555000
5417000
6244000
5599000
5426000
5879000
8075000
5683000
5331000
10238000
10402000
5902000
7728000
7585000
8312000
4618000
4498000
6171000
5460000
5715000
7139000
6174000
5038000
5535000
12208000
6723000
6208000
5090000
9790000
8634000
5211000
8240000
5317000
5883000
5468000
5195000
5344000
5443000
9665000
8756000
6822000
5324000
5385000
7706000
10214000
8201000
7985000
7037000
5365000
5845000
6901000
5836000
14106000
8456000
5504000
5391000
15726000
45626000
7164000
15400000
5974000
7618000
5426000
13259000
5292000
8028000
6327000
5539000
7014000
5629000
5465000
7717000
12879000
7560000
5645000
8404000
10570000
7254000
8933000
7152000
5699000
5263000
9463000
4847000
11474000
9204000
26318000
7611000
6623000
5541000
5231000
6639000
5228000
5917000
5116000
6413000
8509000
12924000
5856000
9107000
17712000
27624000
10564000
5442000
5293000
15035000
5567000
6766000
5407000
7541000
9966000
6532000
7493000
5636000
5639000
6907000
7163000
6834000
14941000
49217000
8133000
6739000
6742000
7006000
15918000
17507000
10256000
7106000
8702000
5345000
7495000
6818000
7523000
8208000
7333000
9884000
12220000
17478000
31736000
53313000
9495000
8787000
16696000
6603000
7517000
6488000
6322000
28410000
15973000
21589000
13035000
12091000
9185000
17666000
18706000
13035000
13450000
11056000
8562000
27076000
7462000
19187000
6495000
5080000
6709000
12931000
5906000
7890000
8764000
8024000
11786000
8910000
10736000
15022000
8303000
9811000
11151000
11306000
5815000
8528000
8779000
8866000
11952000
11151000
7514000
8829000
10172000
9679000
8611000
7537000
5395000
10060000
7018000
8260000
13826000
6981000
9189000
12892000
10047000
8430000
9045000
6729000
33649000
9386000
7746000
5553000
12002000
7293000
6070000
7559000
7703000
9585000
5593000
7804000
10112000
11789000
9227000
17835000
7208000
6415000
8133000
7795000
7524000
7166000
5866000
19299000
9045000
6266000
11024000
8728000
7617000
8032000
5291000
8129000
7029000
5187000
11435000
12742000
7005000
8125000
16212000
9956000
8832000
6098000
8948000
7665000
14440000
11136000
9302000
27593000
30978000
15256000
40378000
21642000
58194000
22524000
20108000
6485000
31044000
31603000
7201000
14201000
6510000
10024000
9464000
8873000
5868000
6022000
13488000
13899000
8087000
11199000
9381000
9654000
6781000
6959000
31097000
14296000
7659000
9732000
10912000
10045000
7684000
7282000
8030000
7941000
7416000
20826000
7148000
8087000
15165000
11463000
6864000
6162000
9272000
6600000
7996000
9134000
7349000
6317000
4677000
4668000
8103000
8779000
6435000
12310000
9744000
7181000
6443000
7663000
14952000
7201000
6889000
9618000
12324000
5535000
7187000
7591000
7867000
7738000
8801000
12527000
11310000
7103000
6783000
20410000
7613000
8721000
8605000
8829000
6761000
12477000
11246000
5764000
6966000
17186000
14649000
9631000
7075000
6252000
7876000
12392000
12251000
6189000
9303000
17175000
7880000
55600000
8519000
7541000
9513000
9394000
8878000
7072000
7208000
9862000
6765000
6735000
11812000
11043000
5553000
5519000
5522000
13597000
263785000
203466000
205172000
204625000
204326000
207200000
207551000
199057000
205828000
203828000
203004000
206706000
204547000
211948000
195821000
204743000
204414000
204549000
213185000
195710000
210534000
204477000
198542000
209321000
201641000
202754000
205600000
204925000
203877000
206242000
201996000
204709000
204522000
204208000
204516000
206697000
202331000
205798000
203452000
204647000
204473000
204426000
204556000
204614000
203931000
204199000
205325000
204470000
204580000
204518000
204604000
210771000
209690000
199957000
199128000
203726000
203755000
204524000
203632000
212329000
199038000
203045000
203791000
205281000
205039000
204059000
206674000
205040000
206793000
204591000
200963000
205007000
202783000
204662000
204424000
203810000
204096000
205599000
204697000
204483000
205199000
203809000
205297000
208982000
199377000
203379000
205702000
204609000
204363000
205162000
202923000
224024000
185997000
204772000
203437000
216280000
194371000
203769000
204860000
204238000
205758000
203917000
203162000
206149000
204541000
224531000
187943000
201967000
209164000
198139000
204599000
211541000
198073000
204087000
204283000
204883000
205685000
204326000
204390000
204271000
209969000
201257000
201654000
218404000
189911000
209732000
204816000
199748000
204831000
205161000
211782000
208846000
197401000
199499000
205868000
204496000
202917000
205103000
204168000
203946000
205106000
209024000
200488000
205811000
202622000
204531000
204571000
209978000
198993000
204525000
205047000
204804000
203552000
205023000
204322000
204552000
204559000
208955000
200096000
203903000
205747000
204467000
204013000
205295000
204423000
210857000
197494000
204592000
205416000
203080000
209692000
200069000
203753000
204984000
204787000
204667000
204605000
204257000
216326000
191596000
205690000
207758000
201432000
204482000
204171000
204811000
204606000
205567000
203561000
204702000
204461000
204650000
202753000
210204000
201121000
204834000
203362000
204902000
204275000
204562000
205274000
203801000
204757000
204315000
204522000
204850000
212207000
196684000
204406000
204481000
204596000
204885000
204706000
204031000
205362000
203688000
205592000
203530000
213421000
195489000
204525000
204563000
204564000
207050000
201825000
212035000
202424000
199306000
204502000
204555000
210423000
198680000
205038000
203991000
204533000
206921000
202128000
213289000
204302000
202842000
203182000
204047000
199900000
204136000
204579000
204726000
204326000
204570000
210169000
199271000
212534000
196953000
203622000
204608000
204551000
209570000
199750000
204409000
204276000
205356000
206756000
201623000
204511000
204443000
208337000
200745000
204308000
210460000
198401000
205062000
203812000
205093000
204721000
204473000
209104000
200091000
204519000
205723000
215593000
209459000
198879000
201219000
195446000
205266000
204599000
204626000
204431000
204847000
208926000
208656000
195055000
205699000
208362000
200120000
203415000
205748000
204550000
204477000
204461000
203871000
206173000
204373000
203959000
204739000
208758000
202892000
204939000
202097000
203620000
203413000
206279000
203920000
204489000
204690000
204825000
203937000
204787000
206475000
201831000
204499000
205841000
204132000
204438000
204740000
203648000
218354000
191576000
204197000
204626000
204294000
204844000
207302000
203425000
203010000
204236000
204160000
207525000
201817000
204749000
204501000
216931000
192211000
205415000
205026000
207146000
213082000
191742000
204683000
204418000
210681000
198451000
206923000
206898000
199318000
205032000
206494000
213820000
197335000
201047000
214827000
198567000
201416000
209470000
199766000
202546000
204444000
204556000
204532000
204432000
206184000
202508000
205088000
204574000
204376000
207926000
201772000
203923000
209138000
199924000
208708000
204482000
200370000
204213000
208968000
209325000
194937000
205105000
204611000
207239000
206149000
210554000
195392000
207478000
200409000
205067000
203978000
210489000
205224000
198389000
210513000
198201000
209132000
203877000
202268000
203179000
205909000
202716000
204408000
206187000
210079000
197572000
214230000
194121000
205726000
207739000
200594000
204627000
204340000
210878000
198795000
203845000
258000000
54735000
8716000
9182000
12728000
8858000
6887000
7226000
7938000
6863000
5848000
7451000
12673000
15523000
8112000
10151000
7983000
17885000
24881000
8247000
16068000
10413000
15583000
10666000
7355000
7487000
8016000
8634000
5822000
8158000
9714000
22769000
20652000
6806000
6990000
7960000
9061000
9099000
8672000
11736000
7478000
7602000
7075000
16162000
12075000
7898000
22131000
21085000
13404000
19892000
9204000
10189000
7100000
9923000
8210000
13389000
13156000
8319000
7696000
13238000
6378000
8038000
4810000
4669000
7097000
7941000
6622000
7668000
7916000
9227000
7536000
7443000
16971000
4971000
17816000
5407000
9517000
7508000
9685000
14283000
6351000
6279000
7182000
10305000
6042000
28896000
23887000
11442000
7974000
7069000
14146000
5575000
11753000
8312000
8658000
7598000
5552000
18154000
8061000
5812000
5804000
14688000
6855000
7383000
6859000
9449000
7334000
7681000
22302000
10892000
15100000
12125000
6190000
9024000
7714000
9655000
28836000
8025000
6672000
11592000
7555000
8969000
8388000
7369000
7052000
6337000
7368000
16100000
9753000
7804000
9549000
12783000
10869000
7465000
6296000
13769000
5419000
13623000
7520000
7774000
6809000
10264000
6991000
7558000
10173000
8968000
9685000
6693000
6732000
11984000
8251000
8067000
14458000
7670000
7997000
8660000
8314000
7799000
6660000
7944000
12141000
8521000
8420000
6326000
14378000
8064000
7328000
7828000
9215000
7232000
8444000
13017000
9359000
8205000
10400000
10576000
5755000
8431000
7509000
6619000
9639000
7628000
10780000
9310000
4761000
5916000
4558000
7859000
8070000
6040000
7722000
6556000
7863000
8433000
8162000
7469000
12492000
7874000
6745000
11153000
13841000
7579000
8323000
11439000
9078000
7722000
16574000
9295000
7970000
12537000
6991000
6948000
8043000
7405000
9751000
9177000
12358000
10233000
8547000
8047000
11916000
6015000
8501000
7013000
7730000
9423000
7499000
7920000
9442000
11456000
8978000
9155000
12156000
5443000
8980000
19488000
22220000
12896000
6853000
8247000
15971000
6105000
8990000
8445000
6663000
5404000
5076000
4553000
5029000
39229000
13275000
6950000
6398000
7744000
9837000
7899000
5685000
8250000
12187000
7902000
5760000
38319000
8701000
9234000
7535000
9762000
12457000
8572000
8195000
15070000
11051000
6766000
7995000
6983000
8164000
9171000
14163000
7786000
7126000
9981000
9804000
6730000
6585000
6067000
7142000
8951000
8932000
5939000
17770000
7751000
5363000
12900000
8612000
12682000
7855000
6659000
6847000
8573000
10867000
11243000
5547000
7135000
9757000
14176000
9965000
8290000
6747000
5835000
10027000
10685000
11160000
7020000
8016000
14615000
7158000
7399000
5314000
7876000
7114000
6905000
7393000
14186000
12441000
5590000
10991000
9199000
12196000
6823000
7221000
8963000
9236000
6119000
14517000
9287000
7945000
16345000
8163000
8875000
7129000
9529000
8133000
9113000
11356000
8195000
6954000
6722000
14124000
4599000
5018000
6471000
4878000
4857000
4931000
7410000
4003000
4390000
6139000
12641000
5509000
4834000
4845000
4485000
8115000
7198000
4717000
8639000
6710000
6462000
9891000
9747000
15881000
8725000
7723000
10151000
10603000
9802000
8807000
8409000
7895000
7128000
7252000
18471000
8783000
10276000
12533000
23832000
13346000
13573000
14834000
8658000
19159000
24844000
22955000
10715000
43873000
8461000
5130000
5874000
7002000
6826000
8231000
5861000
5445000
7585000
11854000
6939000
5920000
5285000
26780000
5189000
5846000
5844000
8823000
5717000
7062000
12779000
8149000
6665000
5342000
279298000
216588000
192298000
205010000
204050000
205198000
204717000
208642000
199950000
208590000
202281000
202617000
215386000
197903000
200754000
206969000
201823000
204665000
205450000
203556000
204401000
204858000
210146000
203114000
204124000
200437000
204554000
204586000
207531000
202589000
203279000
208566000
200640000
207955000
205772000
200713000
205139000
206773000
201144000
204197000
204726000
210786000
197834000
205127000
204117000
204499000
203900000
204513000
206392000
203322000
204467000
204609000
204484000
208372000
201327000
203999000
211235000
197694000
206621000
202557000
204348000
205917000
212361000
199367000
200215000
215767000
193810000
204934000
214746000
193188000
205135000
205291000
204691000
205635000
202522000
205341000
203710000
204626000
206667000
202775000
204046000
205817000
203763000
204117000
206799000
202349000
209875000
203308000
200384000
204469000
208245000
200697000
208351000
200085000
212190000
198074000
203955000
208378000
200157000
204625000
205308000
204299000
204742000
204338000
206252000
209103000
197481000
224466000
195991000
195834000
202653000
207598000
205137000
200530000
208502000
204491000
200879000
202345000
211262000
204170000
204407000
205878000
203562000
201338000
203229000
204694000
206239000
202833000
208523000
200671000
203648000
214568000
195260000
204466000
202147000
208206000
203203000
202428000
206592000
208517000
203319000
201857000
204417000
207450000
201709000
204172000
206096000
200768000
206672000
204992000
204477000
204618000
205960000
207509000
206525000
198030000
205122000
203761000
208096000
201120000
206448000
206149000
199040000
206738000
205504000
205580000
202354000
204483000
204391000
204454000
206441000
202955000
204519000
204391000
204515000
208241000
200784000
205338000
205234000
202225000
209479000
202184000
202663000
206484000
202746000
208613000
198214000
210160000
198645000
206949000
204982000
207606000
200284000
208963000
214440000
193058000
205823000
204611000
201392000
204707000
207909000
204042000
203206000
205806000
213041000
192425000
208191000
204468000
204512000
202896000
207621000
203210000
205306000
201652000
206449000
202286000
207217000
204131000
200836000
208173000
204542000
204670000
204427000
204478000
204594000
224131000
189119000
200885000
8401000
7889000
6519000
10943000
8483000
8776000
8539000
5481000
7032000
7608000
6572000
9234000
9745000
8821000
7549000
17952000
8911000
7136000
5710000
6650000
5593000
8920000
11846000
9307000
5816000
9034000
10147000
13169000
9855000
6806000
9386000
6082000
8501000
12011000
9432000
15680000
23804000
11297000
8267000
9631000
9802000
11643000
11972000
7821000
8273000
8299000
9495000
6929000
6757000
7458000
10513000
9563000
13992000
9540000
7237000
6803000
17324000
8328000
12706000
7990000
8145000
9313000
8927000
12919000
7851000
6491000
17318000
6582000
9291000
6711000
6949000
6696000
9962000
20515000
9381000
6445000
37045000
7752000
18870000
45469000
20549000
8550000
18339000
7941000
22692000
8114000
7953000
14943000
12152000
9346000
6730000
11068000
9493000
14875000
6914000
6218000
7771000
15389000
7409000
10881000
5918000
8917000
6213000
6451000
11409000
11275000
8717000
7585000
11502000
6544000
7200000
9419000
10217000
7128000
7016000
11992000
10964000
36045000
6077000
7211000
8569000
8074000
8413000
6751000
8904000
12217000
8108000
41603000
10940000
8018000
24824000
16094000
16688000
6818000
8945000
8695000
8157000
11037000
8023000
10532000
13356000
7716000
39426000
7794000
8894000
8355000
7221000
15784000
7932000
5662000
10052000
12357000
11978000
9152000
10006000
6975000
7580000
14681000
7949000
5717000
5472000
10675000
11752000
12128000
7797000
10883000
6130000
7837000
20495000
9525000
10226000
9348000
8677000
9593000
7834000
7904000
10175000
7050000
13316000
8620000
9360000
11345000
11702000
8301000
8314000
7395000
7597000
7875000
12309000
12810000
8352000
7729000
7780000
7963000
9415000
6836000
7964000
6692000
8392000
6047000
19618000
7319000
10564000
12494000
9645000
8809000
8642000
8367000
5557000
8512000
14562000
9900000
8072000
17520000
19858000
8460000
9107000
7821000
11829000
13315000
7334000
5755000
16398000
7835000
14568000
8307000
9904000
6870000
11589000
13235000
8686000
7019000
7757000
9545000
7939000
6934000
9010000
10862000
6478000
13085000
9212000
6630000
4992000
10652000
10671000
7033000
8326000
9892000
9754000
5754000
4838000
10282000
7635000
19164000
5153000
14843000
8937000
6801000
8209000
8398000
7204000
13416000
10600000
13505000
12198000
13715000
10324000
7524000
10831000
7637000
13394000
10678000
7678000
7400000
8520000
11012000
7823000
7562000
6941000
10646000
6471000
7862000
19777000
5429000
7331000
15075000
6332000
6934000
6770000
7800000
5592000
7512000
8440000
11825000
9548000
7493000
5548000
8314000
11183000
10763000
5502000
5449000
6737000
5896000
8031000
5717000
17696000
7818000
7469000
8577000
14780000
13157000
8572000
7944000
5380000
7336000
11657000
9299000
5474000
7671000
16228000
5500000
9390000
7865000
6494000
7874000
8365000
5692000
14205000
6864000
6722000
9940000
26330000
7941000
7165000
6553000
5225000
6464000
17979000
5940000
7675000
10558000
9885000
8545000
6767000
8030000
42914000
8708000
8076000
26981000
12131000
7100000
15844000
9774000
12657000
6588000
6326000
9444000
9102000
12416000
9945000
6093000
6895000
6952000
7789000
16407000
8228000
6615000
10365000
10087000
7945000
7390000
7325000
11876000
5253000
14104000
12126000
6512000
6042000
11097000
11697000
10945000
7691000
5915000
6601000
5402000
5239000
7905000
13227000
6775000
5612000
9165000
12378000
6941000
9289000
5422000
6042000
8132000
6133000
7208000
14044000
7868000
7400000
10321000
14143000
9399000
6716000
7834000
6982000
6540000
17637000
10503000
8595000
13927000
9516000
8546000
6515000
7438000
4937000
9064000
5576000
14742000
9308000
6306000
5155000
12031000
5680000
6110000
11021000
6380000
8726000
7902000
16327000
26566000
21205000
11347000
6987000
7061000
9989000
22833000
11041000
6366000
13433000
8930000
7546000
9208000
6015000
8261000
6598000
7559000
9735000
8313000
8764000
8028000
8538000
10411000
6904000
8554000
6993000
10993000
8542000
12545000
12025000
7822000
8173000
14265000
7398000
9724000
5660000
7645000
9631000
6852000
10845000
11347000
7443000
6746000
18397000
11413000
7060000
8967000
10969000
9432000
9410000
9172000
8352000
7121000
12982000
16524000
10523000
8935000
15992000
15232000
6923000
6634000
6851000
16150000
7688000
9009000
5692000
6783000
8543000
6454000
9696000
14376000
7375000
7057000
16243000
7761000
10015000
7914000
8554000
6089000
6899000
9233000
11009000
9585000
7801000
14766000
6854000
11591000
5418000
19703000
24813000
7609000
7275000
9093000
9701000
9245000
5867000
7985000
7920000
7883000
6866000
23590000
9898000
10248000
8588000
9753000
7990000
6938000
7872000
5912000
7533000
10115000
10541000
7005000
7694000
17642000
12747000
6667000
9619000
7070000
6933000
7914000
18252000
6944000
5633000
10063000
8992000
10807000
7185000
8315000
7633000
5655000
6951000
12691000
9652000
6830000
6979000
12745000
7017000
6321000
9079000
7843000
9993000
8107000
10884000
11917000
7097000
5566000
10160000
11106000
6008000
6514000
6567000
5496000
8895000
5561000
5117000
13466000
7106000
5615000
6954000
10529000
13732000
9504000
5030000
5198000
7186000
6200000
5589000
5670000
17533000
5566000
6028000
10167000
10139000
6668000
6991000
6715000
5836000
6454000
6478000
6534000
10323000
7282000
8118000
5406000
10948000
10036000
5732000
9313000
5668000
6839000
6244000
7502000
6860000
17185000
7080000
6918000
5514000
16583000
7196000
16607000
5346000
6598000
6799000
11879000
12441000
5694000
6725000
8737000
10074000
8704000
5890000
5906000
5411000
7096000
6405000
6114000
10017000
11131000
8294000
5479000
8266000
7823000
5282000
8148000
6252000
5400000
7334000
7195000
5047000
5349000
12281000
5514000
16088000
6813000
7635000
4682000
6527000
4781000
5984000
6725000
8065000
5201000
4420000
5739000
8115000
5448000
5234000
4683000
6060000
8723000
8028000
6864000
7180000
5272000
6551000
9675000
5481000
4999000
12498000
10269000
14665000
16856000
11151000
9942000
4805000
4855000
7797000
5470000
12474000
10416000
6557000
7509000
5521000
18765000
8461000
5544000
5399000
5467000
6746000
7732000
6081000
10889000
7957000
8356000
6988000
9217000
5432000
5493000
8273000
10526000
11594000
9608000
14664000
9058000
7901000
5936000
16270000
10823000
10361000
7402000
37802000
20761000
20338000
18416000
17282000
5465000
9723000
7270000
6255000
6513000
4781000
7790000
7598000
5437000
5373000
6792000
5163000
6491000
11261000
7114000
10136000
12127000
6577000
6868000
7876000
30448000
5740000
8076000
7107000
5784000
9681000
10071000
5749000
8493000
8441000
7660000
5294000
8927000
7143000
6294000
8499000
11365000
12882000
10817000
6716000
6612000
8419000
23207000
12737000
7243000
5002000
4345000
4891000
14174000
5743000
8428000
5463000
14721000
6675000
9622000
7141000
6679000
8773000
5925000
5458000
19745000
6906000
5483000
9129000
8507000
5625000
8523000
6927000
7145000
10564000
5489000
7418000
15415000
6035000
7329000
10710000
7461000
7381000
11223000
6408000
9598000
7713000
6689000
15129000
8227000
8082000
11925000
13347000
6329000
6982000
7746000
9414000
6873000
6862000
14710000
13350000
6854000
13400000
13118000
6182000
5615000
10131000
5806000
8019000
17261000
6895000
6800000
7854000
13487000
6195000
8373000
7150000
8226000
9579000
6609000
10566000
10831000
6809000
5243000
14178000
10500000
5534000
8901000
7699000
9187000
6616000
8322000
16213000
9032000
6658000
10288000
10949000
6475000
8554000
6232000
21646000
18639000
10546000
6944000
16458000
9334000
9057000
6813000
10674000
7226000
13624000
10673000
5635000
8984000
14922000
5833000
7070000
5445000
9289000
5649000
7377000
7092000
5708000
14275000
6627000
10390000
9212000
11876000
8384000
7885000
6467000
8417000
6637000
6997000
11882000
10512000
7669000
5971000
14003000
8201000
9199000
8626000
7492000
9022000
9312000
13864000
7817000
9638000
19791000
8206000
9330000
13083000
7753000
6331000
18381000
8139000
9280000
16668000
7485000
8916000
8656000
5671000
7152000
8464000
9145000
13222000
8876000
12385000
12726000
12556000
10335000
7224000
9000000
8493000
11170000
10563000
7597000
9261000
13044000
7801000
6882000
5616000
7022000
6361000
8832000
8898000
12426000
6282000
6453000
9555000
15094000
11908000
6796000
6603000
10595000
5550000
22697000
12615000
15966000
6930000
11096000
9232000
8594000
7308000
6540000
14860000
8955000
9097000
9292000
19553000
16762000
8526000
7139000
7183000
9077000
9345000
5460000
7911000
10299000
10836000
8192000
7147000
6577000
9345000
6935000
10285000
11235000
9416000
11053000
9518000
10322000
6729000
6706000
9880000
7087000
6167000
8957000
14884000
8107000
7050000
6966000
28156000
17516000
19264000
18541000
9627000
6908000
15070000
7194000
12723000
8131000
9206000
8041000
11485000
7134000
6885000
7312000
10984000
11769000
8085000
8403000
7747000
9080000
8175000
7793000
10993000
8543000
7834000
7210000
13242000
6620000
8889000
6528000
7717000
10299000
5904000
12173000
6973000
7568000
5479000
7866000
13677000
9444000
10770000
9647000
9301000
6766000
15390000
8866000
9161000
10492000
18701000
9736000
6341000
8929000
6737000
6640000
9690000
11135000
8024000
6059000
12270000
7947000
7025000
6301000
7911000
9764000
6818000
6999000
8838000
11264000
8141000
5328000
10517000
11586000
9875000
7726000
6628000
9602000
10799000
13568000
8976000
5599000
6352000
12245000
6964000
9702000
7754000
7729000
10685000
8831000
13921000
9232000
6846000
13043000
10844000
9278000
6456000
6565000
15831000
7821000
15940000
6680000
9046000
17967000
7797000
9170000
6936000
6467000
8380000
7167000
8030000
16547000
7038000
7912000
15341000
8035000
8453000
9242000
8809000
8625000
7153000
20985000
6776000
8130000
14842000
7915000
8061000
6905000
6740000
9499000
8000000
20172000
7688000
7522000
16475000
15595000
16589000
11420000
6180000
28641000
8864000
11170000
7686000
12265000
7797000
8070000
6486000
9415000
9158000
9576000
8649000
5463000
9066000
13946000
21109000
9197000
6797000
7090000
13943000
7736000
7016000
6523000
17116000
9024000
6949000
6022000
6722000
5630000
7103000
34371000
7596000
14140000
8795000
9570000
7755000
13344000
7844000
11096000
10252000
7183000
8071000
14421000
5988000
12676000
8215000
11079000
9174000
11230000
12691000
7602000
6603000
18180000
7651000
7692000
6948000
8609000
8198000
7408000
19068000
8346000
8230000
9402000
9308000
9344000
5859000
7840000
8867000
6916000
6452000
9404000
12721000
5857000
6875000
12751000
7122000
15348000
6300000
10177000
8265000
11133000
10544000
7885000
6584000
10737000
9185000
9074000
9399000
7999000
8109000
6884000
6215000
15574000
8861000
7000000
10577000
9453000
12092000
6874000
8769000
10300000
8099000
10726000
11465000
7215000
7232000
8234000
8417000
9242000
8645000
8035000
8445000
6973000
5725000
19923000
6769000
7485000
8547000
8499000
7625000
11091000
7950000
9413000
9113000
11453000
11446000
8779000
8146000
8537000
8890000
9921000
6939000
8301000
8905000
6536000
5706000
19224000
4497000
6330000
5343000
7195000
9419000
4741000
5913000
6432000
4628000
4684000
6662000
4392000
6133000
4939000
8288000
8575000
11419000
9934000
16164000
10492000
9098000
9842000
6758000
14572000
8931000
5504000
8642000
9536000
29152000
22196000
16466000
14566000
8337000
10011000
14254000
18890000
10532000
10591000
6845000
18235000
10142000
6105000
17028000
10222000
5385000
6943000
9945000
7721000
13830000
11178000
7485000
7443000
9481000
8283000
6403000
11668000
6663000
8911000
6485000
7688000
16194000
6007000
8504000
6446000
11219000
6525000
12120000
7729000
6130000
8633000
8221000
18201000
5742000
8160000
10379000
10812000
12573000
7407000
9508000
7878000
8269000
10356000
18760000
7885000
11993000
7792000
6252000
5457000
6434000
7759000
11199000
5685000
9088000
9370000
5776000
7076000
7784000
13840000
10290000
7716000
6912000
11070000
6540000
6838000
11453000
10879000
7108000
10552000
8740000
7663000
11665000
7916000
9656000
10337000
10846000
10320000
6486000
4989000
12172000
9598000
9051000
9010000
7016000
8527000
7627000
14886000
27726000
26600000
10195000
6677000
7921000
9031000
12702000
13311000
8129000
7008000
11471000
6825000
8931000
5945000
6221000
7705000
8003000
8724000
17684000
7073000
7739000
15278000
4927000
6058000
7115000
4558000
4397000
6452000
8064000
6132000
14567000
8515000
10208000
9727000
12197000
10503000
10988000
6844000
7788000
8960000
13745000
10382000
8271000
9906000
15437000
11217000
9158000
15938000
8384000
14369000
7481000
9923000
10183000
14248000
11126000
6525000
9651000
8909000
7178000
16543000
8427000
9153000
15844000
6096000
8390000
6935000
8559000
7932000
6656000
6494000
17243000
9571000
19613000
5982000
7167000
9541000
28510000
9285000
8417000
7084000
6119000
15899000
6949000
8574000
8233000
7640000
8542000
7318000
7663000
22661000
7363000
10553000
9936000
5640000
10133000
7857000
8220000
7541000
10064000
16831000
8073000
7748000
17385000
10315000
6121000
7642000
10766000
8431000
9834000
14880000
8784000
13132000
10920000
10153000
6882000
6744000
11414000
8512000
11692000
9450000
7995000
8028000
13547000
7021000
9371000
5131000
7096000
7888000
6307000
8501000
9787000
10686000
6943000
5890000
15877000
8173000
10977000
24521000
17662000
13813000
8153000
9883000
21656000
8200000
7435000
10398000
5128000
10690000
13730000
6828000
8313000
9617000
8393000
10820000
23890000
8022000
10232000
13560000
7884000
7773000
12645000
6786000
10315000
6745000
7129000
6627000
6912000
6164000
25791000
18774000
7333000
9244000
7880000
6694000
5851000
9802000
8987000
13613000
10590000
5767000
5891000
27464000
10438000
12107000
7174000
5437000
8720000
14739000
6352000
6312000
12866000
7127000
6918000
8600000
5729000
5281000
6525000
29659000
9479000
8712000
13301000
7859000
6029000
7327000
6978000
10269000
12304000
12293000
9029000
6748000
12982000
11709000
9574000
6939000
7478000
7358000
7302000
9012000
16663000
9001000
6403000
10202000
12881000
11346000
6439000
6231000
6594000
6158000
4434000
10152000
14325000
9640000
11196000
8407000
5907000
7432000
10061000
11745000
6208000
7779000
15748000
6613000
8326000
8711000
12560000
7264000
7518000
5963000
6767000
8634000
7374000
13123000
7423000
6811000
12845000
14310000
7846000
7269000
8137000
5715000
7542000
5294000
6653000
18886000
5501000
5444000
5522000
7520000
7616000
5282000
9890000
6645000
10501000
34146000
6740000
5087000
6276000
6923000
8035000
5510000
6721000
5720000
6722000
8222000
5819000
7116000
11601000
8918000
10454000
7651000
11991000
5582000
7160000
8196000
8694000
6475000
6929000
5141000
9987000
10353000
5166000
6473000
10663000
9526000
8290000
9523000
4828000
4448000
6877000
4335000
4292000
7426000
9483000
10096000
7097000
4910000
8393000
7870000
6816000
8268000
7045000
5669000
7671000
5366000
10136000
17457000
5644000
6097000
10393000
10975000
6977000
6559000
6008000
5756000
9592000
5652000
7066000
12952000
7909000
5548000
5510000
8220000
8747000
5494000
8365000
6825000
5695000
5328000
5907000
6755000
8230000
13367000
6899000
6203000
7536000
20974000
15099000
15692000
5427000
5452000
7102000
12075000
5943000
5642000
5550000
12907000
5888000
7273000
5753000
7343000
6493000
5034000
6119000
13367000
5934000
28785000
8194000
5837000
7444000
10134000
10898000
6223000
5040000
5242000
12046000
6997000
6241000
5525000
8037000
12329000
38700000
5429000
16967000
6285000
6524000
5465000
8549000
11023000
6449000
8513000
6573000
6910000
7074000
5678000
12262000
9110000
7064000
8895000
5589000
12562000
6328000
5371000
5569000
6299000
5530000
8972000
4988000
8323000
11315000
9899000
6132000
6650000
8582000
9974000
8543000
5387000
5464000
5450000
7116000
5322000
5329000
7983000
13372000
5333000
5595000
5433000
7448000
11946000
12645000
4563000
4641000
4340000
6284000
4907000
5139000
8792000
8775000
5245000
5933000
6314000
9828000
8689000
5307000
9028000
5277000
6880000
6899000
7852000
7148000
10482000
6641000
7295000
5185000
8273000
9824000
5294000
9514000
5481000
5355000
5744000
7367000
5345000
5302000
12273000
8013000
5840000
7141000
8527000
10359000
6797000
6314000
4863000
5567000
7289000
5955000
5960000
10253000
17840000
7492000
8114000
10514000
5092000
5343000
5099000
5274000
6642000
8498000
6807000
10954000
7145000
8244000
7796000
5970000
15333000
8012000
9759000
7798000
8096000
7690000
6804000
8726000
10895000
8746000
4524000
4430000
14113000
5024000
4689000
6941000
5620000
5688000
7750000
7064000
6769000
16468000
12636000
4666000
9040000
8801000
8959000
7713000
7334000
7518000
4460000
4942000
13295000
12699000
5922000
7821000
8358000
13579000
14070000
7085000
7749000
6409000
6037000
7648000
6745000
7626000
5976000
5446000
4345000
8100000
9337000
6682000
6654000
4096000
5604000
4388000
4510000
5629000
4219000
4397000
10779000
10249000
6646000
17584000
8127000
11295000
5779000
7934000
6779000
7043000
11824000
13218000
8000000
6886000
16779000
7607000
11052000
7880000
7731000
6210000
5954000
11037000
9775000
7943000
16029000
11627000
7229000
7042000
8635000
9358000
5669000
6978000
10025000
12347000
7868000
10297000
11674000
6121000
13289000
7841000
9391000
6762000
10014000
13027000
6444000
6494000
13711000
6911000
6998000
7359000
29956000
10932000
13267000
6803000
8480000
14401000
7763000
9321000
8023000
8385000
7613000
6342000
10310000
12947000
6767000
8121000
11286000
5753000
7769000
8668000
6878000
9384000
12011000
17776000
8523000
5742000
11297000
14964000
10517000
8134000
5743000
7902000
9050000
11209000
8512000
6590000
7496000
9766000
10866000
9469000
6903000
8262000
7123000
6521000
5515000
20050000
8037000
7938000
16642000
10511000
8333000
7019000
8456000
8992000
7764000
17064000
9604000
6419000
14438000
7050000
6495000
6884000
5703000
6567000
8146000
5437000
10799000
11844000
7625000
7848000
14760000
8236000
11654000
6012000
10671000
5297000
7119000
10776000
7835000
6306000
6053000
8296000
20023000
8641000
10112000
8277000
6302000
6845000
16689000
6881000
7763000
17855000
7534000
13620000
7622000
11725000
8258000
11134000
7724000
9251000
7117000
11846000
10605000
8307000
6313000
9699000
7994000
5956000
8411000
15730000
6974000
6663000
11202000
9710000
10638000
5377000
7516000
8936000
8599000
7012000
17600000
8765000
7662000
14286000
7519000
8355000
6450000
5881000
8696000
6793000
18474000
21819000
15655000
16627000
9592000
8759000
8439000
5980000
19135000
7448000
7560000
11990000
7077000
10184000
6049000
9225000
7618000
7006000
9318000
17190000
8874000
7482000
8853000
10113000
11607000
8010000
10670000
8900000
24932000
10455000
11711000
9794000
7860000
9707000
7731000
8296000
8693000
8203000
15738000
7870000
7146000
8444000
11326000
5823000
7321000
7199000
8628000
6177000
4622000
4364000
8623000
6798000
10707000
7663000
6185000
11633000
4776000
10069000
5840000
7505000
4713000
4915000
5733000
7215000
12157000
7869000
8606000
5124000
9813000
8809000
8488000
6308000
4587000
4649000
6431000
7936000
7534000
14161000
7385000
32816000
13467000
9178000
8173000
7012000
7747000
12212000
9816000
7981000
6651000
13219000
9758000
11301000
6969000
7780000
6679000
5395000
9543000
10942000
5729000
5598000
5684000
6588000
8067000
4250000
5297000
6296000
7862000
10345000
7051000
6294000
17863000
6829000
7446000
15291000
6986000
6553000
7551000
6641000
7388000
8508000
8263000
15252000
7604000
6836000
6855000
12312000
6790000
11016000
7636000
7535000
7397000
7651000
9414000
11787000
7042000
8859000
14934000
6809000
9456000
11491000
5784000
7829000
6552000
12557000
11155000
6639000
6436000
7510000
8544000
5068000
5259000
4908000
5064000
5069000
5108000
6113000
5021000
8222000
16828000
4965000
4881000
4515000
7567000
8193000
4488000
4476000
5845000
4650000
4785000
4886000
5899000
4569000
4866000
4810000
17942000
4887000
6899000
4891000
8373000
8953000
5750000
10499000
7226000
11178000
9392000
18238000
9148000
6590000
13473000
9198000
10368000
6186000
7520000
8348000
8729000
8009000
11625000
9759000
5114000
4636000
15513000
7951000
11641000
6716000
23092000
28666000
8603000
16181000
6940000
11010000
14629000
8148000
8163000
20591000
8734000
6561000
14377000
17666000
7057000
7355000
8232000
5430000
5588000
11453000
10786000
7898000
9053000
9163000
8800000
8153000
6418000
9513000
6793000
9049000
7964000
9960000
7063000
7770000
8164000
8740000
6432000
9744000
6740000
7726000
8816000
5601000
14936000
7489000
7928000
8059000
8185000
7731000
7739000
12684000
8998000
8808000
8950000
13358000
11379000
5884000
12074000
10370000
5457000
8427000
6794000
8130000
8337000
6627000
12115000
12162000
7857000
6875000
8091000
9468000
5611000
11215000
9180000
8435000
13012000
15819000
8420000
5850000
10277000
11432000
5536000
9819000
8292000
8493000
8096000
6603000
9204000
11016000
6676000
6965000
16905000
7897000
11366000
7093000
21350000
16508000
9426000
5254000
7043000
15241000
9871000
8428000
8187000
7542000
8006000
7963000
25471000
5948000
11723000
11721000
9445000
7812000
7624000
8134000
8767000
15212000
10614000
5529000
6444000
14343000
6781000
6534000
6643000
8835000
7058000
7374000
7287000
13795000
8211000
7872000
10700000
11352000
9334000
7949000
7695000
7538000
7445000
7555000
16372000
6842000
7958000
15927000
6328000
5367000
7093000
6331000
7524000
6508000
7747000
11168000
11039000
8782000
7609000
8951000
10235000
10194000
9057000
7513000
15729000
11288000
8148000
6983000
5840000
6710000
14219000
7924000
10677000
6555000
8213000
7492000
8948000
13370000
5774000
8425000
5953000
8529000
11401000
8683000
6644000
7978000
8267000
8410000
6393000
17331000
5966000
5639000
14459000
10789000
8164000
10065000
11782000
7927000
7006000
13195000
7183000
10217000
11269000
8918000
10947000
9710000
6715000
11041000
7030000
7909000
14979000
9054000
10991000
11323000
6776000
10973000
6058000
5088000
7937000
8167000
14635000
10273000
10838000
9747000
11367000
5465000
7510000
10412000
10368000
6872000
12319000
10947000
5385000
4605000
4817000
15237000
4795000
4630000
4818000
4997000
7962000
9739000
7815000
6472000
11908000
9379000
6975000
15660000
6987000
9654000
10057000
6916000
10237000
8696000
10372000
10155000
8173000
6737000
9164000
12033000
9375000
8029000
8051000
12097000
6010000
10146000
17205000
6612000
11190000
12473000
6492000
6804000
7063000
9359000
6336000
7548000
12667000
7816000
7406000
7773000
14434000
8580000
9617000
6805000
7948000
6822000
5544000
8662000
13374000
9784000
7678000
14487000
5158000
7396000
7305000
6733000
9029000
5994000
6707000
8508000
9810000
14358000
13103000
7552000
10109000
9711000
6931000
10628000
5441000
11685000
10937000
7579000
12656000
23442000
23302000
5817000
9954000
13995000
9139000
7059000
9570000
9366000
10807000
17358000
23512000
16983000
7972000
9431000
13459000
5442000
7026000
9191000
7639000
16000000
10207000
11533000
6397000
7952000
8844000
8900000
8761000
8980000
7643000
7235000
6785000
8389000
21416000
7109000
7909000
9104000
8976000
5254000
10662000
6748000
6850000
7353000
6663000
5786000
14676000
6973000
8015000
10813000
10193000
8268000
7867000
7886000
9113000
8001000
7940000
10603000
12378000
7935000
8349000
11129000
8682000
7971000
7596000
6574000
9100000
6996000
18724000
7735000
7393000
17622000
8760000
7146000
7502000
10101000
7681000
5813000
19339000
6441000
6065000
5389000
13624000
6780000
9797000
6729000
5655000
8373000
28036000
9835000
6323000
9309000
12471000
8792000
7032000
7926000
9913000
6945000
12241000
11266000
9198000
7806000
12475000
7636000
7673000
8138000
9324000
9185000
42445000
39196000
9810000
9791000
6470000
8882000
7414000
9876000
6327000
5361000
43062000
7492000
6572000
7386000
9499000
7741000
7455000
43720000
30886000
16760000
10876000
8849000
16414000
7119000
7636000
7383000
7924000
9392000
7650000
10102000
14903000
7115000
21553000
9828000
7782000
5508000
5394000
6684000
5543000
5826000
8997000
5881000
7778000
6988000
5508000
8255000
7626000
5577000
5135000
5104000
5064000
5979000
6964000
5248000
7356000
9695000
11262000
7207000
5551000
5410000
11254000
5302000
42063000
4913000
11822000
9497000
4905000
4794000
4890000
9908000
7342000
7972000
6699000
5169000
5387000
8809000
6675000
5547000
11433000
8111000
8125000
5429000
12671000
6744000
6820000
6127000
5520000
6140000
28110000
12352000
4924000
6458000
5126000
7251000
8952000
5168000
8625000
21693000
8016000
15933000
14935000
7235000
12579000
6893000
7962000
5223000
5203000
6367000
6251000
5468000
21735000
12393000
9680000
11626000
17794000
20966000
7733000
6115000
13886000
8187000
4332000
4545000
4664000
7712000
9593000
4502000
5526000
7735000
4868000
4853000
5841000
5498000
4895000
5031000
10486000
8770000
5671000
5512000
8478000
5662000
6192000
8108000
5528000
5630000
5606000
7989000
6416000
5730000
7819000
5649000
7154000
5132000
6216000
4993000
5604000
9153000
6398000
7436000
6762000
5185000
7441000
5496000
7708000
18885000
7303000
7523000
10198000
11287000
7045000
7762000
5917000
5468000
6901000
5439000
6478000
12753000
8010000
7741000
5405000
12307000
5550000
5496000
8747000
6741000
6438000
6961000
4965000
8277000
12221000
8550000
4892000
4764000
5500000
6454000
10154000
7801000
5628000
6373000
8574000
7468000
7339000
10021000
8440000
6873000
6768000
5588000
12914000
6814000
5875000
4796000
5565000
5381000
6756000
6416000
6464000
11187000
10307000
8479000
4963000
8325000
6055000
6911000
5967000
5584000
4951000
4899000
8118000
5662000
5479000
12463000
12258000
5279000
6904000
9776000
9645000
5061000
6671000
6918000
5431000
8290000
5136000
4683000
6763000
10157000
9853000
5423000
7175000
8157000
9163000
7725000
6097000
5620000
6311000
6268000
5826000
5448000
10974000
12499000
5504000
5649000
8678000
7501000
5464000
7583000
5158000
5027000
5337000
9696000
5440000
6970000
8703000
5981000
6508000
6466000
6525000
8476000
8448000
6372000
6543000
6285000
7729000
7666000
6661000
5108000
9076000
10771000
8615000
7728000
9273000
8923000
7878000
5813000
6911000
10320000
7611000
6360000
11801000
11637000
5585000
5557000
9265000
9888000
7495000
6412000
7862000
6608000
6372000
6386000
12246000
12744000
10029000
15600000
6919000
6838000
7900000
10099000
8445000
7218000
5214000
9530000
11448000
7882000
9005000
14407000
7766000
8655000
6899000
6997000
8361000
6184000
9416000
14323000
6739000
5729000
22156000
9379000
5749000
6842000
5495000
6022000
5949000
8147000
11971000
6861000
5556000
8289000
8837000
8757000
7137000
8134000
10525000
7697000
8691000
6164000
10651000
9802000
6988000
5567000
8382000
10404000
9727000
6750000
7562000
8748000
7979000
12731000
23150000
5915000
7792000
8370000
10209000
8075000
6560000
6961000
6446000
6561000
14439000
7926000
10085000
11480000
10050000
6100000
7778000
4861000
4849000
5639000
5674000
5421000
5304000
8740000
7822000
4623000
5317000
3941000
4207000
14568000
7826000
8473000
4846000
4797000
6065000
14312000
6230000
13923000
5403000
6268000
13478000
8309000
7541000
8616000
6405000
4535000
4413000
6306000
4781000
5171000
8902000
9965000
6552000
6038000
4762000
12584000
5856000
8472000
7498000
4920000
6165000
6781000
8074000
12003000
7574000
6800000
7304000
10035000
10209000
5840000
6675000
8075000
7606000
6963000
7257000
6508000
10364000
10264000
22521000
10977000
8877000
6913000
7425000
13306000
7960000
18029000
8814000
6572000
10319000
10214000
5456000
10095000
7820000
7987000
7539000
6696000
17818000
10216000
8056000
14951000
5920000
8656000
6880000
6745000
10097000
5310000
5773000
8804000
9721000
10467000
7584000
13900000
7827000
10227000
8140000
9635000
8411000
6886000
8929000
8712000
9579000
7602000
12769000
6991000
10369000
5981000
6610000
7566000
6941000
5821000
17234000
7510000
7995000
14601000
14418000
8273000
6813000
8940000
7181000
13957000
11203000
6762000
10420000
13999000
5506000
7859000
11089000
11512000
7892000
7524000
14933000
9281000
7661000
15326000
6900000
8669000
7772000
8390000
8896000
8334000
12015000
8039000
10050000
5055000
9801000
10629000
11985000
5587000
7044000
8252000
6955000
7218000
12233000
6099000
9623000
6594000
13376000
13044000
5505000
8595000
7927000
7150000
9097000
12500000
9376000
6772000
11739000
12986000
7398000
5754000
7157000
5049000
18906000
9239000
13824000
6740000
10603000
9886000
10323000
6853000
7753000
8653000
7675000
5698000
9878000
8553000
4823000
9794000
25131000
8643000
6200000
5919000
8198000
7853000
6533000
19300000
6757000
14708000
10122000
6912000
5756000
5319000
5155000
7738000
5310000
6806000
7834000
10876000
8210000
9236000
9790000
8703000
6947000
9485000
7621000
10690000
8067000
6722000
18737000
8313000
8182000
8082000
10847000
7081000
6218000
5794000
7409000
8753000
7611000
10703000
10135000
5154000
8033000
16931000
9210000
6310000
6957000
8656000
7283000
8345000
6088000
10254000
7910000
5517000
7422000
10040000
7562000
10763000
7735000
6984000
8246000
9065000
8713000
10390000
8372000
6682000
8879000
7487000
7619000
8317000
8267000
8718000
8510000
8274000
5538000
11210000
9713000
6806000
7008000
15406000
7023000
10226000
7845000
8377000
7203000
6978000
14926000
5512000
8155000
8074000
8843000
9530000
10641000
7016000
5406000
7300000
5321000
5243000
12182000
11116000
7486000
8347000
12919000
13763000
7130000
6509000
9592000
6793000
7973000
21926000
9616000
11232000
10315000
7609000
9455000
5181000
8895000
7750000
6348000
20152000
8521000
7822000
12929000
5938000
8972000
6136000
5846000
5750000
10431000
8135000
11911000
9493000
6016000
7864000
14837000
7938000
8046000
6637000
9141000
7499000
7382000
10957000
10755000
7997000
6768000
15053000
7421000
6789000
7530000
6381000
9067000
8183000
7708000
12220000
6328000
11215000
13237000
5837000
9988000
9795000
7776000
8865000
5545000
6451000
11453000
5589000
6339000
6335000
4883000
7817000
7428000
4586000
8002000
5937000
4775000
4821000
6963000
4695000
5881000
9493000
9947000
5478000
4873000
4979000
7661000
10991000
6474000
7436000
5549000
6399000
6610000
6344000
5160000
4687000
11610000
7776000
4396000
4705000
6049000
7911000
11572000
10239000
5530000
8039000
7160000
8104000
11948000
11819000
8307000
9049000
23508000
9595000
9898000
8717000
7373000
5621000
13876000
5781000
8993000
11839000
8655000
7965000
10891000
9142000
21194000
17589000
9159000
8204000
15098000
7272000
10302000
7359000
6953000
8348000
7018000
12422000
8254000
5506000
6267000
6972000
12081000
6486000
8765000
7495000
7732000
10142000
7789000
10200000
11029000
8252000
8651000
9553000
8130000
8515000
5654000
9248000
8774000
7790000
6186000
11683000
9207000
4933000
4621000
4593000
6854000
8021000
4744000
7644000
9156000
6944000
8825000
7850000
14876000
10175000
5318000
13182000
11922000
9790000
6637000
5833000
9559000
8353000
5729000
9603000
11455000
7809000
9023000
8988000
7459000
9126000
6172000
6901000
9886000
6291000
6412000
9066000
10761000
8322000
8105000
11835000
28607000
7005000
11665000
5500000
14599000
9882000
10533000
13382000
8892000
8922000
5820000
6688000
8312000
6621000
17992000
10267000
7500000
10774000
10005000
7873000
7738000
11028000
9583000
7354000
13726000
14177000
6482000
6745000
15256000
6758000
9472000
8956000
8166000
5995000
7816000
10751000
9513000
7448000
6649000
8680000
11121000
8525000
9332000
7905000
6978000
5604000
8830000
10364000
9261000
6828000
7117000
15455000
6376000
8257000
7088000
6560000
8662000
6872000
6780000
18462000
11060000
10151000
11756000
7944000
7794000
7097000
9136000
8860000
7512000
12461000
8752000
8273000
12978000
10394000
8585000
6554000
7890000
9550000
7254000
6505000
13510000
8201000
5509000
7909000
11908000
7603000
8113000
5395000
6878000
9365000
13302000
18019000
9390000
7387000
16911000
7378000
7031000
9416000
6496000
7635000
8325000
21796000
7925000
6717000
16175000
7825000
8052000
7722000
7973000
7285000
8049000
12319000
9481000
5480000
7660000
15852000
6816000
6755000
10126000
7419000
9573000
6608000
23602000
9744000
11510000
12261000
5475000
11003000
7654000
9936000
7660000
7168000
9999000
11679000
9476000
14957000
9413000
13085000
7515000
8408000
6885000
6754000
20714000
10402000
13848000
6342000
7097000
9636000
12252000
8208000
6821000
5841000
10857000
8632000
11880000
17153000
7284000
9206000
7444000
7547000
7142000
5960000
10147000
11189000
8529000
7669000
20979000
8018000
18992000
7283000
9047000
9239000
7000000
8458000
12197000
8596000
12479000
7699000
7674000
8967000
6860000
5451000
4433000
10515000
7091000
8489000
6199000
10501000
11424000
6776000
9592000
7972000
10012000
7628000
5592000
12074000
9395000
8362000
10723000
8999000
7839000
12269000
7196000
9725000
9027000
10237000
9672000
14273000
23028000
11177000
7262000
7859000
7263000
6975000
6475000
12815000
9906000
7725000
5802000
11232000
9031000
13156000
5985000
8148000
6931000
8374000
11774000
9803000
5986000
6683000
8204000
12703000
6720000
7824000
5598000
8407000
5304000
4731000
5328000
8057000
7241000
6162000
7282000
7005000
11592000
7461000
8284000
6816000
8879000
7093000
9265000
9297000
14103000
7996000
6454000
8845000
10643000
7816000
6031000
6774000
7501000
7071000
7363000
10813000
10628000
7044000
7110000
10159000
12150000
9531000
9440000
8097000
6582000
6667000
12072000
6964000
6609000
5863000
7926000
14992000
5566000
7673000
5507000
7572000
7616000
6314000
6243000
8535000
7081000
12198000
7934000
7299000
9107000
4786000
6086000
6030000
6941000
6829000
7677000
7878000
13257000
6716000
7078000
7980000
17527000
5629000
10105000
6846000
7757000
10241000
7988000
9325000
10108000
5340000
5587000
11051000
10077000
6506000
14585000
6849000
7877000
11341000
11986000
11007000
6611000
15149000
10471000
9419000
7626000
7814000
10928000
8037000
13194000
11652000
7918000
6786000
7290000
16663000
7130000
8706000
7395000
7510000
6626000
12778000
8142000
8024000
7320000
12641000
9078000
14470000
7080000
9669000
7632000
11559000
10968000
5648000
5494000
10431000
10665000
4778000
11693000
5012000
7187000
6447000
4896000
7005000
13770000
7845000
6804000
5322000
9854000
9717000
8869000
6964000
5471000
6948000
6076000
5100000
5499000
7104000
11249000
5413000
5974000
5481000
8634000
8346000
5374000
10132000
6605000
5602000
7862000
5171000
15177000
6889000
7913000
5603000
6550000
13138000
6186000
6797000
5444000
5578000
6228000
6787000
6446000
5635000
9407000
12076000
6012000
5664000
8662000
13092000
7122000
6475000
6723000
7595000
6031000
6883000
5592000
11184000
8641000
7287000
6785000
11186000
8007000
7192000
5567000
6595000
7105000
6656000
5372000
6668000
12862000
7203000
5522000
6761000
8869000
7529000
5335000
11221000
5393000
7193000
8232000
5141000
5564000
11537000
10133000
11573000
9483000
11161000
6534000
7871000
4930000
4918000
4533000
6135000
5232000
5493000
13120000
9670000
6805000
7158000
8559000
8599000
6354000
5294000
8753000
6849000
6880000
8472000
6018000
9566000
10484000
7947000
6205000
6899000
9812000
7485000
5566000
6419000
5468000
9000000
6820000
6866000
10002000
9800000
6049000
6273000
13400000
6544000
8071000
5381000
6412000
5377000
6975000
4974000
6245000
10116000
8146000
5568000
6560000
7034000
7337000
7645000
6907000
8347000
5497000
5551000
8760000
6218000
5522000
8562000
8724000
5945000
5238000
6795000
10136000
6203000
5053000
12503000
6843000
5445000
6025000
6648000
5635000
13387000
7049000
7457000
7138000
13457000
7015000
6543000
6941000
6717000
5408000
6552000
7228000
5453000
9655000
10096000
5721000
5853000
11698000
8002000
5414000
7799000
6344000
7433000
7440000
5398000
6628000
11566000
9744000
5414000
5397000
11554000
8844000
5035000
6471000
6511000
4864000
5813000
5974000
5330000
6579000
11508000
9336000
8005000
5613000
15092000
5683000
8772000
5364000
6477000
8525000
5834000
5397000
12183000
9664000
6830000
5060000
10147000
10313000
6683000
7268000
5355000
5241000
8531000
6814000
5355000
13655000
10183000
7590000
5706000
8696000
8809000
5729000
9125000
6353000
6907000
6447000
5379000
5259000
10528000
10879000
5571000
6741000
9262000
9223000
6275000
9458000
7171000
6174000
6670000
7661000
10311000
11190000
11676000
21784000
7296000
7005000
7685000
38022000
9651000
6683000
8664000
12965000
7367000
9487000
8307000
7340000
13935000
5829000
12014000
8769000
7350000
7893000
11270000
6463000
6729000
8832000
6352000
9943000
6320000
7432000
12486000
8228000
7006000
7946000
13976000
6357000
12366000
6127000
9152000
6663000
7540000
8593000
7511000
5498000
4706000
7290000
11121000
8643000
4681000
7702000
7830000
7990000
6714000
8605000
9679000
11348000
7679000
7281000
16120000
6558000
13494000
9451000
11992000
7663000
9084000
7150000
12360000
8565000
12376000
6988000
7442000
6222000
8315000
7880000
6558000
7018000
14086000
9512000
8008000
9530000
12415000
7406000
8985000
7893000
9455000
6811000
7775000
12682000
6626000
7195000
12187000
10011000
7385000
7789000
8033000
6780000
8489000
5663000
12207000
13146000
10070000
9886000
11731000
9098000
8075000
6527000
10802000
7015000
6788000
18296000
6917000
5922000
8177000
12207000
5745000
13582000
6964000
9516000
5456000
7762000
16651000
6803000
7847000
8138000
11977000
8150000
6722000
9582000
9602000
7848000
5406000
8279000
8558000
6096000
6964000
9560000
8425000
5667000
8592000
7727000
6768000
7970000
6786000
6022000
9834000
14401000
8869000
18357000
7042000
7440000
5913000
8021000
6984000
9856000
10291000
9700000
6873000
8941000
9577000
12813000
9413000
8961000
10555000
8062000
12936000
13527000
9079000
6105000
16758000
6653000
9584000
7498000
9341000
7357000
5693000
9870000
11099000
5549000
7567000
11370000
10827000
12074000
6165000
5509000
7488000
6440000
7060000
18363000
5655000
5944000
10975000
10970000
24879000
5353000
6465000
5380000
4825000
10561000
9375000
6327000
7602000
9779000
12760000
9774000
7721000
6773000
7849000
6706000
22990000
7049000
6771000
7333000
11566000
8520000
8491000
6683000
10360000
7654000
7862000
13386000
7192000
7814000
34129000
5986000
8829000
9846000
7901000
10959000
8334000
8655000
8894000
14698000
10471000
7126000
5716000
8067000
8975000
8033000
13278000
9692000
9114000
6864000
18285000
9121000
8743000
8993000
11316000
9044000
14013000
7146000
6901000
6829000
8801000
10330000
5653000
5636000
7141000
4435000
6604000
6249000
8005000
16790000
8693000
7916000
10488000
9236000
8907000
6952000
6873000
8922000
9916000
11908000
10230000
7146000
9594000
9524000
13027000
7868000
12285000
8262000
8547000
8862000
17898000
7105000
7740000
16734000
13309000
9852000
10421000
6812000
8657000
19052000
7831000
6154000
9294000
11527000
8924000
6646000
7581000
8460000
9014000
6232000
15997000
7484000
6870000
9272000
11485000
7134000
9160000
8700000
8085000
8040000
7322000
12953000
7283000
4500000
6425000
7431000
6224000
5581000
8387000
4496000
5928000
7315000
11160000
17174000
10776000
9437000
12515000
12564000
10445000
8721000
8226000
10759000
6701000
12111000
9028000
8246000
6838000
47919000
12346000
8223000
16385000
9122000
7781000
24815000
19450000
8386000
9197000
11335000
12137000
8077000
11847000
12396000
9403000
9173000
6369000
8901000
8888000
12066000
11492000
8729000
6272000
7919000
8775000
6054000
6804000
8320000
8436000
9323000
6772000
10874000
9465000
7687000
11330000
7033000
6799000
5462000
8916000
6282000
5448000
5322000
6059000
6495000
4851000
7956000
10881000
6926000
8252000
15662000
6638000
6839000
9516000
10391000
7126000
6847000
24420000
8368000
11298000
12182000
8463000
9494000
6993000
6928000
6505000
6600000
14254000
7808000
7221000
10798000
9663000
7639000
5744000
6629000
6361000
8282000
5908000
4683000
10240000
13843000
7210000
6661000
16405000
12202000
8366000
6350000
10439000
5331000
7356000
16061000
7761000
7952000
11323000
9146000
7318000
6563000
7207000
4537000
11172000
7584000
12406000
6806000
8244000
8113000
16636000
7057000
13561000
4530000
6006000
5871000
4260000
4202000
4192000
10417000
8197000
6180000
4828000
4788000
14391000
7939000
17993000
10033000
11880000
15727000
13150000
15421000
9892000
8617000
7510000
8811000
10549000
8052000
13731000
14485000
6410000
14834000
9152000
9935000
7065000
7925000
11096000
9157000
18327000
6193000
8081000
10110000
9063000
6769000
11143000
8657000
9500000
6285000
7038000
11662000
8809000
9311000
8652000
10180000
5484000
8235000
6632000
13190000
7798000
5478000
12207000
9964000
8024000
6823000
17557000
9994000
7530000
8116000
6965000
5544000
6777000
10668000
10655000
6254000
7581000
16967000
5737000
7337000
6886000
7274000
7503000
6473000
7279000
13130000
9500000
7003000
6325000
9627000
10933000
9319000
8065000
7910000
7717000
8722000
10477000
9292000
9469000
8527000
8164000
6965000
12121000
7017000
6761000
9221000
7106000
15207000
10649000
6631000
6778000
9340000
12679000
9405000
9360000
6912000
8533000
8361000
8908000
10937000
7152000
8777000
22746000
8321000
6867000
5312000
7256000
4540000
4472000
8212000
9613000
8162000
4789000
6097000
9338000
10522000
11948000
8633000
6968000
12893000
7944000
13326000
14511000
8035000
12101000
8634000
9454000
13242000
7201000
7710000
7676000
18167000
9921000
5489000
10216000
9843000
8088000
7414000
7708000
8056000
8765000
12069000
7738000
7127000
6751000
10344000
9201000
8756000
18462000
7813000
7531000
9275000
15788000
5689000
7746000
9316000
9286000
7043000
9971000
7696000
6761000
8561000
7570000
45782000
12215000
6891000
8797000
6920000
7649000
6398000
4690000
10210000
15461000
5521000
7631000
14018000
9041000
10187000
7637000
11333000
8003000
13655000
8777000
7086000
8011000
8720000
10252000
10394000
8221000
8979000
7819000
6032000
13205000
11267000
6268000
6902000
8988000
9696000
7056000
10879000
7327000
9259000
6953000
6884000
8768000
9966000
9400000
13099000
13966000
8945000
8488000
6423000
7057000
8187000
7398000
13495000
13696000
6466000
9025000
9661000
6058000
5154000
5044000
5431000
4997000
6365000
6099000
6307000
11368000
6624000
6673000
6017000
7865000
10664000
4327000
9431000
8152000
6846000
7582000
8736000
10503000
7342000
6291000
6769000
7324000
15828000
8513000
11304000
6782000
11249000
5804000
6419000
15516000
5245000
11103000
8597000
8845000
6387000
8067000
12311000
9858000
8082000
11921000
12742000
8834000
11029000
12063000
8659000
30708000
18394000
9270000
7854000
5417000
10419000
30270000
19986000
22757000
7476000
5784000
19122000
31609000
12293000
15508000
6848000
8872000
6358000
7796000
12989000
7626000
8537000
7221000
16482000
7420000
10855000
10421000
5309000
5632000
6170000
15792000
7569000
10217000
7306000
11321000
8769000
10264000
11917000
8302000
7047000
12274000
7807000
11294000
8259000
6497000
9939000
5538000
15331000
11322000
10067000
9777000
9454000
9981000
7815000
8631000
8342000
6793000
6297000
12209000
9573000
7906000
9956000
9537000
5448000
5665000
6318000
7897000
4775000
6837000
5632000
4610000
7398000
6443000
8492000
6543000
3843000
3877000
7494000
10143000
4975000
5218000
4599000
4476000
4961000
4729000
4839000
7274000
5876000
11228000
11022000
4954000
5050000
6781000
11159000
6172000
6792000
4745000
8115000
6673000
4593000
7172000
4767000
9952000
8345000
5503000
6844000
10127000
15919000
9964000
6999000
5876000
6518000
5703000
6952000
10971000
8656000
9725000
10484000
8938000
11838000
14472000
7468000
5930000
6056000
10182000
10085000
5693000
7689000
9662000
11263000
9221000
6710000
5631000
7050000
7461000
9382000
11215000
10763000
7937000
7947000
8497000
8864000
8900000
9885000
6057000
8492000
8181000
11861000
8050000
8393000
7868000
11401000
12744000
7364000
6943000
6789000
8169000
6470000
6601000
13388000
9272000
7992000
6708000
13339000
6430000
5351000
6494000
6247000
4883000
7122000
4535000
8482000
13064000
8329000
5768000
5382000
11763000
10698000
8435000
7034000
7169000
7570000
5602000
5400000
22376000
32028000
38323000
19943000
21869000
6762000
10409000
4753000
5393000
9296000
5850000
7685000
6729000
7004000
14376000
10936000
5630000
5424000
5460000
11075000
7574000
5710000
5921000
8601000
5999000
6060000
7734000
13333000
23517000
81096000
8916000
12045000
8090000
9886000
5770000
14253000
7171000
8868000
9139000
10471000
11435000
5537000
5546000
7382000
6799000
9344000
8418000
10141000
5515000
7604000
6215000
5720000
10271000
9083000
6082000
5171000
8036000
6737000
9879000
7787000
6067000
6311000
4635000
6175000
6160000
7261000
14436000
13367000
5765000
9275000
10076000
8317000
5650000
10274000
11297000
5561000
5310000
9852000
9390000
5419000
6936000
5498000
9600000
9384000
8666000
7236000
5274000
7709000
5025000
7135000
11314000
8697000
9155000
5249000
9818000
10836000
5643000
9383000
8879000
8155000
5744000
5117000
10548000
13894000
6246000
7238000
16559000
4886000
11318000
6409000
6106000
5728000
4811000
19384000
21438000
5142000
7699000
10294000
9663000
19787000
13012000
5690000
10940000
7895000
5180000
7286000
8948000
8811000
5161000
9126000
4878000
16823000
7343000
10035000
16619000
7183000
7486000
7292000
10165000
5704000
6879000
6038000
5507000
6623000
8536000
11584000
5995000
8695000
9412000
6735000
18210000
5762000
7937000
5350000
10904000
6000000
5447000
11038000
9794000
5769000
5489000
6844000
7663000
8262000
11175000
6355000
6243000
8344000
9057000
7928000
16323000
8385000
5424000
8818000
9409000
4851000
4845000
5638000
4686000
7152000
6044000
5304000
8788000
6575000
12591000
4719000
5398000
23356000
11969000
7000000
4471000
5782000
10967000
4708000
4681000
10266000
7443000
4743000
4960000
4584000
9355000
6288000
6985000
6752000
6027000
4724000
4417000
5199000
6416000
10043000
11814000
6473000
4823000
4695000
6890000
6104000
13758000
10944000
5960000
4717000
8726000
7988000
5352000
13898000
7211000
7123000
4752000
8194000
15421000
5342000
16854000
11465000
6290000
10136000
5230000
5947000
5773000
5802000
5326000
6296000
9541000
5082000
8973000
5441000
6282000
5735000
7182000
5990000
9274000
17473000
6171000
19521000
7005000
5611000
5806000
6969000
5020000
5260000
5935000
4751000
12926000
7928000
6587000
5517000
9209000
10712000
8786000
11168000
6833000
11890000
8546000
16145000
12807000
7311000
13180000
8770000
10079000
8013000
6592000
6346000
5406000
8231000
13359000
13140000
14756000
7104000
6754000
12798000
9800000
6152000
7169000
6854000
18305000
12529000
11728000
11528000
6760000
8134000
5698000
12317000
7311000
16303000
11266000
5431000
5621000
12402000
13071000
5317000
8663000
7643000
7910000
9544000
16452000
15458000
10361000
14829000
13464000
5775000
13660000
36050000
6900000
9809000
12918000
7812000
7301000
7404000
10662000
8035000
10975000
12842000
11232000
10554000
10052000
10839000
8496000
7753000
9530000
7208000
11064000
12864000
21744000
14652000
14241000
5326000
6866000
7761000
7568000
12103000
10796000
9094000
6728000
10885000
9225000
8468000
14049000
8625000
8939000
19051000
8886000
7930000
8846000
11534000
8367000
11097000
10668000
10938000
16631000
10305000
8992000
7783000
6792000
9960000
6885000
7388000
9296000
7013000
7796000
9261000
10623000
10892000
7005000
11096000
9413000
6932000
11353000
11106000
8167000
9485000
13006000
11560000
5802000
7007000
9086000
7573000
13178000
9088000
8532000
12547000
9355000
12394000
7105000
9173000
10494000
6752000
5281000
9746000
4843000
4531000
7549000
7441000
6948000
12594000
9564000
9492000
5269000
8239000
9452000
6547000
5566000
6201000
4944000
9371000
5245000
6499000
13231000
9025000
6213000
5320000
15143000
8750000
12615000
9817000
11310000
8180000
12614000
9283000
5209000
5001000
5056000
6880000
9493000
7026000
10330000
8620000
7815000
7083000
6462000
13904000
6099000
8003000
7505000
8098000
9293000
7051000
5774000
5487000
8408000
9090000
9250000
14610000
7986000
7620000
11411000
13061000
9760000
6125000
6476000
7224000
6924000
5226000
13796000
10835000
5264000
9572000
13558000
8370000
8412000
7335000
10642000
10269000
6079000
18470000
5671000
8209000
14706000
5498000
6552000
7172000
7126000
9357000
7013000
6652000
16147000
9621000
7695000
16269000
7801000
9065000
8615000
7268000
7783000
9057000
18896000
7456000
7421000
8503000
12231000
8560000
8524000
10762000
9730000
5452000
5327000
11697000
8081000
9959000
9924000
10209000
5900000
15667000
7532000
10151000
6854000
13623000
11785000
6767000
6694000
7198000
10600000
7685000
8285000
8010000
7645000
6800000
7835000
14133000
7627000
6963000
12057000
11188000
9762000
7988000
8783000
8741000
8350000
12824000
11528000
6426000
5917000
10492000
7819000
9031000
27618000
9950000
18751000
6114000
7816000
10870000
12044000
7452000
7794000
8745000
9596000
7014000
5790000
10765000
8574000
8682000
5638000
13895000
7866000
9163000
8765000
6698000
6964000
5581000
10890000
7462000
8683000
7088000
7174000
6954000
12899000
7140000
6771000
5541000
8165000
9388000
7599000
11511000
15137000
8571000
8377000
8424000
8226000
5292000
5716000
6076000
9659000
5141000
5278000
11303000
8391000
6853000
7842000
8558000
11487000
6063000
9034000
5620000
8749000
7236000
6206000
10454000
9872000
6178000
6036000
5402000
15898000
14107000
10589000
7777000
4962000
4503000
12541000
11125000
4825000
6026000
4210000
15151000
6458000
8549000
4936000
5809000
4709000
6693000
5997000
6319000
12358000
19055000
19637000
7510000
9275000
6366000
5202000
6218000
4549000
4689000
6037000
10408000
9093000
7304000
4498000
8865000
10748000
8979000
6351000
4581000
6572000
6381000
6939000
4962000
10638000
10615000
4940000
4809000
7500000
7223000
6743000
5478000
7687000
6371000
4562000
4546000
5017000
4601000
4867000
4573000
12590000
6355000
4820000
6036000
4916000
7749000
10292000
4748000
5759000
6052000
6280000
8734000
4575000
6309000
9114000
7272000
10419000
6280000
4367000
15114000
6044000
6706000
4501000
5045000
6296000
6844000
5081000
5282000
5197000
14581000
8013000
8771000
8507000
11623000
10906000
5831000
6582000
6050000
7200000
7733000
10081000
9615000
5909000
7489000
9296000
10923000
5788000
11534000
7069000
8646000
6540000
5812000
10569000
10660000
9119000
5318000
9815000
8207000
6832000
11398000
7951000
8081000
6827000
8071000
10643000
9548000
10025000
11584000
10398000
6676000
6684000
7479000
6595000
8463000
5470000
6699000
12767000
8163000
6066000
7887000
16609000
10077000
7218000
9890000
29025000
12906000
9638000
17405000
6467000
8260000
6846000
8315000
7757000
8154000
10254000
13410000
9507000
7627000
11771000
6551000
6121000
5530000
5625000
5214000
6654000
12673000
7950000
12313000
7144000
12589000
18536000
5663000
4524000
5521000
5789000
7187000
6099000
5369000
9448000
12595000
6773000
9511000
8955000
8106000
5749000
32466000
8497000
10325000
13583000
7640000
19157000
6652000
7701000
5556000
6800000
9456000
14547000
9553000
8652000
9015000
7424000
8835000
12121000
7352000
8103000
6824000
8097000
6938000
6860000
17432000
7345000
7462000
17804000
5531000
7036000
8356000
5870000
9290000
6610000
13718000
10411000
10173000
6997000
10262000
10944000
8276000
6320000
5279000
5148000
7429000
6802000
8300000
7881000
9394000
5559000
7437000
19525000
6775000
5275000
4638000
7952000
7892000
5470000
7243000
12783000
8409000
8778000
10019000
12051000
6656000
7259000
6849000
6716000
9523000
6486000
11676000
9768000
8756000
6444000
13114000
6966000
7020000
5886000
6700000
9793000
6551000
7033000
16129000
13661000
5724000
12297000
6885000
9749000
7363000
6724000
9458000
8810000
10111000
13470000
8924000
6653000
8666000
9480000
7112000
8013000
7713000
11485000
12473000
9606000
7769000
15000000
30176000
11768000
5809000
18932000
10737000
12480000
8904000
6468000
13254000
7681000
7833000
5560000
8071000
8846000
5256000
5692000
11654000
9783000
5900000
7153000
15106000
14049000
16674000
18637000
19562000
6335000
24844000
7119000
13867000
7080000
8090000
7910000
6650000
19316000
7294000
6678000
15852000
7894000
9117000
8944000
19169000
12406000
9276000
6803000
8556000
10183000
14997000
8856000
6932000
8628000
6954000
6406000
5280000
18860000
6936000
7938000
17992000
6914000
6981000
5846000
5841000
5156000
6425000
6424000
4994000
11622000
8713000
7463000
5920000
14370000
11951000
10096000
5491000
11197000
5671000
4790000
10689000
5264000
8364000
5881000
7061000
11733000
5332000
8486000
10381000
26956000
12347000
8812000
5501000
20952000
5219000
5425000
9079000
5983000
6186000
5472000
6037000
10261000
17074000
6804000
5169000
9532000
12916000
7987000
6997000
8259000
4895000
6121000
4337000
4578000
10639000
9954000
5775000
7277000
4166000
7405000
7511000
22245000
14118000
5756000
5850000
10213000
7259000
5095000
5874000
9032000
13334000
12148000
6991000
8334000
9304000
7888000
13202000
8069000
6474000
6072000
7179000
15615000
8894000
8157000
5614000
6918000
9334000
7858000
14407000
8459000
6980000
13522000
13960000
9796000
7711000
7010000
10104000
7671000
8022000
10022000
7489000
6390000
9609000
13682000
8351000
7879000
10407000
8519000
9193000
14642000
8183000
9624000
17203000
6613000
6029000
9027000
5594000
10022000
10775000
11688000
7812000
6678000
5641000
6527000
15973000
10608000
7491000
17533000
9797000
11117000
10331000
6427000
9742000
18512000
6711000
6932000
8759000
8470000
5787000
8852000
8764000
5307000
7623000
5872000
5872000
7619000
9322000
5617000
4944000
6397000
5772000
6876000
15704000
10323000
13720000
5742000
4918000
9381000
9942000
5522000
16114000
22708000
29021000
11020000
42950000
8097000
31727000
12408000
5847000
8893000
13084000
8422000
29433000
5877000
13090000
8841000
6692000
6840000
8508000
8929000
9263000
8752000
5681000
9038000
7064000
7140000
12122000
8502000
5414000
6108000
9957000
10336000
7505000
5492000
6920000
5738000
6305000
5314000
7099000
9639000
7892000
8516000
6927000
4777000
6796000
8269000
5284000
7913000
12068000
5140000
6624000
6725000
5741000
10605000
8815000
7043000
5117000
7588000
9661000
5121000
7283000
4876000
6596000
5017000
7354000
8180000
5186000
11016000
7605000
5527000
5316000
10866000
6254000
8202000
8028000
5263000
5408000
8666000
5283000
8726000
13467000
10296000
6932000
19193000
17120000
9482000
6779000
7862000
6365000
11171000
9239000
5361000
6709000
5486000
13161000
7598000
10144000
18777000
7105000
7127000
11984000
10533000
7638000
5461000
14132000
6695000
6050000
6822000
9299000
6944000
14790000
19601000
7119000
5356000
9380000
10004000
6633000
7188000
6838000
6571000
8260000
5210000
8266000
11420000
8618000
4752000
4568000
5617000
6169000
10554000
4238000
7345000
5348000
7134000
6682000
6261000
5101000
10310000
10967000
5921000
5273000
4664000
7045000
7919000
7231000
7793000
4551000
6030000
4339000
6321000
4975000
5209000
5526000
9816000
9163000
6894000
5066000
16096000
6614000
5773000
7332000
5221000
4780000
7034000
5679000
6540000
8912000
10276000
5289000
5549000
7232000
6698000
9037000
4976000
5962000
5387000
6901000
6755000
6480000
6690000
11296000
10094000
7037000
7041000
8831000
9247000
10167000
5858000
5686000
6589000
7267000
6428000
4880000
14083000
10871000
5652000
5282000
17807000
9532000
5187000
5802000
7387000
9211000
5531000
12868000
9680000
7280000
7068000
9042000
9501000
6249000
9892000
5259000
5330000
8828000
9233000
5428000
15871000
6474000
6504000
11513000
10821000
9822000
6327000
5478000
5624000
7943000
5000000
5620000
12678000
8660000
5431000
6422000
8250000
9201000
5648000
6915000
5405000
6006000
5852000
6387000
6371000
5283000
11973000
9488000
5710000
7620000
8481000
12641000
10584000
7373000
13268000
6401000
6801000
9445000
13095000
7850000
5807000
11402000
6872000
8065000
6814000
5253000
10766000
7657000
13868000
9925000
7808000
6656000
10717000
9764000
8733000
7954000
10057000
11331000
15721000
12230000
8028000
7104000
9352000
11449000
9568000
9429000
6886000
7418000
7689000
13771000
8250000
6985000
6610000
10574000
10266000
7179000
5314000
7784000
6656000
8405000
6319000
6218000
16599000
7632000
7597000
14058000
7169000
7324000
6821000
6943000
8073000
6845000
5866000
12867000
13009000
5733000
5345000
8038000
8177000
10800000
51995000
203242000
202471000
202691000
207224000
200139000
207003000
206543000
205757000
204058000
204042000
206037000
199501000
205508000
207115000
205093000
204404000
205193000
203492000
204032000
202450000
205141000
203983000
204534000
201642000
210701000
201731000
205590000
204376000
206592000
204480000
201989000
203938000
204037000
207681000
201759000
204114000
208079000
201495000
217045000
191027000
209011000
209685000
197817000
202807000
207834000
201593000
203167000
204943000
208297000
103059000
17569000
19408000
7854000
7826000
8171000
6869000
8576000
8104000
23256000
12108000
9122000
7554000
6442000
7125000
8017000
7107000
6797000
7286000
6589000
19907000
7882000
7494000
15553000
7201000
11710000
7723000
8096000
7388000
6438000
15884000
11090000
7297000
8197000
12621000
6304000
10781000
7501000
10319000
5870000
5834000
15824000
9770000
7321000
8466000
10142000
7508000
7076000
6364000
8045000
6787000
8435000
20648000
7199000
6671000
12899000
8603000
8066000
12326000
7253000
13317000
10088000
8455000
9287000
6109000
11319000
9788000
7635000
11815000
5660000
6927000
7066000
6208000
16670000
9283000
8941000
9478000
15169000
7809000
5737000
7936000
9563000
6812000
7109000
14623000
10154000
9318000
10202000
9885000
8284000
7660000
7694000
7674000
8464000
13197000
11642000
7656000
7302000
10094000
9036000
7091000
7471000
9050000
7561000
6951000
8203000
14019000
7328000
8424000
9144000
13575000
10306000
7813000
5597000
8274000
7719000
7994000
10709000
8712000
10172000
10954000
11717000
9145000
9926000
6532000
10003000
6629000
12030000
10640000
8055000
6861000
65917000
13139000
9011000
7126000
6937000
29555000
16055000
8433000
6742000
9781000
13363000
10895000
12509000
12094000
6909000
6854000
8058000
10104000
7081000
11053000
14401000
7908000
9336000
7349000
8086000
5987000
6098000
5717000
8586000
8051000
6551000
7101000
12103000
9098000
8066000
8486000
11923000
6804000
7451000
6447000
6612000
7832000
6743000
6039000
8390000
6182000
5929000
6371000
4517000
11672000
10882000
6915000
7196000
7854000
8740000
8567000
6975000
19999000
6825000
9483000
15596000
8189000
6990000
7739000
8595000
6431000
6805000
12034000
12148000
9648000
9919000
11402000
8430000
6757000
7554000
8445000
7593000
8767000
11345000
9402000
8349000
20518000
8186000
11527000
7254000
7679000
7835000
7967000
13021000
9387000
9280000
17058000
7778000
8548000
6210000
11848000
6795000
7953000
8097000
8709000
6705000
7288000
9368000
16164000
7309000
9128000
8072000
7441000
6054000
7254000
15501000
6508000
8134000
10137000
12851000
8025000
9598000
8686000
7437000
9167000
10674000
9315000
6249000
5763000
4364000
8854000
6398000
7221000
4474000
4633000
4600000
7874000
6285000
7537000
4890000
13408000
10223000
5479000
6458000
9328000
10004000
7984000
9553000
6985000
7753000
7787000
12957000
11769000
5703000
6864000
9303000
11368000
10471000
8054000
7855000
13439000
9167000
13442000
10826000
18747000
10419000
10718000
8832000
12018000
7004000
13602000
11315000
6243000
8218000
13010000
11342000
11917000
10254000
10405000
8875000
14126000
8316000
7146000
11168000
12545000
8859000
7655000
6308000
8704000
6862000
6958000
9216000
10818000
8241000
6666000
14088000
7772000
12507000
7024000
8417000
5588000
6649000
10059000
9040000
9692000
7892000
15095000
7887000
9177000
9692000
9405000
6510000
5438000
14795000
10593000
5922000
6014000
16487000
11404000
7618000
6753000
5917000
9019000
9220000
13579000
7778000
7622000
5675000
10136000
8235000
11833000
8802000
7200000
9597000
7807000
10179000
10632000
7135000
6684000
10605000
7938000
7327000
7306000
5087000
7009000
8993000
7446000
12052000
10223000
5944000
20522000
27631000
8360000
7987000
6653000
9465000
7223000
8358000
6736000
6218000
15677000
6953000
6071000
7899000
7297000
8540000
24062000
9511000
6847000
7600000
12194000
9113000
28048000
12805000
13254000
9756000
7667000
8939000
10920000
7829000
8575000
9648000
10388000
7175000
16243000
11134000
8435000
5860000
9408000
8569000
9461000
10328000
10945000
7164000
5675000
6080000
17724000
8044000
8009000
12320000
7466000
5791000
7199000
6499000
6024000
7659000
5308000
5428000
19560000
5332000
8108000
9740000
10483000
7061000
7298000
6362000
6631000
7299000
7305000
4970000
11529000
9156000
4848000
4734000
4694000
6424000
10525000
9656000
7434000
6542000
9210000
5466000
7074000
18485000
10209000
7259000
16563000
9108000
5743000
7776000
6608000
7694000
7008000
9309000
14092000
5648000
7062000
8420000
9437000
7957000
9513000
7474000
7002000
7103000
5797000
5419000
10553000
8158000
4811000
6506000
19928000
10495000
7989000
7785000
8416000
5159000
16708000
10831000
7380000
9395000
11780000
7433000
11737000
7133000
6497000
9731000
7634000
14198000
7855000
10888000
9752000
12745000
8729000
6169000
7053000
13484000
7361000
12576000
14317000
6849000
11481000
10512000
7435000
8416000
8004000
9669000
8494000
11605000
8819000
5803000
7106000
6009000
14164000
6883000
8196000
6667000
8011000
10510000
5501000
5565000
12938000
6603000
7251000
5467000
10327000
7782000
7093000
8094000
6806000
7437000
6134000
11895000
20692000
8047000
5729000
13801000
5634000
10999000
6076000
8054000
11348000
8101000
12743000
9777000
8435000
10685000
9577000
7435000
11432000
6335000
6942000
7989000
20341000
7778000
9667000
21794000
5422000
9034000
8003000
7394000
6995000
6632000
6194000
13338000
9658000
7606000
9541000
8325000
6044000
6177000
7574000
5698000
10316000
5808000
6384000
10991000
10577000
7622000
7832000
15015000
8236000
7620000
6374000
5773000
7648000
7141000
6972000
12891000
8270000
5376000
9632000
12302000
6863000
8299000
7754000
7598000
7411000
5472000
8389000
20166000
24766000
7638000
9162000
12558000
5890000
8301000
8113000
12817000
7839000
7549000
5581000
11025000
9392000
9321000
7030000
8852000
9020000
10005000
9559000
11678000
4931000
5741000
6065000
8342000
8677000
9213000
4309000
5546000
7094000
8135000
10535000
11396000
8389000
4502000
5549000
7291000
6675000
7072000
6918000
10061000
5277000
6968000
8927000
5877000
8264000
17516000
5539000
5628000
5857000
7439000
9226000
5794000
9686000
6020000
6107000
8985000
5412000
10588000
13104000
6231000
6990000
8537000
8396000
7555000
9894000
5630000
8836000
6303000
5729000
5657000
18739000
8960000
9000000
6922000
8176000
9442000
6829000
7402000
8229000
9536000
7628000
11389000
10944000
9594000
12149000
7009000
8879000
5576000
7524000
6927000
7427000
8146000
19773000
7267000
8575000
16585000
7959000
7885000
13533000
8587000
6400000
20891000
8159000
6374000
14336000
7817000
6332000
8776000
5921000
5572000
11399000
8555000
23037000
8413000
17788000
5232000
7968000
9467000
5502000
7850000
5989000
10160000
16076000
10638000
5600000
8343000
8913000
8173000
7244000
7243000
6905000
7565000
6271000
6939000
15900000
7006000
5611000
5882000
11358000
8563000
8592000
6663000
7886000
5984000
9985000
9333000
16445000
6211000
6654000
13575000
7461000
10923000
7914000
7456000
9082000
6313000
14612000
10032000
6666000
11514000
11917000
10049000
6493000
6333000
9113000
5078000
5846000
4702000
11287000
9137000
6336000
7140000
15289000
7518000
11163000
5949000
7045000
7769000
8283000
9878000
10312000
7341000
7678000
11559000
7690000
8496000
5836000
8565000
8708000
7200000
5585000
15869000
8027000
7824000
6964000
24383000
12706000
35117000
11954000
5885000
7522000
12460000
7694000
5447000
12921000
5844000
7637000
5671000
5479000
10107000
10138000
5994000
5200000
13960000
10323000
7097000
28331000
6655000
13830000
9780000
7778000
8776000
10514000
8083000
9046000
6984000
8660000
11795000
5842000
13205000
8946000
7910000
8857000
14720000
7363000
10550000
7449000
8826000
10673000
23108000
22295000
16886000
6134000
8217000
8258000
7895000
8105000
21764000
5877000
7391000
9026000
11624000
6838000
9327000
7852000
7558000
4979000
5976000
18006000
12212000
7583000
10870000
7797000
5243000
7540000
9910000
7156000
7037000
6914000
12098000
10467000
6029000
4467000
4605000
14986000
4613000
6044000
6249000
5171000
8592000
6998000
5279000
5131000
10039000
11021000
6126000
5355000
9805000
8079000
5219000
5998000
7718000
5658000
5350000
6945000
6973000
6473000
13164000
8114000
6567000
7076000
15416000
6502000
5915000
5267000
5219000
6289000
6758000
5456000
6729000
16890000
6623000
5883000
13060000
9793000
36670000
20314000
10716000
90950000
11355000
5020000
5467000
5385000
8882000
11238000
8504000
5590000
5913000
5243000
8119000
6637000
5871000
10885000
7471000
7145000
6028000
14817000
5191000
6899000
5234000
5257000
6924000
6649000
5383000
5335000
8488000
7009000
10728000
6674000
16644000
6426000
5607000
6915000
5978000
6891000
8476000
5433000
6789000
13873000
8096000
6660000
5344000
13871000
5708000
5172000
9582000
5939000
5953000
6869000
4972000
6704000
11850000
7700000
7514000
7982000
14638000
6159000
5377000
5142000
5421000
6473000
6689000
6755000
5978000
9830000
13964000
8315000
18374000
8751000
6816000
5927000
5352000
5085000
9785000
5375000
9293000
14061000
5502000
7376000
8262000
8992000
5608000
8002000
5451000
5530000
5538000
6684000
4368000
4700000
4595000
14787000
4862000
4698000
4919000
9105000
7553000
6038000
6587000
6330000
6046000
4325000
6182000
5703000
6321000
4540000
11676000
8452000
6063000
6365000
9552000
6079000
4662000
8704000
4333000
4140000
4314000
4449000
5552000
4467000
5114000
8400000
19322000
27948000
5603000
5500000
5365000
8509000
6678000
7818000
6842000
8849000
6328000
6828000
6430000
6647000
13652000
26443000
7969000
5811000
7871000
11109000
10513000
7194000
5955000
11743000
23231000
16399000
5467000
5397000
5804000
18692000
7652000
5165000
5234000
12335000
5625000
6050000
6517000
5227000
6932000
6729000
5014000
6788000
13497000
8329000
5781000
5712000
10219000
8691000
6756000
8253000
7362000
7525000
6677000
6689000
6465000
16918000
6527000
7139000
13608000
6119000
6003000
8555000
9538000
7701000
6462000
6459000
10084000
11163000
8578000
7612000
10688000
10166000
8063000
6760000
7507000
7697000
7925000
10886000
13329000
5680000
8245000
8925000
12674000
5826000
9078000
6677000
10044000
6916000
5448000
13403000
9542000
9381000
8773000
8303000
6685000
7907000
5296000
7529000
8197000
7317000
7543000
12798000
8784000
7888000
11648000
9199000
10751000
6412000
5041000
5975000
6517000
5012000
4719000
4767000
18526000
4703000
6599000
4281000
10047000
9782000
5179000
7519000
6555000
8063000
10344000
7378000
13186000
8032000
8160000
10672000
11069000
6860000
8541000
5442000
8372000
6592000
6459000
6087000
11861000
8677000
6495000
5801000
9110000
8716000
10580000
6274000
6545000
7177000
6792000
5666000
9798000
13552000
10568000
7615000
12349000
5727000
10037000
6877000
8445000
6747000
9064000
14901000
9787000
7139000
7041000
16970000
9471000
7613000
8015000
6870000
6617000
10628000
12965000
6752000
6898000
6858000
14472000
10356000
8580000
6707000
9624000
8518000
11320000
12793000
5127000
8240000
9461000
11937000
10533000
6913000
13717000
7552000
12904000
13484000
7482000
6563000
9471000
11732000
8576000
8069000
5627000
8009000
5350000
8003000
11839000
8992000
6828000
6773000
8276000
10342000
7048000
7247000
8832000
7168000
6816000
6934000
5709000
10154000
11014000
8785000
10424000
9526000
6571000
7203000
15086000
15140000
10408000
12110000
7626000
7704000
9639000
8671000
9948000
5415000
4806000
5740000
6303000
5315000
6676000
9353000
8389000
7370000
7815000
15114000
9011000
7872000
10153000
8389000
8862000
5550000
12483000
10020000
10713000
13231000
10118000
8201000
7356000
5225000
6714000
5273000
6925000
9046000
11570000
12653000
6697000
9944000
11681000
9592000
6646000
8879000
11971000
7811000
18927000
10051000
7769000
10235000
4879000
10998000
6516000
8532000
7366000
8396000
11986000
13458000
7943000
8661000
16471000
7867000
7897000
7814000
10079000
6637000
5264000
9531000
12083000
8063000
5858000
8437000
9101000
8267000
8501000
7607000
10261000
7079000
117518000
207139000
205418000
201708000
207301000
201045000
204153000
204691000
207692000
201270000
204756000
209348000
199196000
213296000
195505000
208477000
200553000
207708000
202983000
203623000
204723000
201152000
213878000
201904000
209176000
196494000
204213000
204699000
204463000
204516000
205004000
204506000
204334000
207503000
200025000
211934000
198359000
204010000
205082000
204622000
204212000
206131000
202145000
205667000
207909000
204408000
201022000
204603000
207807000
202623000
206730000
203488000
201527000
202080000
207613000
206523000
205814000
204418000
204620000
200511000
202505000
206966000
208110000
201053000
204852000
204530000
204535000
205232000
203734000
204311000
204827000
204415000
204619000
206781000
211061000
198716000
202762000
205253000
206036000
201175000
205139000
205154000
203327000
207380000
201358000
204115000
204368000
202411000
206773000
216660000
192382000
205031000
206086000
203210000
201246000
210108000
200534000
206135000
204019000
204016000
205045000
201995000
207742000
204619000
214223000
195053000
201122000
206939000
204581000
208164000
201187000
208391000
201029000
205983000
206711000
203507000
202597000
205071000
202652000
207274000
202642000
207335000
202035000
208692000
202480000
204868000
204546000
202235000
205456000
199686000
207683000
205003000
204419000
207470000
204951000
201450000
204238000
207503000
204174000
201310000
207763000
204569000
204461000
198385000
207512000
208101000
201452000
213730000
195493000
204778000
204747000
203654000
204882000
203440000
204837000
201919000
207764000
205632000
210167000
194619000
204175000
207727000
202064000
209756000
202302000
201086000
207481000
203529000
205446000
205097000
205053000
204017000
204562000
205989000
202664000
204540000
205344000
203694000
203735000
206915000
202077000
206191000
203690000
204688000
205723000
203390000
208580000
200901000
206446000
203840000
203923000
205538000
199105000
208045000
200920000
206869000
210129000
200793000
203162000
206277000
202374000
210779000
200121000
204236000
204839000
204115000
12739000
6048000
5687000
15063000
7144000
6230000
5816000
5873000
7000000
8227000
5685000
10431000
7599000
8775000
12165000
9424000
8168000
5747000
8066000
6477000
7649000
6822000
6685000
7490000
12873000
6221000
7981000
7044000
15805000
10415000
6825000
5970000
9365000
8304000
6729000
12619000
10170000
9058000
8296000
11968000
10995000
5879000
7718000
5200000
6736000
6408000
12671000
9887000
6805000
8466000
8354000
8512000
7472000
10783000
8045000
8546000
9799000
12305000
11575000
5922000
8551000
13791000
7441000
5698000
6562000
7432000
7273000
6095000
8549000
10678000
11170000
8435000
6383000
8353000
10085000
8039000
6425000
7935000
7023000
7445000
7072000
15034000
9756000
9917000
10361000
13225000
9659000
6942000
7160000
11851000
9079000
12309000
10324000
8202000
9835000
12116000
6926000
6943000
6964000
6631000
8140000
6810000
14079000
9181000
8956000
11915000
11286000
5571000
7992000
6481000
5991000
8697000
6591000
11153000
8642000
8201000
6876000
5778000
12371000
8802000
7845000
6515000
7334000
8875000
8712000
16948000
10279000
6901000
6492000
31643000
6067000
7753000
8952000
7852000
10474000
10523000
6796000
6975000
15775000
6736000
10053000
6802000
22675000
19939000
8181000
7335000
9286000
11738000
10866000
9616000
7899000
6741000
9162000
14365000
13791000
7037000
9432000
11278000
5663000
7119000
4830000
4789000
4063000
5792000
5898000
5892000
10620000
8299000
4753000
4632000
4755000
4566000
6730000
10347000
8855000
9525000
10087000
6544000
7570000
13132000
9662000
8201000
7446000
12245000
6435000
7591000
5715000
7027000
7719000
7533000
6595000
9436000
7742000
9928000
6732000
5625000
12079000
6576000
7639000
6619000
6728000
6559000
6721000
6745000
10486000
12912000
44450000
8069000
8875000
9532000
6714000
8442000
12700000
5252000
6830000
5353000
12079000
6963000
9129000
7882000
6592000
9869000
7164000
11061000
7199000
7758000
6903000
11279000
12784000
8443000
6695000
9442000
9392000
8093000
11812000
10799000
5934000
7983000
10348000
13379000
9423000
6582000
10167000
8602000
7839000
9159000
11208000
6964000
7155000
9331000
11358000
7481000
8166000
8836000
8249000
6844000
10726000
8974000
9157000
6548000
10379000
5639000
11417000
8572000
8185000
6426000
7229000
5346000
7089000
11416000
8925000
8099000
5950000
12397000
7008000
11435000
7935000
12471000
7434000
12308000
13070000
7643000
5817000
9827000
15763000
8078000
8036000
9846000
6310000
6219000
10267000
10970000
9056000
7757000
11825000
8049000
10181000
7440000
11130000
8127000
8197000
18493000
8851000
13222000
9407000
12081000
7039000
5522000
7016000
7801000
7811000
11235000
8937000
7175000
8053000
13362000
10050000
8784000
7933000
5878000
7798000
7720000
13131000
9994000
7984000
8856000
12365000
5933000
7144000
6872000
9901000
9361000
6927000
6348000
13577000
7259000
6715000
10671000
11214000
5737000
6540000
6731000
6899000
7925000
5620000
30297000
10649000
10326000
9724000
8857000
9519000
6802000
9495000
5706000
6517000
18260000
8354000
19350000
7842000
9345000
7085000
8336000
9323000
7251000
10201000
13938000
9284000
7894000
13246000
16243000
15839000
11790000
7264000
19524000
6536000
6651000
8818000
9501000
9819000
7812000
6778000
6520000
6921000
8239000
10692000
10274000
10440000
10601000
9855000
10792000
7225000
8843000
9346000
8862000
11822000
11983000
7245000
7821000
17392000
9191000
7993000
10881000
6926000
7928000
11361000
10533000
9200000
9400000
6976000
7349000
6251000
5964000
4452000
6066000
7997000
5579000
4617000
5939000
10011000
10873000
6940000
7675000
15634000
7724000
12175000
7845000
9503000
9313000
12677000
12633000
6293000
6786000
15179000
7363000
8641000
7021000
6883000
7217000
8141000
5424000
10994000
13155000
10867000
16001000
11234000
6236000
5496000
5999000
7080000
7345000
12309000
12385000
5640000
7903000
17240000
10953000
8478000
13917000
7990000
13101000
7585000
8130000
5591000
7395000
13109000
5170000
5103000
6551000
6612000
6744000
9943000
7505000
10119000
11687000
6112000
5849000
5521000
11536000
9085000
8530000
6855000
8278000
6767000
6758000
14592000
11202000
7347000
5064000
8199000
9480000
4535000
4606000
5244000
5852000
6316000
6994000
6534000
8701000
14685000
9592000
8011000
10064000
11028000
8336000
5486000
6985000
9778000
6793000
7590000
9008000
7104000
7800000
7075000
11878000
10526000
7551000
6999000
5690000
8146000
9120000
8786000
18672000
8459000
7065000
10570000
8957000
7612000
7378000
6943000
8849000
5914000
8214000
15425000
10101000
7117000
10553000
7059000
8968000
8419000
9225000
10569000
5766000
6858000
11706000
12471000
6332000
9999000
39010000
9492000
8907000
11170000
10690000
8131000
7087000
24362000
7311000
5930000
4949000
5218000
5473000
5100000
7445000
13193000
9053000
6686000
6632000
15207000
9544000
8223000
6726000
14864000
17546000
13886000
6232000
11637000
10298000
5966000
8307000
7503000
6878000
7540000
9853000
7537000
8097000
12132000
7817000
9981000
18938000
11759000
8749000
6447000
7947000
16587000
7448000
8045000
7733000
12604000
8836000
9022000
6564000
7699000
7655000
7951000
10299000
10466000
7188000
8337000
8735000
9665000
9200000
7282000
10113000
8598000
7478000
9262000
8279000
16241000
11541000
11269000
5542000
9732000
6711000
8173000
7215000
5222000
10356000
8238000
10120000
7773000
11828000
8127000
9686000
5647000
6800000
5630000
7034000
6526000
7040000
10755000
8115000
4743000
4141000
7672000
10769000
3995000
6931000
5936000
4005000
5469000
4001000
7487000
5682000
4866000
15052000
6045000
6056000
5096000
6056000
7428000
8784000
6382000
6717000
6194000
5974000
8065000
5236000
6484000
9782000
10342000
6194000
7967000
7921000
9022000
5338000
5501000
4671000
4601000
5974000
6484000
4550000
4830000
12755000
9649000
8984000
7666000
10968000
7717000
7870000
7219000
9247000
7091000
6754000
7327000
10417000
7258000
9524000
6968000
5416000
6941000
11967000
6894000
7789000
6037000
10405000
6704000
13494000
6211000
8093000
8109000
11250000
10717000
5563000
6293000
5426000
6835000
5480000
5616000
5529000
5236000
9524000
5849000
6992000
5413000
5363000
28479000
7828000
8279000
5572000
5410000
7143000
9938000
6915000
8725000
7064000
18826000
5477000
9722000
6929000
5592000
5530000
8481000
7048000
11786000
9174000
5539000
6877000
5735000
12711000
16465000
7789000
5587000
6960000
5406000
6392000
7259000
9435000
6138000
5758000
5749000
8493000
11786000
5314000
8748000
5156000
5138000
6876000
4749000
7525000
10553000
12595000
8501000
4903000
13739000
4709000
9172000
5299000
5855000
6051000
6805000
5570000
8672000
15009000
7217000
8088000
8720000
8383000
6270000
9015000
6067000
5866000
4350000
7407000
5410000
15077000
50561000
5974000
5624000
5499000
6595000
6070000
7866000
11351000
10284000
8937000
9153000
25408000
6488000
5427000
13280000
7243000
6801000
11531000
8124000
5844000
5748000
8292000
9551000
5690000
5759000
8952000
19185000
8046000
14028000
10431000
18438000
10789000
5282000
7347000
5423000
5322000
6611000
5085000
6676000
5188000
214181000
206059000
202754000
201225000
209735000
201161000
203847000
206480000
204139000
201877000
207932000
202735000
120014000
7739000
9991000
11482000
11008000
8208000
8172000
8469000
7809000
14989000
7818000
6193000
7574000
7431000
9425000
9618000
7430000
7648000
8405000
7557000
5984000
16297000
7198000
8118000
10560000
10326000
5908000
9734000
8899000
10462000
7220000
6691000
16781000
7966000
7890000
8793000
9877000
8009000
7796000
8148000
7999000
9253000
7264000
12281000
8101000
6581000
6745000
15532000
5726000
8682000
5950000
6871000
7180000
8525000
11087000
12514000
7887000
6112000
9654000
9831000
9407000
9589000
6505000
8800000
9591000
13351000
10074000
7580000
5631000
10980000
13616000
7893000
8640000
8031000
9498000
7508000
9229000
10618000
7909000
7079000
18119000
10276000
6984000
5724000
5574000
7541000
5590000
10361000
14415000
7106000
8698000
29640000
10209000
10068000
7376000
7916000
18314000
7256000
6835000
9926000
11213000
7244000
7836000
7538000
9304000
5998000
8422000
16864000
9166000
7743000
11002000
6168000
11058000
6941000
7816000
11450000
8059000
10932000
11023000
5642000
7874000
19177000
9548000
7522000
8757000
8297000
6828000
11759000
8145000
9752000
8905000
11179000
10939000
13119000
8072000
6372000
6431000
5478000
6783000
15937000
6424000
7526000
4631000
8647000
9383000
7268000
4648000
6665000
4742000
4358000
4538000
3972000
3802000
3971000
8341000
5579000
6916000
5130000
7306000
8183000
12728000
7290000
8037000
7732000
9036000
6985000
6666000
13065000
9292000
6626000
42609000
19719000
8887000
23627000
10614000
9684000
10935000
5999000
8101000
8031000
8367000
8094000
5838000
9136000
10752000
9076000
6831000
15580000
7707000
7748000
7042000
8126000
8191000
6843000
14091000
11525000
8576000
9179000
11958000
9788000
8024000
8026000
9287000
6894000
5643000
14605000
6212000
9460000
40332000
9508000
10513000
7039000
12620000
11478000
7430000
7834000
12302000
6684000
8885000
7171000
5737000
8768000
6845000
12102000
12879000
5709000
6854000
8557000
11614000
9232000
7792000
6329000
5563000
7636000
9265000
10587000
7615000
7180000
7116000
9136000
12069000
5562000
8045000
9356000
5695000
8259000
7349000
11118000
11314000
6748000
7933000
17553000
10558000
8777000
7922000
11515000
7866000
17741000
7386000
10859000
14696000
5996000
6877000
6730000
9279000
8668000
6862000
6470000
18767000
7132000
5870000
9282000
8361000
11746000
7590000
8019000
9395000
8267000
5982000
8323000
9125000
6944000
6224000
9776000
8670000
5261000
7491000
5017000
5264000
5943000
6526000
4834000
7051000
11189000
7659000
7510000
5371000
8413000
10458000
6765000
10344000
5651000
7618000
7261000
9097000
8420000
12824000
8766000
5908000
8366000
11159000
7519000
7088000
5304000
5257000
5850000
6211000
4445000
4361000
12261000
7248000
4074000
4130000
5388000
7712000
8886000
4092000
9150000
12733000
5085000
6065000
30075000
5472000
5937000
4936000
8537000
8656000
5320000
10003000
4858000
8277000
8140000
17237000
12514000
8483000
6803000
15444000
7531000
5937000
5991000
6655000
8125000
6425000
6931000
14717000
8789000
7225000
16918000
10642000
9201000
7584000
11378000
7627000
5916000
11285000
8825000
7025000
6946000
9240000
10696000
8971000
7969000
6168000
6021000
4986000
11204000
16264000
6849000
8098000
9993000
13411000
11726000
9025000
6852000
9183000
7458000
10910000
11540000
6801000
7670000
16132000
12239000
14079000
18873000
10055000
16505000
8940000
9744000
8101000
7826000
6514000
7784000
6921000
8014000
7955000
9677000
13912000
5959000
5957000
11536000
12514000
8963000
7112000
6789000
10581000
8194000
10887000
11171000
6896000
6660000
7031000
13698000
7799000
6063000
6033000
7431000
7615000
6909000
11119000
13087000
6966000
7053000
8821000
11692000
10878000
7590000
6796000
7364000
7117000
11219000
11374000
5452000
8253000
10248000
9397000
6683000
9093000
8839000
9305000
6996000
8804000
12094000
8658000
7147000
7613000
12648000
5885000
6634000
5933000
5836000
6028000
6971000
7016000
7052000
17953000
7921000
6940000
7830000
8636000
6849000
9611000
9883000
10956000
8021000
11629000
10542000
8283000
7410000
17384000
6666000
8419000
7645000
6016000
8880000
7602000
9849000
13256000
8625000
6719000
26437000
8321000
10009000
9880000
22416000
10529000
8474000
24595000
39281000
15000000
9721000
12243000
10757000
9491000
10157000
7865000
6948000
5584000
6130000
5738000
4846000
11731000
9232000
8532000
4992000
14562000
6359000
4873000
4663000
6129000
5789000
7516000
4981000
7041000
8658000
6652000
7296000
5170000
6192000
9139000
7025000
7841000
8630000
5891000
4925000
4665000
6970000
4721000
5902000
30082000
7265000
12799000
6719000
7958000
8552000
7697000
8973000
6920000
9238000
7783000
11215000
6804000
10763000
14867000
6792000
7965000
7740000
7661000
8339000
5592000
14170000
7183000
6576000
6336000
15264000
7684000
7484000
5022000
5417000
4872000
9675000
6167000
10627000
11270000
6764000
7152000
8375000
14073000
9872000
5896000
6944000
9231000
7865000
15336000
12221000
6821000
8782000
10414000
5228000
6097000
5114000
5018000
6591000
7992000
6931000
11354000
9623000
8213000
8220000
10619000
11977000
5709000
7119000
8691000
5973000
6334000
8487000
10310000
7008000
6102000
5764000
6585000
14283000
6917000
8668000
9092000
6780000
7500000
7991000
13093000
12540000
5874000
5467000
10186000
11412000
7229000
5604000
6126000
5301000
8868000
6678000
13835000
10815000
8182000
6806000
8206000
9588000
9918000
8080000
6707000
8591000
5699000
6913000
12954000
10749000
5947000
6233000
8175000
9073000
8401000
7851000
6687000
6099000
10392000
7048000
8924000
4946000
10492000
6256000
4034000
7462000
11800000
6193000
6180000
6254000
4714000
9855000
4786000
8870000
14360000
8206000
12644000
11244000
6871000
6697000
5638000
6921000
7037000
8401000
31202000
7902000
7097000
7034000
7139000
4656000
4738000
4605000
4490000
4970000
5017000
8267000
4765000
4415000
10801000
6190000
7668000
5962000
4103000
7638000
11729000
5830000
7439000
5524000
6135000
4767000
6337000
6001000
6143000
12595000
7487000
6822000
13584000
14892000
6866000
7777000
7859000
7793000
8044000
5701000
17191000
9019000
7719000
17088000
6779000
6925000
6247000
7209000
9029000
7701000
12711000
9416000
12144000
10536000
15748000
7245000
11643000
8989000
6702000
5916000
13182000
12672000
8877000
11231000
7375000
5866000
8399000
9872000
9583000
7722000
5850000
14854000
10339000
5431000
5497000
8336000
8504000
5570000
6001000
5284000
5518000
5379000
8466000
5089000
5370000
10908000
6022000
7085000
5083000
6359000
7527000
7063000
5198000
6107000
18622000
8076000
5586000
5519000
13209000
7545000
5354000
5674000
8856000
9733000
5718000
8341000
6110000
6677000
11657000
10690000
11741000
18689000
7562000
13723000
6948000
7717000
6426000
8363000
6389000
5205000
6863000
10956000
9009000
6737000
6818000
14293000
7069000
6736000
7715000
7157000
10814000
6057000
13789000
12898000
12729000
14060000
5603000
5602000
5958000
5463000
5649000
5411000
6265000
6464000
5147000
17597000
6016000
5818000
5450000
7673000
9461000
6728000
5845000
5788000
5548000
5158000
5872000
6135000
5692000
12814000
7133000
12113000
8115000
12555000
7658000
4845000
5169000
5430000
7475000
5363000
5626000
9885000
8624000
5878000
6469000
5465000
9660000
10051000
5380000
11928000
5553000
5132000
7104000
6874000
13224000
6805000
8894000
7167000
8581000
8418000
6609000
7206000
4409000
6631000
5272000
6744000
5519000
6293000
11608000
8466000
6609000
5987000
11387000
9601000
5831000
7365000
5515000
5353000
8205000
5798000
5264000
13050000
8823000
5501000
5601000
6650000
7074000
5947000
6934000
8519000
5836000
5609000
5670000
5522000
5469000
5057000
12177000
7906000
5888000
5711000
8868000
10249000
5688000
6749000
6895000
6543000
5635000
5785000
5489000
5172000
19051000
5038000
5021000
6979000
8060000
8218000
9741000
7003000
6999000
5621000
6412000
6729000
13912000
9122000
5245000
5104000
5218000
8875000
8382000
5502000
6651000
5442000
5373000
9927000
5946000
8150000
16656000
6862000
5481000
5078000
15526000
5485000
5571000
5774000
5703000
5369000
8176000
5661000
6726000
10025000
9461000
8259000
6217000
8406000
11391000
5334000
8232000
8522000
5855000
7320000
6913000
12067000
22072000
5749000
13606000
7817000
14983000
7844000
6334000
6953000
16275000
16690000
5664000
16820000
4976000
4581000
7203000
5374000
5403000
5507000
6498000
5384000
15777000
9376000
6015000
5332000
10654000
11701000
8799000
5436000
6472000
5508000
6519000
11300000
14616000
7680000
5770000
6529000
15777000
6435000
8989000
6112000
6404000
6225000
5537000
7507000
8671000
16607000
14812000
14405000
6983000
8162000
10273000
6560000
6964000
6581000
9005000
7770000
8293000
9001000
5638000
9591000
10543000
13046000
7586000
7633000
7656000
8323000
11877000
10345000
5709000
7460000
11298000
7374000
8447000
7961000
7864000
6030000
6111000
6928000
16615000
6891000
6440000
16312000
8019000
4988000
8685000
4764000
6865000
8107000
8330000
8474000
9274000
8396000
7107000
10591000
10117000
7963000
8868000
7069000
10552000
7760000
8122000
14894000
6033000
8503000
10076000
10774000
7017000
6980000
6782000
9386000
8285000
7493000
10669000
9282000
7945000
7997000
14637000
7975000
8287000
6729000
7443000
7629000
9499000
12153000
16516000
7239000
12825000
7160000
5518000
6948000
5874000
6641000
8920000
8405000
6097000
11743000
8661000
12001000
8434000
9938000
7591000
6673000
7133000
5488000
11128000
8037000
9229000
11390000
5244000
8127000
9294000
8673000
9025000
5660000
7115000
7357000
7525000
16870000
9345000
7345000
6895000
7343000
12704000
5781000
9913000
7335000
6370000
8205000
7416000
13683000
16145000
22057000
10198000
16743000
7598000
10829000
9830000
10193000
11486000
8056000
8978000
10641000
6619000
6728000
6369000
7388000
8751000
6926000
14263000
9580000
9362000
9152000
12715000
8071000
12870000
18071000
18023000
16567000
13731000
8678000
8958000
8924000
5180000
10306000
7397000
7276000
10889000
14096000
6416000
7646000
9900000
8869000
5962000
7295000
8381000
11528000
8149000
11705000
8772000
7798000
7684000
5620000
12691000
8620000
8992000
9096000
7523000
7277000
7723000
12015000
8652000
9359000
12621000
9687000
6961000
7189000
5896000
5264000
6880000
7188000
5652000
5818000
11644000
9663000
9603000
9870000
11147000
9968000
8023000
6785000
8874000
7619000
13134000
7741000
5041000
6560000
12145000
10500000
5797000
10424000
21115000
11932000
19938000
6990000
5354000
13092000
13137000
7859000
8598000
9017000
8602000
17226000
14783000
6397000
19612000
7715000
12874000
9457000
8077000
7942000
13005000
12566000
7787000
10024000
11997000
8931000
11422000
8721000
9887000
6848000
12492000
7984000
7123000
10836000
14826000
10968000
6667000
7106000
8864000
6335000
7552000
15248000
6863000
4911000
4551000
10241000
10141000
5293000
10517000
7392000
6437000
7615000
6427000
9420000
13687000
6609000
5588000
10751000
13385000
8142000
7682000
7495000
7443000
7420000
5277000
19122000
7198000
6530000
9363000
10205000
6220000
6111000
7384000
8462000
6630000
8221000
12749000
10551000
7804000
6594000
8736000
10717000
5405000
7007000
6511000
5291000
6915000
8271000
11831000
13515000
6115000
8223000
9375000
13512000
9422000
7327000
6675000
6257000
6628000
8307000
10629000
11463000
10188000
16468000
6958000
7777000
8443000
6968000
8250000
8120000
11065000
10765000
7513000
5934000
10473000
13075000
10069000
6065000
6797000
8316000
6533000
5836000
20711000
5932000
6823000
8695000
10295000
9501000
6646000
7714000
8258000
7844000
11932000
8772000
7511000
8044000
7330000
11105000
6734000
7288000
7394000
6679000
6255000
7178000
7563000
13754000
9291000
9197000
10158000
9726000
8305000
6448000
7000000
6919000
8339000
6700000
7062000
16981000
5829000
7218000
10819000
10336000
9747000
5826000
6895000
6751000
7463000
6930000
12034000
9776000
7800000
7308000
9208000
8435000
9356000
7073000
6657000
5725000
9467000
8937000
9725000
13025000
7520000
10816000
12123000
10877000
8972000
7977000
7275000
7565000
12440000
10537000
6880000
5904000
8611000
14137000
9183000
6874000
6961000
8423000
8069000
7172000
18263000
9485000
16280000
7104000
10540000
6780000
6901000
11100000
7738000
12669000
14934000
19593000
8031000
6349000
8673000
10980000
8175000
7864000
7839000
18651000
7810000
9086000
13345000
7768000
18791000
10937000
8589000
11444000
6758000
9610000
11864000
10090000
7882000
10391000
6092000
5806000
6709000
6427000
6297000
13563000
10526000
9107000
6009000
12315000
9792000
9902000
9473000
7964000
6689000
5859000
15200000
10118000
7769000
5826000
14379000
7508000
8868000
7108000
5757000
6608000
7302000
10203000
9265000
6745000
7709000
7639000
6451000
7480000
6005000
5287000
4030000
4134000
5303000
4386000
6907000
8285000
12162000
8507000
5738000
8752000
10546000
13324000
5387000
8189000
7478000
8045000
9855000
12956000
10501000
8716000
7872000
14406000
7943000
7100000
6927000
7026000
8679000
8294000
11140000
7243000
6475000
6650000
7824000
15464000
7830000
6491000
5639000
6820000
7630000
8326000
11280000
8138000
7259000
5603000
6940000
7377000
10373000
5795000
6169000
5815000
6514000
8774000
7393000
12807000
10754000
9052000
6748000
9895000
10082000
9036000
5783000
5924000
8066000
8479000
8785000
9111000
11257000
7080000
16066000
10381000
8592000
9117000
9570000
10994000
6759000
9776000
5929000
8080000
6281000
5410000
13992000
4570000
4377000
7126000
5549000
13113000
9881000
27765000
32457000
5820000
6839000
7963000
7686000
10523000
7522000
9557000
9275000
8754000
6656000
17046000
7959000
7205000
6668000
7102000
7509000
8265000
9571000
8034000
10267000
7865000
9548000
10998000
8314000
9884000
9532000
14573000
10631000
13932000
10710000
10479000
13524000
22192000
8267000
11498000
9549000
14268000
11040000
16426000
6323000
7213000
7857000
7735000
8541000
8965000
14512000
15125000
7130000
12440000
9353000
12082000
5497000
7413000
10374000
9659000
17243000
6156000
8008000
6949000
13307000
6693000
7566000
10294000
21277000
12710000
10189000
8985000
7162000
14581000
7055000
6962000
6644000
6946000
10286000
6995000
5749000
18246000
31507000
9514000
8431000
6937000
8025000
6857000
8078000
10094000
6327000
5874000
8345000
7503000
6342000
7543000
6176000
5910000
4627000
4951000
4440000
8103000
6919000
7671000
11839000
6462000
7318000
6484000
15048000
8032000
8460000
8039000
6100000
8605000
22069000
15183000
19135000
35996000
8603000
6859000
11826000
7947000
11714000
6548000
10126000
8868000
7386000
7015000
6854000
6910000
7345000
10915000
14205000
7388000
5936000
6004000
11465000
22779000
7017000
8737000
8297000
6789000
12316000
11093000
8731000
10528000
12064000
10160000
7823000
7122000
9715000
5784000
7140000
13175000
7430000
5760000
7782000
8524000
7055000
4456000
8487000
5391000
4813000
5341000
11782000
7958000
13850000
7343000
8954000
7052000
13029000
6292000
9650000
10125000
9212000
5666000
5119000
9988000
11865000
8334000
8689000
15681000
10420000
7729000
10604000
10041000
8458000
20276000
63000000
18941000
20942000
20040000
14830000
8236000
8340000
7646000
8883000
6875000
9785000
8665000
6111000
6247000
8238000
7901000
8758000
5584000
6017000
7046000
5606000
6441000
6228000
5676000
6527000
11537000
9814000
6572000
11380000
14157000
7510000
7097000
9162000
7811000
5864000
8447000
16558000
7111000
7139000
13791000
8508000
8927000
9235000
6792000
8842000
10866000
14994000
7510000
7941000
29148000
24020000
6587000
7171000
12828000
11812000
7049000
5606000
9294000
14127000
5810000
5846000
7915000
8279000
6945000
9244000
12955000
8653000
9219000
20124000
5584000
7749000
7530000
8096000
8278000
7669000
11370000
10341000
7872000
87432000
8919000
5711000
7045000
10792000
9071000
11032000
12742000
8464000
7565000
9821000
11509000
6861000
5780000
5599000
10426000
7517000
8808000
5653000
7279000
5534000
7185000
7674000
8868000
9098000
8557000
8195000
9747000
10785000
7900000
7993000
5004000
8041000
8851000
5962000
12963000
12699000
6848000
6788000
14056000
5237000
7381000
5666000
5688000
6893000
8466000
5651000
5284000
110385000
206053000
208883000
201852000
201846000
208031000
197587000
211798000
203330000
204693000
204487000
201530000
204513000
207448000
204479000
199209000
209939000
204635000
201390000
207557000
204646000
209042000
200004000
200212000
208851000
204609000
201758000
207231000
204762000
204288000
204896000
201128000
207464000
203824000
202803000
207881000
200653000
208036000
203863000
202301000
205968000
203231000
205132000
204270000
204207000
204489000
209422000
202805000
197928000
208329000
203437000
207401000
203802000
204076000
205536000
205791000
204211000
202130000
200087000
216578000
195977000
205533000
203326000
206555000
202023000
210574000
200749000
205457000
202219000
207858000
203604000
202005000
209103000
198446000
205521000
207627000
206951000
198124000
206063000
206951000
202637000
205571000
202988000
200966000
215085000
199117000
205310000
204763000
203257000
203463000
208199000
203161000
203644000
202904000
206933000
204453000
204906000
204148000
204601000
203440000
205636000
204883000
207258000
199546000
206442000
204495000
200671000
207701000
202685000
206023000
208315000
198040000
205902000
206925000
204685000
202901000
206044000
202671000
203670000
204433000
204957000
208600000
199943000
204259000
215417000
196887000
204313000
206560000
199915000
205039000
204356000
207244000
204091000
201388000
207803000
204580000
204418000
204696000
202420000
206495000
206544000
202388000
204555000
204547000
204459000
203226000
206296000
204624000
215297000
193413000
204417000
204671000
203130000
202975000
207275000
205735000
203425000
203191000
104364000
8906000
6273000
6485000
7125000
9306000
4587000
9257000
6094000
6628000
5752000
8701000
6715000
12793000
10336000
6516000
5520000
10897000
6721000
5659000
12403000
8785000
11840000
7718000
19949000
7090000
5504000
5458000
6346000
8760000
6775000
9063000
6882000
5458000
9109000
6753000
9643000
9769000
5535000
5194000
5973000
8015000
12200000
5451000
7748000
7039000
5603000
6122000
6934000
5351000
20054000
7279000
5511000
9649000
10873000
6557000
7394000
6700000
5728000
7761000
6675000
7089000
7011000
5449000
7360000
6161000
4940000
7927000
13625000
5153000
6855000
7290000
6624000
7613000
5533000
5651000
16308000
7549000
5303000
5894000
11011000
9340000
7131000
11570000
5125000
6878000
6267000
6732000
15557000
5919000
10870000
8491000
12013000
7990000
7139000
7218000
5263000
6193000
7329000
5131000
14972000
6704000
7054000
6306000
7808000
10476000
9723000
5712000
6938000
6908000
5820000
5252000
7235000
17694000
8161000
6280000
8380000
10365000
4977000
8999000
7331000
7239000
8456000
6510000
7966000
14943000
5337000
6761000
9525000
10053000
6309000
7144000
6815000
6956000
7200000
6683000
18126000
8377000
7010000
7413000
28964000
8827000
15002000
5171000
6073000
9976000
5918000
7065000
6952000
6359000
12267000
6012000
7620000
16218000
16103000
5679000
13742000
10829000
7250000
9807000
14538000
6898000
9398000
6604000
9589000
7852000
12351000
6084000
7433000
7421000
11097000
11927000
8903000
9588000
6146000
9312000
7814000
5846000
11143000
8006000
4810000
7355000
4221000
6074000
8999000
6575000
9237000
7347000
6986000
5248000
5293000
6621000
15907000
5382000
6832000
5293000
10011000
10275000
8531000
6139000
7790000
6513000
7385000
7867000
10460000
9744000
7057000
6695000
10492000
19797000
6519000
11326000
8164000
5779000
6450000
12501000
9081000
7706000
11635000
11760000
7248000
7513000
6397000
6317000
7660000
8025000
21012000
7902000
5967000
13311000
8561000
9113000
8477000
8534000
6804000
8168000
11978000
8561000
5925000
8918000
11741000
11373000
7420000
8071000
6772000
7899000
7507000
6273000
29705000
19660000
28855000
8741000
5506000
6912000
21221000
8291000
15996000
11481000
8168000
9521000
7545000
8702000
7339000
13082000
10108000
8099000
7775000
11533000
9082000
9813000
8835000
6034000
6976000
6729000
15218000
11293000
8753000
6678000
8879000
6687000
10510000
6942000
7977000
9623000
7711000
13450000
10866000
10743000
9582000
13193000
9670000
9522000
7465000
9061000
7474000
13274000
10252000
6093000
8372000
14715000
7548000
11199000
7852000
6872000
7032000
7112000
12682000
12001000
9263000
8301000
10615000
6951000
7158000
11207000
8966000
9593000
6281000
11655000
10613000
7748000
10707000
10110000
11514000
9019000
8190000
11161000
5704000
10264000
11365000
8143000
6912000
11766000
8591000
10757000
13555000
10222000
5286000
8833000
14451000
7149000
7310000
9304000
8652000
9077000
9865000
6851000
5452000
29016000
6924000
4864000
7271000
10132000
10436000
6614000
8620000
5749000
6481000
9272000
7014000
13286000
5833000
6351000
28254000
5732000
8399000
6210000
6694000
7791000
6554000
7111000
19171000
5982000
11521000
11082000
6782000
7931000
10919000
7042000
8473000
5822000
14930000
11579000
6834000
8798000
15262000
8061000
9702000
7628000
8646000
7542000
7411000
19527000
6714000
7506000
17799000
6302000
7472000
6663000
6706000
8320000
7374000
11946000
11791000
7159000
9862000
11674000
15666000
7535000
9001000
6378000
6880000
10882000
11565000
5563000
6060000
12446000
10421000
7140000
7681000
5927000
6171000
7304000
7958000
6799000
9480000
9820000
7607000
6240000
7924000
13933000
8145000
6925000
7855000
9691000
8339000
13721000
8221000
5818000
7175000
10416000
11724000
7116000
5853000
5453000
6541000
7498000
5457000
5826000
21065000
8551000
7734000
8256000
9064000
7750000
7309000
7465000
6248000
12777000
15353000
13972000
7828000
10005000
8851000
6135000
7258000
4725000
4915000
5827000
5958000
4645000
5980000
18281000
33112000
4644000
6286000
10613000
5459000
5138000
10749000
9034000
17657000
6080000
9259000
20091000
9638000
7048000
5489000
5697000
7949000
8180000
17556000
5677000
6838000
6818000
8272000
7078000
5610000
6913000
5106000
6367000
5729000
6101000
6014000
13590000
7738000
6486000
7482000
6903000
8046000
8690000
9896000
6038000
5863000
4322000
9947000
4658000
6010000
11105000
10114000
5984000
4424000
10347000
13738000
8123000
5915000
7827000
9031000
8760000
12612000
9105000
8455000
9324000
13272000
7104000
6798000
7452000
6889000
7892000
6932000
7013000
13505000
7523000
10191000
9972000
10834000
14644000
15165000
9599000
7329000
10270000
9101000
6811000
7013000
11847000
7696000
10562000
5395000
8654000
8136000
7211000
6693000
20742000
7447000
9207000
30587000
5710000
6836000
6873000
6704000
6984000
23058000
17564000
40428000
14235000
11327000
11967000
8124000
8749000
11859000
7287000
8955000
17564000
13350000
10556000
15601000
5957000
8009000
15497000
5999000
8059000
7636000
8410000
13816000
15306000
11196000
11561000
9351000
9561000
13073000
7709000
8041000
9190000
5878000
11191000
13737000
6667000
8939000
12400000
6529000
7041000
8956000
7632000
9398000
6258000
10083000
15354000
7826000
7053000
17043000
7520000
8093000
7172000
7009000
7590000
5820000
8932000
15352000
6897000
8738000
8409000
11622000
7015000
5792000
5659000
6721000
7068000
7663000
12215000
11355000
8235000
7426000
8905000
10165000
11277000
9548000
6956000
7854000
6536000
20827000
8250000
8470000
15551000
6848000
6768000
6690000
9133000
8792000
7919000
16976000
7958000
7218000
5652000
8999000
10383000
8392000
5600000
6923000
10012000
8542000
11903000
13400000
6737000
7844000
8910000
11895000
10087000
7318000
6912000
9762000
8507000
23587000
7938000
26731000
6868000
8708000
9624000
14527000
12782000
11171000
5845000
8407000
15515000
7696000
8381000
8767000
8138000
10060000
5614000
9162000
12700000
17105000
25375000
7381000
8106000
10090000
8070000
14583000
8911000
5590000
11459000
13386000
8093000
6829000
6741000
8650000
12943000
11014000
10790000
6824000
10780000
9927000
13567000
10049000
6411000
9274000
7653000
9389000
13483000
14210000
8158000
14520000
7214000
11789000
8609000
8870000
6731000
11972000
14276000
6378000
9689000
10617000
7842000
7513000
7360000
7985000
7727000
7803000
8079000
23190000
10194000
12654000
6443000
10111000
8160000
8196000
9232000
18838000
11623000
6944000
6078000
9100000
10901000
12101000
15155000
31086000
12776000
17130000
10912000
6893000
7229000
5673000
7813000
6968000
6778000
5338000
11206000
8159000
5550000
6850000
10311000
8675000
6103000
8729000
7906000
12309000
11125000
13139000
9786000
7579000
9852000
7725000
10338000
9398000
12271000
11255000
29367000
7705000
8185000
9899000
12162000
15435000
7483000
10352000
8850000
10670000
8017000
5388000
6067000
13257000
8441000
6560000
5145000
6957000
5582000
6696000
6519000
7464000
10033000
8578000
6326000
4461000
8543000
8111000
8613000
7268000
4694000
6384000
5967000
7658000
7269000
8500000
14003000
10773000
7741000
9137000
9455000
8443000
8630000
9948000
10422000
9323000
10766000
8707000
5790000
6627000
5437000
12797000
7696000
12659000
5586000
12035000
7141000
8285000
18083000
9806000
11238000
9852000
5746000
7362000
8680000
7291000
9638000
9482000
8753000
11024000
8056000
7438000
15997000
7993000
7985000
7026000
7992000
8524000
8813000
15322000
9554000
6696000
9574000
13800000
9785000
7808000
6573000
6962000
6424000
12394000
10986000
7921000
7261000
10681000
13831000
5414000
5810000
6154000
7831000
7528000
8492000
15033000
11891000
6928000
5477000
8003000
6831000
7227000
9599000
11422000
7674000
7426000
9138000
15694000
8561000
7715000
12346000
4928000
7431000
6000000
5966000
4765000
7043000
4404000
9000000
9927000
10627000
8602000
7179000
8706000
16293000
5729000
9090000
7278000
8176000
6795000
22048000
8123000
7749000
13277000
6000000
10958000
8847000
6829000
7241000
6544000
8180000
15424000
8994000
7896000
20640000
41700000
23877000
5611000
9140000
8449000
9547000
11819000
7850000
7227000
8401000
6062000
12498000
8013000
5167000
10036000
10121000
13051000
10026000
5871000
6908000
9012000
8210000
8353000
15741000
6453000
9640000
13750000
7691000
14200000
9719000
32317000
10213000
10657000
14234000
8128000
13976000
7813000
9012000
6846000
9813000
13232000
5892000
5747000
11906000
10279000
6653000
9612000
6029000
4341000
9657000
6803000
20283000
9255000
9583000
8540000
9468000
7659000
6687000
6651000
7941000
9911000
7086000
21200000
8625000
8105000
8390000
9350000
6381000
8440000
5709000
6830000
9016000
6778000
14628000
9740000
7373000
8378000
11497000
7817000
8241000
6996000
8111000
9428000
8039000
23211000
7084000
7773000
10982000
6955000
7008000
5219000
5289000
5553000
7931000
5257000
5181000
9750000
11632000
5385000
5629000
6419000
6611000
11151000
9062000
6129000
6712000
5356000
6378000
6792000
14319000
10424000
5489000
5491000
8844000
10563000
5402000
8469000
5596000
6540000
5487000
5757000
5677000
5961000
18655000
12024000
11120000
9254000
5463000
9206000
6679000
5293000
7530000
5233000
6372000
13507000
6697000
4981000
4560000
4890000
9347000
7962000
4989000
10448000
5016000
4879000
6591000
5064000
6276000
5501000
10958000
9316000
6662000
5146000
8221000
9256000
5248000
5812000
5094000
5133000
5145000
5516000
6344000
5599000
11891000
10876000
6607000
5245000
9866000
10050000
5354000
5858000
5675000
5447000
9292000
6741000
8234000
9216000
5445000
7574000
5296000
5216000
5385000
6601000
7131000
5732000
6662000
7565000
5534000
6606000
6927000
7922000
8491000
7845000
11145000
5094000
10579000
8154000
6391000
6394000
9185000
8226000
6425000
6736000
5583000
8533000
11436000
5440000
5383000
9653000
10690000
6800000
5739000
7566000
8360000
7668000
12660000
12453000
7684000
5099000
4954000
5428000
5877000
7711000
4454000
8999000
7134000
6353000
5161000
5272000
5434000
6993000
11090000
9117000
6724000
7140000
12231000
5266000
5367000
12366000
7428000
20898000
8728000
18793000
24441000
5430000
5587000
5049000
5482000
5500000
8075000
5502000
6876000
21790000
6255000
7363000
8608000
7441000
5766000
7302000
5458000
5493000
6550000
8272000
5358000
11641000
6248000
8477000
5391000
8563000
11492000
5504000
5420000
8341000
5504000
5448000
8950000
5531000
5443000
13002000
10350000
5836000
6334000
7884000
8102000
5159000
6965000
7214000
6520000
8218000
5667000
6844000
10564000
5210000
6276000
6642000
9233000
12001000
6635000
9148000
5259000
5725000
5931000
5918000
5735000
6522000
11681000
7645000
5665000
4672000
4507000
7611000
7400000
5585000
4392000
5261000
4977000
4319000
5522000
6094000
4217000
4544000
7978000
14251000
6767000
6012000
8668000
9670000
5760000
8532000
5581000
5517000
7670000
6417000
5696000
5418000
12517000
6701000
8131000
5781000
12994000
5540000
5571000
7184000
5379000
5323000
8134000
5220000
5138000
12372000
11029000
6925000
7477000
10842000
8005000
5568000
8815000
8719000
5311000
7795000
6445000
12303000
9159000
6428000
5446000
5125000
14494000
6825000
11894000
7996000
10946000
8059000
14576000
10546000
7806000
7827000
13302000
8283000
8069000
7534000
8353000
10233000
11752000
18214000
8943000
5119000
10296000
6581000
7522000
7968000
7790000
8283000
8465000
6444000
19654000
6643000
13586000
12031000
10239000
6774000
6511000
6477000
6274000
9074000
14469000
10036000
7156000
5842000
11911000
9002000
9369000
7913000
7870000
7281000
7440000
11326000
12815000
10173000
10990000
9335000
10600000
7939000
8776000
8100000
7657000
9075000
10269000
8728000
7254000
9410000
10605000
6571000
7397000
6436000
7625000
8278000
6970000
5620000
18701000
8638000
6603000
17040000
7047000
7430000
8030000
5827000
8279000
8704000
15253000
13578000
7378000
9100000
9831000
9726000
8423000
7249000
8870000
7570000
6482000
18777000
8747000
7440000
13951000
6307000
9605000
7950000
8395000
7780000
6575000
11981000
7214000
9632000
8245000
14046000
8879000
9444000
5723000
6659000
8387000
10231000
11004000
10192000
7859000
8090000
11579000
5947000
18412000
6691000
5186000
6124000
5492000
9097000
10910000
7314000
5760000
5721000
15317000
6834000
9042000
5451000
5849000
8085000
10230000
17258000
9810000
7615000
9894000
9560000
7056000
13515000
6656000
9276000
8034000
9625000
11127000
7800000
8805000
9066000
10308000
5652000
8793000
9221000
6887000
7610000
6476000
11716000
10336000
8806000
7427000
13631000
5818000
10897000
7004000
7535000
10859000
7300000
9826000
7055000
9034000
6601000
10164000
9531000
12020000
7905000
10249000
9663000
6892000
10271000
11454000
6351000
7361000
16592000
7925000
7991000
9020000
7733000
6796000
8052000
11629000
10167000
6555000
9503000
13642000
14013000
9152000
7945000
8377000
8014000
10617000
8089000
7774000
7709000
8152000
10343000
11519000
7357000
7111000
8557000
6114000
5226000
15804000
9722000
8476000
11435000
9856000
6228000
7663000
5863000
7918000
8978000
7892000
25623000
9765000
9955000
9212000
7285000
11216000
6395000
9096000
6884000
11222000
13375000
8200000
7718000
8976000
10941000
7591000
5799000
6965000
5786000
5938000
5107000
4936000
12500000
10049000
6985000
8214000
8696000
10474000
7431000
6715000
5922000
8147000
6838000
6938000
16544000
9659000
8970000
14491000
7385000
10406000
7374000
7689000
17619000
12626000
8826000
7727000
7521000
9338000
9343000
10620000
7699000
7841000
11523000
8924000
13722000
10162000
7648000
11790000
13125000
8890000
7672000
8016000
7641000
8816000
10653000
10344000
10515000
8082000
14636000
5968000
8439000
8280000
7817000
8271000
9757000
20608000
14324000
17333000
5445000
7865000
8116000
8199000
9554000
6758000
14861000
7527000
7154000
7001000
14436000
5370000
5707000
5352000
4240000
4504000
4488000
6207000
4882000
4986000
4829000
19403000
4803000
4972000
10793000
7033000
6013000
7164000
4539000
6101000
4711000
7544000
6088000
4789000
4685000
17959000
9037000
6078000
16734000
6669000
6006000
5725000
9185000
7163000
9216000
8668000
9189000
9176000
6071000
7654000
22576000
11036000
9790000
11345000
6982000
10409000
11185000
8035000
8143000
13824000
8688000
8709000
6589000
5758000
8261000
6789000
16513000
12333000
6254000
5512000
14904000
6889000
8075000
7054000
7839000
8197000
7334000
11684000
11664000
7058000
7949000
16443000
6681000
6760000
6810000
7316000
7413000
5334000
6433000
13036000
11777000
7274000
10454000
10299000
9391000
9693000
6248000
7717000
6833000
6937000
15640000
7438000
9215000
8605000
10835000
6093000
6533000
8311000
7223000
10111000
5432000
9000000
15666000
9021000
6472000
14197000
6648000
8887000
6722000
6659000
9751000
6827000
8665000
11971000
7448000
6479000
9660000
10459000
7618000
10750000
9238000
9017000
7132000
19010000
11043000
7308000
10674000
9821000
9098000
7104000
11104000
7979000
8008000
9666000
19306000
7373000
9079000
7614000
7472000
9373000
6672000
8714000
7237000
8067000
12178000
7504000
7704000
7876000
12973000
9557000
11113000
6741000
7058000
7501000
8884000
15122000
7689000
7369000
5876000
9447000
7841000
8105000
10037000
9068000
10011000
6402000
6052000
25617000
6611000
8783000
11575000
4336000
5631000
4777000
6244000
4595000
6097000
4552000
5303000
13464000
5068000
7245000
10014000
4451000
6581000
8216000
5001000
10398000
6577000
6292000
8052000
7756000
11717000
11226000
7555000
9085000
9162000
10473000
11127000
6970000
7780000
10184000
6631000
8921000
11392000
6529000
7660000
9204000
12038000
8324000
6535000
7395000
8898000
5659000
7537000
9777000
5948000
5721000
6724000
6466000
7236000
8343000
5893000
4467000
6300000
6569000
7591000
9328000
6002000
14800000
9431000
5983000
6705000
8608000
8843000
12222000
7272000
7441000
7623000
7554000
10295000
13721000
8558000
7806000
15116000
6776000
24051000
6084000
6055000
7861000
12235000
9725000
10017000
9590000
8927000
6732000
7920000
5632000
11955000
39710000
7607000
9687000
11713000
10354000
7741000
6730000
6501000
6882000
8260000
12574000
7345000
6508000
7536000
9146000
12032000
8167000
6516000
7974000
6502000
5523000
6549000
10696000
13570000
13490000
9024000
8664000
6328000
6818000
6914000
6786000
11335000
8907000
9490000
6879000
7203000
9317000
9101000
12570000
6966000
8857000
6424000
6480000
5557000
5755000
6002000
10098000
5786000
6738000
7059000
11590000
9695000
6238000
7792000
9617000
6689000
7098000
26460000
24673000
29250000
17827000
6909000
11923000
14015000
7641000
12647000
28826000
33099000
14443000
7097000
7843000
11694000
8950000
6302000
8586000
6479000
6949000
11603000
12604000
11872000
6739000
6608000
5833000
7369000
10141000
7766000
7214000
7777000
8870000
6111000
8709000
19534000
5530000
7834000
9679000
11579000
8053000
7736000
10064000
7150000
5504000
6454000
12704000
9760000
7599000
12577000
9465000
10064000
7402000
6939000
6293000
7936000
5783000
12476000
7693000
6968000
7584000
17549000
6913000
8189000
9671000
7193000
6850000
6713000
14186000
15223000
8152000
13849000
9671000
10243000
6865000
6400000
7852000
5794000
14385000
10307000
5677000
5994000
9673000
11784000
10887000
7955000
7059000
8216000
6021000
6015000
10390000
10935000
6969000
6618000
8650000
9362000
10577000
9179000
6822000
10363000
9233000
11625000
10732000
8796000
18274000
5558000
7754000
7983000
5689000
5690000
9459000
7674000
10940000
6246000
6549000
9964000
9964000
10004000
9752000
7420000
5512000
5651000
8291000
9374000
10047000
7320000
8108000
7496000
9691000
10342000
6933000
7830000
6691000
11659000
6861000
12040000
27291000
16843000
6094000
6591000
7551000
7366000
6916000
8301000
8123000
18683000
7099000
7127000
9522000
12532000
10335000
9112000
8877000
5873000
7532000
16565000
12814000
5823000
8724000
11236000
5706000
5945000
10451000
5550000
8636000
7677000
10715000
12842000
7137000
6529000
7030000
11579000
9201000
6674000
8719000
7993000
7881000
10990000
14387000
9305000
7872000
12745000
5513000
7193000
5231000
5808000
6903000
7851000
6601000
9873000
8613000
9109000
4454000
4705000
9559000
9801000
6976000
5464000
7629000
8488000
7742000
7983000
12846000
6909000
6665000
5710000
7360000
10889000
7689000
10300000
7030000
6830000
6326000
6221000
5447000
12156000
10335000
7684000
8519000
15002000
6787000
7104000
6451000
7757000
8569000
6773000
13578000
10925000
10218000
10352000
10242000
7059000
7100000
7723000
6575000
6939000
6811000
6565000
9527000
7732000
6415000
7694000
10759000
8247000
7659000
13079000
8256000
8179000
7146000
9546000
11688000
7539000
10575000
7902000
11616000
9335000
7285000
6305000
4866000
9058000
5197000
12144000
12627000
19715000
9761000
6961000
11985000
13124000
6282000
9838000
12851000
8151000
9624000
6559000
15341000
5282000
7339000
8596000
5801000
6945000
6951000
10702000
9856000
6825000
5654000
5524000
12113000
8933000
7324000
9452000
16982000
28880000
10947000
19281000
6718000
6528000
6967000
5474000
6455000
6739000
5324000
6591000
11624000
6692000
5419000
5559000
8125000
14151000
5140000
10131000
5525000
5470000
5364000
6578000
5372000
13906000
6064000
6866000
5525000
5260000
8922000
34227000
6697000
7095000
7003000
8218000
10090000
6254000
6435000
6469000
14336000
5582000
10006000
5463000
6748000
5663000
7187000
5193000
5793000
10855000
6887000
7014000
5433000
9110000
9276000
5606000
6771000
5766000
5492000
5468000
8384000
5766000
5608000
19496000
6627000
7645000
9343000
9425000
6967000
7484000
16679000
5586000
6661000
10886000
10241000
7162000
6895000
4942000
10463000
5831000
5568000
6055000
5518000
6855000
8103000
6671000
5580000
20246000
33328000
5826000
9876000
5415000
5487000
7627000
5452000
4991000
8082000
9733000
6748000
6297000
5191000
15882000
5531000
8448000
5401000
5459000
5409000
6968000
5648000
5084000
12469000
7153000
8387000
5259000
13853000
5138000
4039000
5851000
5343000
4923000
5407000
7215000
5908000
4572000
4492000
19623000
6068000
6323000
5802000
12780000
6588000
9200000
5197000
6985000
8338000
5222000
5357000
13660000
6582000
6807000
7156000
5124000
9752000
5737000
5948000
8672000
5381000
6786000
10044000
5251000
12084000
6708000
7075000
5017000
4573000
9859000
12866000
7531000
6674000
8227000
5454000
8853000
6415000
10273000
7539000
6469000
6544000
12351000
9503000
6743000
9824000
5077000
5140000
6160000
6605000
6857000
9513000
6142000
7444000
6573000
35691000
5677000
5406000
6791000
8959000
5338000
12864000
12408000
6122000
6703000
7607000
6244000
4894000
5463000
7490000
5603000
5133000
5285000
5958000
5717000
6400000
12800000
6843000
6156000
6005000
12515000
5484000
5116000
7932000
4697000
6058000
5988000
6226000
5020000
6243000
11968000
7215000
5553000
5695000
9552000
9279000
6170000
5071000
4751000
4395000
5823000
4562000
7717000
5951000
4753000
11173000
7354000
4786000
4925000
6885000
14140000
8995000
7734000
7933000
5944000
9420000
7044000
12549000
10290000
8989000
6966000
13085000
9487000
8692000
7851000
6719000
8970000
6412000
12072000
10042000
8067000
7675000
13700000
8980000
8556000
7873000
12362000
7123000
6228000
18966000
7826000
7729000
16369000
11077000
7022000
8750000
6399000
7907000
5795000
10958000
8367000
8756000
8314000
13334000
8150000
7918000
9108000
6931000
9817000
5786000
11369000
12423000
8329000
10870000
11777000
10936000
8612000
9094000
7127000
8369000
12273000
12628000
6054000
7750000
8780000
12157000
10125000
6728000
6792000
6403000
5777000
6263000
10087000
26563000
15114000
5445000
7523000
10119000
7346000
16559000
30813000
33105000
10581000
7868000
11709000
5971000
11326000
6502000
7924000
5410000
7675000
13555000
6837000
9497000
6896000
6386000
6759000
7692000
10072000
14314000
4750000
8210000
4289000
6954000
24278000
15900000
7183000
6771000
16116000
9536000
10641000
9348000
9277000
6793000
7116000
7031000
7680000
9278000
5339000
14620000
11173000
6606000
6368000
8694000
7451000
4314000
4577000
5656000
5090000
3895000
4030000
4688000
4078000
3741000
3921000
7431000
11994000
6168000
6892000
10590000
11659000
7028000
6082000
7836000
5533000
9167000
7008000
9194000
8910000
10009000
7297000
5930000
12970000
7383000
12944000
10178000
16243000
14890000
10393000
6412000
8283000
13164000
6489000
5991000
4816000
7558000
6532000
7714000
5689000
9150000
14039000
8110000
6585000
9738000
9085000
6835000
11012000
11070000
7073000
8291000
12183000
7508000
7894000
16408000
12635000
10432000
7759000
6879000
6929000
9449000
9362000
12010000
9549000
9555000
14077000
7064000
8900000
6854000
6596000
8541000
6569000
6677000
10529000
11279000
7050000
10079000
11631000
9126000
5911000
8454000
7985000
8612000
12077000
15643000
9353000
10921000
13240000
8785000
7964000
6609000
6412000
7542000
7682000
10781000
9194000
7430000
9362000
13238000
9823000
9296000
8046000
8991000
5860000
7314000
19577000
7081000
7666000
8083000
8878000
6912000
7688000
6847000
8841000
9946000
8072000
10141000
7932000
9057000
9076000
12558000
6450000
9286000
8083000
8176000
7716000
8823000
12060000
10402000
9137000
7757000
13135000
5591000
11808000
5890000
7830000
9664000
13684000
10886000
7113000
9260000
10862000
9459000
7350000
8979000
6954000
6038000
7500000
11437000
12122000
9703000
5947000
6698000
11209000
6702000
14628000
30243000
28008000
6299000
15076000
8612000
10158000
5705000
6767000
9233000
6647000
9921000
9118000
9994000
5545000
5057000
8008000
7843000
6141000
7756000
7626000
8001000
10985000
6623000
10934000
9340000
8523000
6567000
8031000
13253000
10165000
5879000
5636000
8077000
6130000
4765000
4802000
13955000
9169000
4373000
4908000
16596000
6272000
10793000
4865000
7100000
8916000
7004000
8476000
16044000
5671000
8163000
15261000
6725000
10890000
5560000
7916000
8189000
8939000
22169000
7946000
12262000
12992000
8836000
7679000
8740000
8942000
8733000
12223000
9922000
7284000
7958000
8744000
7958000
5572000
19703000
6008000
11269000
12957000
26813000
9870000
7989000
6773000
8591000
7954000
9091000
8384000
8462000
10164000
7635000
6173000
4688000
6093000
14256000
6222000
11700000
6489000
5547000
8033000
8185000
12166000
10357000
7627000
7252000
8553000
10410000
5704000
8223000
5975000
6293000
6514000
7008000
17043000
9549000
8099000
7930000
13435000
6172000
9092000
6946000
8402000
7305000
6863000
9431000
14546000
7000000
9067000
14771000
6242000
11001000
6307000
8590000
6973000
8942000
14718000
12110000
8166000
11421000
9962000
9498000
7328000
7031000
8997000
7155000
9325000
13821000
6764000
9047000
10983000
5721000
5872000
6752000
5181000
4892000
5686000
8323000
5952000
4415000
8927000
4327000
7832000
4558000
4618000
4559000
7935000
7321000
5616000
5580000
4287000
7280000
4905000
8014000
7510000
6847000
10939000
6884000
6030000
5842000
5745000
6327000
5712000
8390000
13397000
6512000
7917000
7519000
6689000
17740000
7200000
7671000
13507000
17344000
7714000
8650000
8294000
7936000
11631000
7442000
10111000
7136000
9669000
12114000
7918000
9076000
6813000
18201000
12290000
11068000
8334000
5537000
16720000
11786000
7163000
7841000
8046000
5266000
8152000
9476000
7029000
16358000
32121000
7364000
6828000
6973000
8597000
6769000
16442000
6816000
6198000
6028000
14085000
6403000
26479000
7707000
8074000
9210000
11587000
7318000
5743000
9691000
8544000
5270000
4761000
6258000
4416000
5977000
8289000
6842000
14520000
6137000
5295000
6113000
5238000
8566000
7035000
5559000
7008000
6312000
5562000
4742000
7915000
6267000
6286000
11152000
8556000
8908000
9101000
14227000
8434000
15253000
7177000
6400000
9810000
12875000
10327000
8132000
11184000
12646000
9227000
7077000
8030000
7953000
7945000
10841000
13786000
8694000
6800000
16113000
6912000
9716000
9214000
9741000
6074000
8833000
11981000
10749000
7504000
17031000
7042000
7676000
9034000
5719000
7901000
8965000
9637000
11198000
8985000
7756000
10148000
9696000
9727000
5654000
6778000
6969000
10743000
7539000
12962000
9588000
7365000
15950000
10196000
10056000
9561000
5015000
6661000
11079000
17364000
8732000
9191000
15556000
8184000
8965000
7792000
5242000
7839000
8898000
10518000
11470000
5781000
6834000
10462000
9338000
6360000
12395000
7854000
9310000
6432000
14869000
9706000
8064000
5909000
9653000
7895000
11313000
7339000
8832000
9144000
7925000
13323000
13245000
6578000
12915000
8444000
7722000
8227000
5557000
5844000
8275000
5686000
5417000
13536000
9140000
7301000
5550000
16342000
10199000
7604000
7818000
7163000
9007000
5468000
11040000
10549000
5766000
6811000
9377000
10437000
5892000
8395000
6944000
6396000
9049000
8738000
14688000
7820000
7632000
12124000
13752000
7673000
8818000
6819000
8974000
7500000
6462000
19746000
8033000
6911000
16259000
7198000
7859000
6662000
7522000
6743000
7783000
9874000
11341000
8129000
7263000
9697000
9464000
5470000
8102000
7390000
6992000
8163000
6587000
12200000
8253000
9740000
8789000
8563000
14844000
6672000
5310000
24822000
18466000
10817000
10639000
16648000
7146000
11607000
7107000
9119000
7106000
7014000
12607000
15193000
7880000
15691000
10940000
9513000
6675000
9153000
8744000
12258000
8402000
8104000
6870000
10227000
11422000
6936000
6876000
7669000
9323000
6589000
9153000
11068000
16048000
8403000
17070000
13147000
6748000
5603000
8190000
6729000
9667000
10154000
7665000
5460000
5868000
8945000
8947000
11252000
7786000
7892000
7282000
7807000
6111000
11977000
6855000
8279000
8042000
14033000
9041000
6005000
8205000
4886000
8451000
5680000
11666000
15622000
8115000
7810000
13821000
7113000
8038000
7850000
6044000
5080000
4918000
4761000
5737000
11720000
9344000
7485000
7945000
13256000
6546000
8029000
6643000
6588000
7277000
6786000
8456000
10896000
14043000
7677000
23535000
9971000
7090000
5032000
8525000
9657000
11565000
7979000
6221000
5167000
18247000
5682000
9894000
5672000
6583000
8247000
5708000
6515000
16962000
10357000
9951000
9600000
10347000
10228000
7352000
7477000
7977000
7209000
5870000
19042000
6787000
7955000
15553000
5849000
6512000
5106000
6672000
8617000
6704000
7330000
7814000
7227000
7902000
5511000
6800000
8759000
8687000
6076000
8300000
6368000
5374000
5657000
8117000
6033000
7551000
15638000
7466000
6808000
8382000
9062000
5433000
10662000
8192000
12833000
23547000
31151000
8493000
6373000
5900000
7624000
7592000
8392000
7507000
12420000
10219000
7008000
6789000
30155000
8516000
8720000
9022000
7834000
8083000
11924000
9305000
7342000
13741000
11736000
12475000
7982000
8985000
7202000
8928000
11094000
7158000
9050000
9968000
11916000
8255000
6690000
8132000
6220000
7137000
5393000
14812000
8043000
7363000
9368000
10559000
8170000
7365000
8128000
5295000
5838000
8436000
4957000
8980000
9789000
6890000
5070000
62391000
7038000
5448000
11173000
7250000
5068000
5087000
5353000
14154000
5307000
7491000
8983000
7203000
5052000
5401000
5269000
5218000
11850000
6330000
5367000
5224000
5376000
8447000
9489000
5039000
7815000
4865000
6696000
21683000
11226000
7259000
5242000
5464000
5423000
10718000
6809000
5300000
11334000
5529000
8180000
6483000
5403000
6077000
11922000
8847000
5582000
5679000
8539000
9459000
5464000
10333000
4554000
6660000
4288000
4555000
5752000
4687000
9120000
10689000
5798000
7368000
26805000
8076000
6899000
6723000
9001000
7469000
12195000
9818000
5419000
12279000
27879000
8264000
7290000
8228000
7043000
9288000
8278000
8331000
5511000
5702000
8672000
11633000
11247000
5370000
6266000
5149000
6444000
6658000
6464000
11071000
8981000
5296000
5055000
9373000
7557000
5464000
7195000
5407000
4978000
7125000
7980000
6591000
9797000
8693000
7652000
6635000
6250000
11504000
7580000
5086000
8185000
7555000
8618000
6524000
6977000
11665000
5632000
7534000
6463000
12126000
12781000
5902000
6996000
8205000
7057000
27737000
9890000
6816000
5519000
9325000
8154000
6368000
8430000
11946000
16151000
8790000
26841000
5261000
7613000
9764000
4629000
5388000
5490000
5208000
5820000
5502000
7895000
9881000
7780000
6216000
6276000
5454000
5540000
8509000
9338000
6488000
12515000
4980000
5065000
11065000
6790000
8532000
6700000
7923000
5612000
6426000
7480000
7737000
6427000
9491000
7132000
6691000
33164000
12171000
6670000
5517000
10420000
5866000
5438000
10849000
6768000
6823000
10378000
6900000
11374000
10606000
5396000
5507000
7915000
7117000
6814000
8985000
5864000
6162000
5544000
7160000
8114000
13545000
8087000
7093000
7915000
16684000
6443000
7030000
6894000
5234000
5349000
7413000
6999000
10004000
6113000
7170000
5730000
6712000
11518000
5279000
5797000
8158000
5319000
5854000
6744000
8611000
7622000
20771000
8116000
8416000
12291000
6355000
7735000
8000000
8130000
15396000
16770000
7220000
5737000
5676000
5925000
12326000
8050000
12624000
7405000
8328000
5452000
7817000
15162000
17900000
8398000
10034000
6997000
11891000
8548000
9584000
6757000
9788000
13977000
9717000
8158000
14791000
11561000
27597000
7587000
21095000
5912000
12340000
13582000
20764000
11420000
9203000
6782000
15329000
9561000
8395000
10981000
10398000
8260000
8288000
8534000
9747000
5367000
15965000
10299000
7015000
8073000
11495000
9312000
5551000
7904000
7159000
6909000
6451000
10063000
9334000
10193000
8593000
7189000
8894000
8709000
6907000
9300000
6648000
9191000
7816000
6789000
17590000
7774000
7340000
8874000
9386000
12267000
6938000
7553000
8352000
8091000
8856000
14608000
8158000
6870000
8708000
8071000
5595000
9093000
6677000
7861000
7447000
10438000
14354000
10655000
6378000
6737000
12818000
5489000
9165000
6616000
6629000
9634000
6452000
10094000
13979000
6929000
7683000
9870000
12976000
8394000
9270000
5889000
9936000
7296000
11946000
9782000
10978000
10714000
9870000
7620000
9342000
5718000
6688000
6642000
5871000
5636000
10667000
12262000
9343000
9476000
11470000
6170000
10755000
5828000
5779000
7190000
5856000
10364000
12565000
6518000
8394000
10586000
11594000
10054000
7729000
6056000
7386000
6631000
11845000
13036000
7652000
15452000
9435000
6779000
10479000
9582000
10771000
11082000
11836000
8962000
6075000
6887000
17001000
6243000
4892000
6216000
7770000
5995000
9423000
9545000
19855000
8117000
6470000
15635000
4916000
6842000
6009000
13785000
6562000
4577000
5081000
13440000
13806000
6317000
10039000
9476000
10407000
9553000
7876000
8320000
5626000
6614000
10251000
7354000
10066000
6032000
6607000
10178000
4564000
5320000
6518000
7272000
9725000
7688000
7339000
11040000
12572000
9724000
30211000
26134000
14593000
10171000
7739000
10142000
9978000
10123000
7630000
7296000
7140000
7893000
8726000
7612000
13419000
11804000
7950000
10171000
12841000
7952000
8849000
8962000
6594000
7279000
12169000
7838000
9319000
6763000
11896000
11570000
11841000
8844000
6836000
7518000
6887000
17327000
6288000
8055000
10842000
11361000
6426000
10202000
7877000
6677000
5355000
7029000
13392000
10720000
6749000
5761000
10146000
9544000
9852000
7758000
6590000
6466000
9252000
6098000
21204000
6987000
9311000
13352000
7009000
7580000
6742000
7885000
8412000
7405000
13456000
6893000
5729000
5967000
5006000
14133000
5771000
4984000
9725000
6864000
7330000
7464000
7006000
11235000
12185000
12143000
10674000
8878000
6082000
8243000
4599000
5904000
5843000
4895000
8002000
4624000
11321000
14517000
7988000
13728000
7550000
8647000
7278000
8377000
8781000
10630000
20132000
7202000
12988000
13561000
6114000
11677000
6758000
9325000
6296000
6005000
19838000
8694000
7915000
12013000
5696000
7509000
8572000
5808000
8727000
8831000
6129000
18976000
7365000
6002000
12858000
7720000
7145000
7835000
7730000
6131000
8362000
6930000
10383000
9402000
9208000
8530000
8521000
10297000
9092000
7626000
6834000
9085000
8069000
16344000
9362000
42366000
9310000
7842000
9243000
7848000
27847000
6401000
10518000
11629000
7264000
10420000
9171000
8687000
8040000
10639000
12143000
7065000
13582000
9400000
6444000
7910000
7603000
6358000
10032000
10710000
12073000
10148000
8252000
9319000
11228000
5601000
8192000
6814000
6143000
7645000
7440000
6274000
24463000
9779000
8583000
39142000
10583000
5338000
11128000
7199000
10405000
23510000
14541000
8207000
10292000
18679000
10375000
5505000
6815000
8288000
16592000
6301000
9809000
15205000
30102000
6828000
6762000
7166000
9999000
9585000
12143000
16818000
8260000
6017000
10242000
13392000
7708000
8559000
17001000
6744000
9181000
6598000
7940000
11459000
6818000
13413000
11314000
6036000
11507000
10774000
8020000
18607000
8368000
9451000
10874000
6473000
11711000
7237000
13292000
6596000
6710000
6464000
5871000
6126000
6297000
4461000
4535000
8565000
9643000
6862000
7527000
6269000
14390000
9302000
7691000
8689000
7785000
8981000
5455000
10988000
10124000
7528000
8983000
13490000
7165000
8957000
6553000
6852000
10318000
7523000
7608000
13641000
4955000
8626000
8472000
10058000
6006000
11307000
5534000
8973000
6576000
7952000
11631000
8378000
9707000
15666000
12819000
11320000
22383000
30712000
15081000
6743000
9931000
5852000
7759000
7496000
7657000
28085000
10151000
7360000
10643000
8567000
9557000
8121000
13011000
23789000
14525000
8322000
5658000
5510000
9894000
9200000
14119000
9287000
12229000
6760000
9850000
15632000
8799000
5364000
13609000
6617000
9085000
8598000
7692000
12704000
15844000
7706000
6910000
9714000
17374000
7317000
7797000
6718000
7013000
7354000
7200000
6811000
18594000
5077000
8754000
15307000
8733000
7899000
9626000
5255000
7081000
7677000
13333000
10736000
7255000
13035000
10087000
4997000
6879000
5962000
5744000
7342000
6747000
7211000
12936000
5303000
6375000
4664000
7902000
9290000
11009000
7375000
14638000
16627000
25713000
23278000
16291000
15418000
6527000
8106000
5951000
4877000
13732000
6568000
10363000
7010000
10590000
10242000
15926000
5919000
9140000
6930000
9094000
12066000
7102000
9516000
7755000
26122000
5734000
7836000
6125000
6883000
10682000
15793000
6784000
7729000
10916000
8967000
9499000
7781000
7479000
13816000
5857000
14793000
8954000
7784000
6857000
11143000
8119000
7383000
6734000
5731000
10099000
6571000
12624000
11870000
17658000
13607000
5777000
5766000
6976000
6187000
4933000
8661000
6163000
14261000
10678000
12505000
10834000
9409000
6532000
6891000
9241000
8060000
5307000
6306000
13990000
13841000
8870000
10398000
12686000
9598000
7455000
7086000
8486000
7479000
8576000
13724000
8098000
7949000
14147000
5270000
9288000
6672000
7777000
7942000
5662000
7144000
11698000
10698000
9326000
5931000
6448000
9156000
5973000
9621000
6247000
5431000
7990000
7386000
8726000
8901000
7289000
9441000
12439000
11714000
9800000
5538000
9002000
8871000
6858000
9642000
14317000
5747000
7451000
10616000
9736000
10967000
7774000
6783000
9091000
5568000
11371000
11445000
6427000
6611000
11591000
8824000
7056000
6565000
8813000
8324000
7976000
7295000
8367000
15823000
8879000
5980000
16566000
7357000
6546000
7121000
6906000
6681000
6965000
10513000
8689000
9376000
5664000
7554000
13422000
6407000
5672000
6780000
6828000
7053000
6697000
8984000
13545000
11980000
7759000
11054000
15170000
8868000
6490000
7835000
8242000
7994000
11131000
10463000
8822000
6123000
8582000
8510000
11195000
6865000
8744000
9458000
10714000
8967000
11552000
8648000
7999000
15784000
11011000
9075000
8946000
7146000
8725000
11720000
14387000
8119000
9072000
10637000
11348000
5671000
6809000
5749000
10095000
5414000
7669000
9413000
8785000
8392000
9197000
10714000
7958000
8475000
5895000
8965000
9840000
8869000
11640000
9322000
7311000
5955000
11416000
4701000
4702000
8820000
4820000
4977000
7269000
5211000
6613000
4810000
10554000
8186000
5275000
8155000
7603000
9153000
4499000
7202000
4774000
4664000
5173000
6611000
7491000
23599000
9444000
8122000
4673000
5942000
7391000
4595000
6421000
6489000
8127000
6737000
9970000
10920000
12589000
19946000
12460000
6516000
9924000
8628000
11554000
7785000
10554000
13774000
7688000
8541000
8703000
12450000
11074000
8068000
7843000
8757000
9319000
11240000
11368000
7447000
11317000
11174000
9439000
13947000
6601000
8626000
5725000
14480000
10032000
8691000
9757000
10541000
5998000
6789000
5465000
8249000
6831000
6284000
5147000
12509000
9263000
8775000
7840000
13350000
5659000
9132000
8060000
6225000
7943000
7398000
5278000
10963000
11079000
6913000
7053000
13866000
5567000
5512000
7160000
5335000
6855000
8066000
5374000
7256000
9969000
9853000
5743000
8825000
10025000
7216000
5095000
5357000
6359000
5592000
5533000
7502000
4671000
6224000
7323000
5431000
8982000
9081000
5004000
6338000
7834000
5095000
7471000
6431000
7205000
5340000
8942000
5519000
7536000
8162000
6686000
6988000
5750000
7394000
11103000
6867000
9433000
5859000
6384000
7008000
5611000
5363000
12263000
7108000
5724000
7216000
17645000
12792000
5933000
5444000
5683000
6487000
5463000
30484000
9917000
9098000
7540000
5185000
7010000
7644000
5568000
5561000
6674000
5967000
5737000
14866000
7371000
5778000
7775000
13926000
5206000
7984000
7314000
5315000
6242000
7411000
5420000
5936000
10813000
6693000
5381000
5609000
6828000
11500000
6819000
10084000
5399000
7759000
8108000
5369000
6176000
9127000
5953000
9272000
7081000
5413000
10391000
6585000
10294000
30274000
6441000
8124000
6977000
6542000
6896000
5725000
8540000
11006000
7107000
5426000
7020000
7374000
5928000
5520000
5876000
15380000
7864000
5624000
6374000
13218000
7566000
9542000
6355000
12442000
5951000
5074000
9476000
7509000
6714000
6585000
8164000
8214000
7212000
7020000
6588000
5796000
4357000
7764000
8315000
5388000
9032000
9697000
7080000
5513000
5593000
8499000
9396000
5311000
7380000
5568000
8514000
8730000
4570000
4843000
12439000
10500000
5374000
5379000
10697000
21195000
5175000
5146000
5948000
4941000
4995000
5618000
5097000
11511000
10320000
5285000
5384000
8353000
8346000
5584000
9265000
5948000
8345000
10609000
9101000
15490000
8701000
5716000
6194000
11551000
6099000
9664000
8824000
7575000
6954000
5322000
7618000
13651000
8410000
5862000
5870000
15744000
8322000
7891000
5489000
6924000
7867000
7101000
11241000
8802000
7861000
6185000
5615000
8034000
7651000
6783000
8102000
4845000
6553000
6220000
6891000
9862000
15842000
11644000
6892000
7907000
10677000
6328000
11031000
8366000
7679000
5007000
4516000
13497000
10785000
6834000
6955000
9139000
13712000
9847000
7687000
9100000
5877000
6759000
13129000
7328000
5045000
5099000
4799000
9681000
12168000
9408000
8249000
6564000
9157000
6900000
9463000
13867000
6706000
7876000
9788000
9418000
10840000
9583000
7755000
8144000
5598000
9845000
14028000
8596000
6647000
16032000
7687000
8156000
7851000
9272000
9186000
6697000
15728000
13732000
7814000
10691000
10088000
9152000
11389000
7283000
9703000
5292000
14689000
7542000
4820000
5972000
7461000
9098000
4431000
4622000
7398000
6579000
7187000
7802000
6757000
8575000
8863000
11929000
10748000
25869000
22131000
11701000
25660000
33678000
12209000
7773000
8615000
8750000
41629000
11546000
6945000
7612000
14564000
9752000
17481000
14000000
9146000
6826000
5787000
13900000
30917000
10351000
6642000
10142000
13309000
6172000
7093000
9227000
11089000
6922000
33782000
9439000
13006000
6526000
7825000
38490000
8458000
8651000
6675000
10695000
9385000
10217000
9393000
9488000
9645000
10199000
35316000
13085000
9966000
6976000
8100000
13127000
9804000
7105000
9167000
10546000
8116000
21102000
13029000
7009000
15338000
6640000
8110000
8387000
8597000
22496000
24538000
11980000
9648000
7059000
39736000
13093000
14843000
40686000
6878000
28731000
16110000
17168000
29756000
11057000
8081000
9869000
8215000
20922000
10567000
5752000
31485000
10681000
10171000
20952000
7725000
30617000
7614000
9098000
6658000
15076000
23469000
9496000
5883000
5884000
6834000
34748000
9111000
7852000
25015000
10542000
8134000
10776000
37043000
15115000
10006000
9490000
8612000
5685000
36760000
8481000
12615000
35044000
6198000
8616000
11676000
31690000
9041000
6190000
27336000
9460000
10462000
42153000
8406000
7763000
14036000
8342000
22483000
11661000
8337000
30666000
28403000
5663000
8379000
14206000
5981000
6342000
7792000
41062000
10188000
8957000
7113000
13091000
32971000
9240000
7737000
49928000
7169000
22816000
7626000
7085000
11368000
12249000
35598000
7888000
12878000
10315000
30498000
8341000
7338000
11901000
15370000
8060000
36788000
12747000
12694000
7425000
8533000
18056000
8037000
6429000
8453000
7683000
6934000
22017000
5360000
7996000
14100000
35747000
8400000
8261000
10866000
10630000
31986000
26618000
13801000
8019000
19823000
11695000
11127000
11104000
34941000
23818000
8701000
12013000
33972000
6784000
10085000
6298000
15357000
9299000
8223000
6851000
7747000
28633000
8044000
8569000
8819000
6631000
12017000
42964000
10803000
10544000
7560000
8113000
5942000
9413000
15099000
6871000
5972000
10563000
12502000
11730000
6275000
6907000
8632000
6205000
5218000
13729000
6372000
4785000
4665000
5545000
6438000
8630000
4706000
6752000
6010000
4667000
6807000
6318000
5900000
6406000
13480000
6879000
6104000
4714000
9275000
10222000
5410000
7686000
6711000
7481000
8127000
4650000
5823000
15654000
7100000
5186000
4978000
9778000
9226000
4797000
5116000
7566000
4807000
8328000
7010000
6182000
24023000
13159000
12178000
21620000
27025000
6153000
10783000
6183000
8740000
7710000
9744000
14218000
8841000
7134000
9699000
8443000
19791000
52148000
158988000
238908000
169406000
197493000
207626000
203588000
198360000
212079000
201996000
204755000
236080000
169617000
203420000
208070000
202482000
202428000
208426000
202271000
206376000
205579000
204568000
206368000
203203000
222252000
184640000
203633000
202352000
207689000
207073000
200847000
204328000
206398000
207232000
203198000
203156000
204435000
205835000
202669000
202108000
203743000
208580000
203992000
204872000
206744000
201607000
206678000
202995000
206833000
208507000
198850000
206610000
200829000
207971000
204201000
205902000
200556000
203455000
106396000
10125000
6002000
6521000
6789000
10652000
5399000
9343000
7822000
9078000
7835000
8010000
7622000
4667000
10893000
7124000
10848000
9105000
4740000
7933000
5623000
9352000
9855000
9827000
18092000
6667000
12374000
13760000
7703000
9178000
7079000
8614000
10245000
12409000
10019000
8499000
7450000
5798000
9666000
9748000
5773000
7286000
7196000
6022000
6517000
5474000
9306000
8674000
7072000
5237000
10870000
9411000
9596000
6484000
7056000
7834000
9839000
8968000
13502000
6901000
8067000
7846000
9010000
11186000
6451000
8245000
7497000
5512000
11423000
7463000
11853000
9069000
8770000
10757000
13858000
8386000
4886000
7749000
5754000
9112000
5879000
12699000
6804000
6689000
7891000
9444000
15425000
8892000
7841000
5818000
9442000
5997000
6794000
12159000
11620000
9589000
8303000
10938000
6361000
9165000
6690000
6771000
7990000
5497000
9310000
7286000
9074000
8920000
8651000
11358000
7081000
7750000
7774000
8522000
7149000
5711000
9414000
8276000
8851000
8863000
14846000
7466000
8368000
8033000
7024000
7786000
6510000
7084000
18846000
7984000
33392000
8416000
8938000
9122000
9226000
9326000
8765000
9377000
8320000
44969000
10619000
9985000
8133000
14539000
10010000
7595000
17833000
8458000
5901000
6878000
10391000
7775000
10397000
20004000
12570000
7701000
5924000
5880000
10610000
5826000
8340000
15452000
13590000
11319000
10227000
14420000
5686000
8777000
7461000
7179000
10074000
9367000
8854000
10687000
10347000
9790000
18013000
8443000
6950000
7858000
9820000
6922000
16208000
11244000
6718000
7835000
11341000
5676000
9957000
9948000
7189000
7221000
6222000
7678000
10980000
11959000
7330000
5427000
17729000
9517000
7495000
9591000
10633000
7139000
12721000
5668000
8364000
8306000
8236000
13238000
8148000
6572000
6579000
8106000
6498000
8050000
17933000
8021000
6393000
9939000
12354000
8536000
8761000
7373000
8309000
7864000
9581000
7717000
9998000
8959000
9930000
10114000
10470000
6966000
9579000
7763000
8512000
10378000
11765000
7203000
6335000
8953000
10260000
5420000
8569000
8788000
8771000
10281000
10039000
7171000
9192000
11129000
10583000
12462000
6543000
6198000
9076000
6568000
23432000
13274000
7940000
13160000
9960000
9518000
11393000
7910000
9175000
9511000
16619000
7140000
8422000
10420000
8956000
6946000
8882000
5656000
5515000
8940000
10245000
11808000
11427000
9061000
7512000
14517000
6690000
5994000
5764000
5602000
7641000
5619000
5281000
11784000
7786000
7386000
5528000
6051000
16095000
5163000
6534000
5745000
4966000
6289000
7357000
8261000
13067000
10940000
5164000
5838000
4958000
7769000
7419000
5151000
7308000
5167000
4955000
11847000
5205000
8823000
14419000
40163000
21133000
4863000
34764000
7760000
5046000
4881000
18016000
5124000
5130000
7444000
7733000
17510000
7151000
11708000
7823000
8624000
6528000
11396000
5949000
5362000
6427000
9200000
5601000
5996000
8510000
5462000
11543000
15015000
6529000
9466000
9916000
5069000
7343000
6801000
8058000
6489000
5451000
7055000
14453000
7380000
5117000
7183000
15655000
7282000
6920000
4599000
6768000
6656000
6832000
4484000
5229000
12825000
9045000
4685000
6553000
7618000
9490000
7170000
7308000
7246000
4608000
4418000
7517000
5741000
9558000
7278000
6218000
4421000
5229000
4531000
7868000
10039000
4737000
9915000
4669000
5373000
8103000
5720000
4865000
5897000
7988000
8541000
4458000
4586000
6570000
9649000
8643000
6481000
5850000
5529000
5565000
6520000
6350000
5653000
5542000
8655000
5968000
7931000
7524000
9517000
10091000
5283000
8281000
5301000
6641000
5589000
6660000
7832000
9641000
8075000
7263000
6092000
5529000
7399000
14285000
8395000
5185000
7484000
5420000
6730000
6383000
13130000
5316000
7100000
6335000
5909000
9585000
10201000
9287000
5661000
5468000
5448000
8280000
7091000
13291000
6114000
7656000
8544000
4939000
12761000
8817000
10926000
9073000
14876000
18156000
10151000
7347000
5834000
10420000
12936000
6815000
6919000
5519000
8121000
6421000
6728000
7577000
7018000
10470000
5512000
6965000
6374000
8466000
5312000
10886000
5137000
5544000
7143000
6503000
5833000
15757000
6083000
5171000
7078000
13157000
6209000
5374000
6774000
5534000
5232000
9494000
6995000
5328000
8871000
5694000
7980000
5798000
6984000
8054000
7882000
5402000
6291000
5422000
5469000
5340000
6946000
5294000
6889000
8398000
8197000
5604000
7520000
5198000
24854000
5920000
5338000
7468000
5535000
6086000
5185000
15749000
11899000
5634000
5745000
8992000
10884000
9158000
9166000
6577000
8921000
6632000
9630000
14519000
7740000
13918000
10091000
4840000
8645000
7870000
7466000
8081000
6289000
6510000
10957000
8575000
7132000
7449000
16866000
7517000
12715000
6783000
9048000
7124000
17130000
10066000
8797000
11940000
20619000
13088000
10146000
6401000
6702000
11258000
7021000
4638000
7633000
41484000
8410000
8351000
7751000
17730000
6301000
8375000
7843000
8772000
10701000
11229000
42781000
7835000
5851000
7926000
9844000
9437000
10224000
7601000
6798000
6785000
7316000
6929000
8612000
12483000
7703000
6520000
8889000
8962000
6925000
8225000
6884000
7622000
7083000
8236000
16489000
15210000
7407000
16998000
7354000
7903000
6755000
6655000
7978000
9030000
10730000
11304000
7664000
12530000
12614000
10396000
9812000
5621000
9845000
6933000
8718000
12328000
9353000
6785000
9542000
8723000
6399000
7558000
8252000
5683000
7779000
7623000
13781000
12925000
6691000
6008000
14539000
7740000
9388000
8227000
5919000
8944000
6936000
13006000
8928000
6743000
5865000
10082000
9829000
5682000
6826000
5696000
4489000
4797000
5957000
5238000
4876000
12885000
4707000
7429000
5282000
4952000
7893000
9318000
4506000
8073000
6426000
4958000
6261000
5794000
4565000
4390000
4398000
6550000
6276000
6534000
4659000
6686000
8751000
10278000
7264000
6264000
4783000
4942000
4926000
6335000
12942000
15544000
6413000
6330000
4562000
4680000
5988000
6766000
4542000
4641000
4855000
4524000
5959000
6292000
9121000
4777000
4837000
6389000
11113000
6478000
5590000
4960000
11034000
5688000
6339000
5373000
5912000
5983000
9984000
4411000
4455000
5208000
9029000
5272000
5062000
6698000
5112000
10440000
9604000
6423000
6715000
6610000
4664000
7453000
6037000
4688000
9416000
7623000
25047000
9074000
4808000
4573000
8572000
4464000
4627000
6181000
6784000
4613000
6579000
12888000
7271000
6841000
6132000
7940000
6536000
4809000
4967000
9395000
6365000
5900000
9107000
6180000
4512000
12746000
9861000
5062000
6687000
9920000
12937000
8127000
13437000
9643000
6673000
11203000
9512000
15311000
8880000
9642000
6934000
9256000
8113000
8163000
7914000
7446000
10940000
10450000
6218000
7653000
14572000
8068000
10069000
12350000
7767000
7024000
10271000
11392000
8824000
11104000
13999000
8924000
10642000
7995000
6369000
38310000
9051000
9857000
9169000
7815000
9716000
8181000
6791000
8651000
6961000
19278000
14812000
9307000
12543000
10513000
8012000
5801000
8508000
7547000
17181000
10867000
7585000
10118000
11002000
7019000
18169000
5481000
7492000
6380000
16765000
12374000
7185000
9124000
10023000
12904000
12438000
6513000
7884000
9427000
16447000
8374000
6938000
9737000
11271000
6365000
10773000
7691000
9988000
19579000
43635000
13422000
27225000
6140000
8913000
8333000
5557000
6116000
7455000
12916000
4968000
4646000
10794000
8266000
6951000
6122000
8224000
22586000
6672000
10687000
11545000
9485000
6064000
10309000
6398000
9734000
12454000
11527000
8618000
16990000
34921000
8441000
6005000
37789000
6572000
23802000
17088000
33816000
16534000
10344000
15887000
5627000
12641000
5766000
8661000
8476000
7130000
10025000
6905000
7025000
7464000
11203000
13210000
6301000
6797000
7826000
6497000
9075000
6512000
10685000
11670000
10570000
5069000
9835000
9905000
11166000
6951000
6672000
9001000
6531000
12359000
9366000
7090000
9709000
14962000
6638000
11340000
8451000
11254000
7702000
12396000
10435000
9194000
7138000
17081000
6591000
15531000
5669000
8070000
6554000
12004000
10952000
7818000
7052000
7689000
9777000
5618000
9800000
8385000
6391000
9146000
5202000
7867000
8919000
10585000
8009000
4683000
12533000
6978000
5622000
6501000
8036000
9366000
8463000
6242000
18778000
7554000
9107000
12099000
6914000
19945000
29294000
12162000
8785000
8300000
13176000
7551000
6637000
8879000
9527000
8355000
6642000
9602000
10312000
7477000
6858000
46428000
5699000
7850000
5924000
6232000
13650000
6858000
8065000
6086000
14599000
7233000
8858000
6928000
8526000
12021000
5885000
14187000
9306000
5865000
7134000
9684000
7439000
7761000
6536000
7662000
7466000
7482000
6833000
8086000
6925000
6083000
6970000
8200000
13968000
6557000
5155000
8113000
7470000
10628000
5055000
5721000
13658000
16863000
11441000
13286000
9501000
7516000
8713000
8713000
8105000
10905000
11429000
8855000
6729000
8333000
11116000
11114000
5694000
6546000
5615000
5830000
6898000
13072000
10275000
7596000
7256000
13883000
9045000
9335000
9009000
6439000
8219000
10252000
13659000
7412000
5453000
5748000
7702000
9032000
9033000
6804000
9451000
9860000
7940000
5611000
12890000
12193000
9145000
9069000
11000000
8024000
8306000
8188000
7495000
5831000
7614000
12515000
11433000
10506000
13449000
5840000
5532000
6481000
4667000
6930000
9342000
11709000
10229000
13455000
6883000
6620000
10293000
8620000
11391000
6812000
7019000
7649000
5904000
5423000
12593000
11549000
8268000
13502000
10345000
9347000
8563000
8191000
8163000
6064000
12032000
11440000
5934000
7771000
14833000
7939000
11411000
8027000
9334000
5404000
5696000
11610000
5375000
8390000
8160000
18333000
7078000
9179000
5922000
5828000
5717000
5977000
7582000
10987000
9716000
7192000
7271000
8997000
9082000
6832000
11575000
8106000
10885000
10018000
10245000
10652000
9128000
7975000
15067000
7846000
10493000
5667000
9607000
6916000
8138000
12494000
8332000
7342000
11296000
10773000
6438000
14469000
7955000
7600000
6940000
9138000
14194000
8692000
9055000
11984000
7780000
14340000
7928000
9427000
7362000
9021000
10054000
8813000
8115000
9046000
9240000
5251000
6287000
6385000
5789000
46240000
8177000
6492000
13968000
9723000
6496000
7656000
5677000
5391000
7783000
35821000
7459000
14055000
5503000
8648000
7398000
6710000
11958000
8096000
10012000
11247000
9175000
14842000
10358000
14033000
6472000
7385000
8736000
6715000
7944000
7336000
6389000
6320000
7800000
10288000
9101000
5576000
20650000
15126000
6189000
11552000
8854000
5587000
10396000
10616000
9392000
11613000
6448000
7270000
8825000
4822000
5541000
9696000
8012000
7045000
7020000
9215000
12840000
11371000
6817000
8859000
7599000
7903000
13680000
8507000
5430000
9678000
15919000
6127000
11580000
6668000
7940000
6400000
7454000
13135000
9782000
6351000
5519000
9080000
8876000
202615000
204308000
204574000
204631000
203801000
196517000
213050000
204505000
204561000
204560000
172755000
38888000
8592000
7604000
12908000
8611000
8951000
8023000
8862000
7515000
6102000
6600000
15227000
8673000
6638000
5736000
11207000
6546000
9893000
8730000
8542000
8100000
9849000
20152000
8102000
8427000
12855000
7957000
10852000
8614000
8364000
18121000
52156000
29683000
36930000
29222000
7533000
8958000
7372000
8725000
8070000
6429000
10993000
12208000
8175000
12751000
12294000
7065000
5957000
8341000
9405000
5955000
7786000
12855000
9657000
6877000
7697000
13876000
9487000
7628000
6543000
11555000
5592000
6450000
11232000
12067000
4573000
8089000
8569000
8764000
5257000
9015000
6191000
7419000
5520000
5005000
6168000
4521000
14786000
6332000
4850000
6344000
7938000
9872000
8825000
6630000
6040000
4386000
9933000
6626000
13965000
8156000
6460000
5472000
7540000
14281000
12019000
7794000
6586000
10816000
5719000
14483000
12077000
8509000
6928000
11331000
7820000
32319000
7568000
13199000
8426000
7644000
6714000
14492000
6535000
5823000
7184000
6853000
11784000
8375000
19902000
7884000
7128000
8897000
14883000
9583000
12013000
9455000
7149000
7797000
10867000
7980000
6802000
6928000
6623000
12391000
7386000
13886000
14761000
25563000
9420000
8231000
7720000
11237000
14405000
9690000
6578000
8822000
6494000
7808000
18880000
7180000
6730000
16518000
8911000
7925000
7609000
9417000
6369000
6320000
12568000
13711000
11142000
15656000
6734000
10901000
8609000
7329000
7784000
7737000
12452000
7358000
11167000
18992000
5322000
7524000
9616000
7066000
7384000
6612000
14343000
10113000
6903000
7570000
12173000
9939000
11634000
8160000
7882000
8230000
8054000
17590000
7106000
6377000
10282000
11717000
5139000
7855000
8050000
18686000
7409000
11174000
8333000
7733000
6049000
8361000
9183000
8640000
8500000
8709000
9693000
7717000
9631000
11813000
7940000
10872000
15707000
11807000
5714000
7179000
7525000
5461000
7348000
16211000
10646000
8094000
10000000
12693000
13295000
7516000
8544000
7762000
7137000
17565000
6661000
4816000
6347000
19128000
9724000
4771000
4663000
6319000
8087000
4766000
6354000
9789000
6588000
5200000
6896000
4895000
5025000
8643000
9904000
34504000
9428000
15562000
6958000
4626000
6674000
8274000
9882000
6900000
6489000
6763000
5911000
8619000
4740000
5762000
6993000
6813000
8083000
5028000
5487000
6532000
9271000
8581000
10293000
8006000
8399000
10971000
8803000
15628000
7459000
7711000
12545000
9191000
10488000
6394000
6430000
6670000
4657000
7530000
12288000
10770000
7883000
8695000
9323000
9150000
11948000
5455000
6478000
7531000
10987000
18859000
8350000
7288000
12360000
10940000
11142000
7368000
7663000
7861000
6778000
13890000
9305000
21173000
17080000
13249000
6087000
8926000
7845000
13713000
11599000
7001000
6944000
10243000
41573000
12765000
9945000
9284000
8507000
5870000
9186000
10976000
7409000
8307000
7228000
8421000
5412000
21030000
16886000
8678000
12956000
8869000
12613000
8012000
13721000
7541000
12156000
13323000
7027000
9756000
13931000
12481000
7108000
10038000
7756000
8135000
16662000
7649000
8002000
11428000
10385000
9207000
12548000
8941000
5756000
5651000
14308000
9153000
8080000
11265000
12488000
8959000
7827000
5938000
8012000
7900000
7943000
17169000
8221000
8840000
16056000
9013000
6683000
10477000
8131000
8687000
14494000
11894000
8246000
7748000
14302000
6670000
7471000
6564000
6908000
9460000
7178000
12314000
12669000
6861000
8725000
14896000
11781000
7164000
7704000
11275000
7456000
7189000
6894000
11355000
7420000
6815000
10735000
7245000
10272000
8474000
5605000
7679000
9259000
12131000
12561000
7608000
7021000
14979000
6800000
7385000
6948000
10089000
5520000
8646000
11227000
9520000
9185000
6867000
11769000
11257000
10020000
7072000
10701000
8984000
6907000
18911000
6932000
15619000
14152000
12669000
8058000
8495000
5883000
7534000
20343000
11042000
6890000
12034000
8507000
9461000
8234000
8705000
8081000
7633000
20180000
8387000
7663000
11044000
5807000
6720000
8437000
8071000
6628000
7189000
7968000
10611000
10591000
6898000
6830000
16791000
11926000
7107000
8952000
12715000
8948000
13339000
6824000
6901000
8179000
11196000
6270000
7131000
5644000
8007000
9238000
6698000
6874000
10050000
8170000
8577000
5756000
5509000
17318000
8784000
17325000
8294000
8661000
7785000
12933000
9846000
8491000
14968000
7827000
9755000
23485000
29154000
9110000
6894000
10784000
6614000
5156000
7482000
5124000
5930000
8743000
5502000
7703000
16614000
6420000
6275000
7363000
10974000
8326000
8175000
9979000
9917000
9362000
14120000
10908000
9670000
6248000
15360000
6978000
7669000
7902000
8983000
8795000
7200000
13109000
9587000
7727000
6932000
12514000
8183000
8617000
7844000
6553000
11187000
6994000
12368000
9663000
7095000
8339000
15003000
8376000
8897000
9418000
6943000
8203000
5156000
14534000
10916000
8006000
8918000
12902000
11036000
8084000
6940000
7725000
6749000
9108000
13010000
8040000
9366000
9730000
10576000
15513000
8757000
9485000
7163000
13152000
12906000
5368000
9304000
14291000
8651000
6879000
7506000
8208000
7069000
7849000
13838000
14639000
9710000
12345000
9699000
7105000
6600000
5450000
10820000
9101000
6216000
11986000
5940000
7194000
7160000
12165000
7650000
13078000
6470000
9004000
8101000
7341000
16465000
8398000
6618000
13738000
7241000
10024000
8924000
7928000
8070000
7582000
7372000
11968000
7908000
8567000
9326000
11151000
6759000
8213000
6921000
8230000
9019000
8322000
19095000
17622000
44045000
11272000
25768000
7089000
9437000
12031000
8280000
7858000
6604000
7886000
8894000
7755000
6674000
13287000
11641000
11147000
11040000
8335000
28429000
34391000
36527000
19445000
6939000
9048000
9044000
20039000
9005000
8625000
10487000
8371000
8701000
6646000
7850000
7128000
6860000
6985000
9870000
12949000
7165000
6931000
15104000
7056000
8391000
6915000
9102000
7561000
7219000
11115000
8810000
8237000
6845000
13783000
6529000
10240000
8255000
6974000
7287000
8474000
14197000
13036000
15929000
16026000
9019000
6260000
8219000
7367000
8438000
7997000
22049000
12580000
15240000
11368000
7989000
6174000
8663000
10197000
9280000
6283000
6745000
6511000
6054000
5513000
10005000
10951000
12510000
7648000
10289000
6510000
9738000
18306000
5703000
7049000
14929000
12212000
6305000
5335000
7824000
9387000
5564000
10723000
9537000
7912000
7328000
8246000
8201000
5364000
7198000
6553000
6476000
7399000
5713000
6106000
5468000
12079000
7899000
5716000
6879000
34549000
6929000
7464000
7729000
6767000
15502000
8332000
4910000
5310000
9583000
10851000
10706000
6935000
6834000
6615000
6878000
5358000
7205000
26298000
7723000
9125000
6457000
8235000
5125000
5111000
5680000
7660000
7712000
5733000
13868000
8030000
6142000
7003000
8261000
9503000
5319000
8757000
5693000
6928000
6382000
7291000
5527000
5484000
12124000
6497000
6513000
5363000
10511000
6259000
9733000
5205000
5437000
5306000
6397000
6859000
5834000
11675000
9895000
8361000
5752000
8925000
9539000
5699000
9949000
6260000
5980000
7285000
7140000
5362000
10527000
6891000
6716000
5513000
5358000
10811000
7665000
8143000
15020000
10073000
7917000
5464000
9822000
11887000
8574000
6387000
13066000
5842000
8432000
6123000
5809000
8677000
8925000
13688000
9872000
6991000
9450000
15606000
5436000
9010000
5231000
5288000
5838000
5477000
5726000
5456000
10018000
13070000
6473000
6640000
10191000
8305000
7968000
7922000
5420000
9414000
5444000
5430000
6109000
13012000
7781000
7835000
5188000
13678000
7292000
7153000
5576000
5903000
7830000
5520000
6851000
16342000
5904000
5415000
5302000
5344000
9903000
6296000
9985000
6615000
19280000
21331000
7435000
8538000
7712000
9981000
8397000
5715000
7341000
7904000
10518000
6525000
8051000
12892000
9002000
6208000
7004000
12076000
8326000
7486000
8270000
5647000
7855000
5175000
5262000
5533000
10825000
7704000
5435000
5497000
4813000
10427000
9758000
11213000
6001000
22812000
18147000
7040000
6994000
5810000
12527000
8949000
8967000
6543000
7396000
9718000
5256000
5840000
12464000
17664000
7555000
9939000
8814000
9529000
7544000
7762000
8585000
20299000
13911000
6335000
6235000
10750000
9136000
7854000
6515000
5506000
6595000
5847000
6778000
5863000
10353000
8841000
7627000
8007000
14231000
11968000
7869000
7697000
9104000
6350000
10570000
12917000
9143000
6791000
11846000
7492000
15442000
9600000
7270000
8379000
14417000
9205000
5852000
6870000
7357000
13284000
6193000
8908000
7554000
8428000
7331000
8482000
13471000
9222000
10182000
14231000
12056000
13748000
8143000
8912000
7859000
12013000
10340000
7196000
8417000
14418000
8046000
11583000
6739000
10671000
7830000
10571000
10750000
7093000
5772000
8358000
14163000
6813000
9021000
6699000
9430000
8181000
6944000
13039000
8992000
7508000
8039000
14727000
12002000
6076000
5851000
10222000
6812000
5733000
10888000
12174000
5980000
6570000
15741000
10273000
6407000
7967000
10597000
9628000
6829000
16452000
7076000
7656000
12852000
7491000
7067000
9421000
5207000
8392000
6241000
6810000
11237000
12874000
6603000
6552000
8255000
12392000
8365000
11946000
13959000
7191000
7475000
13405000
5957000
7356000
10458000
11638000
9883000
7700000
10223000
8244000
7737000
14144000
9966000
7765000
7365000
11809000
5944000
9109000
6691000
7656000
11581000
7485000
15594000
9651000
7979000
10747000
13456000
10799000
5782000
6826000
8467000
7579000
5126000
15744000
8561000
6320000
6826000
12156000
8316000
7382000
6857000
5926000
10758000
7768000
16390000
7553000
6978000
5246000
7990000
7312000
6103000
9913000
5791000
9138000
6707000
8893000
5697000
14343000
8700000
6704000
9630000
10415000
11142000
8698000
8021000
7844000
6654000
14490000
14005000
17999000
20631000
30785000
9187000
21117000
19990000
11832000
9632000
14930000
10509000
6798000
9557000
8369000
8034000
8678000
11449000
8332000
7275000
11509000
8898000
7584000
5984000
7764000
18935000
8336000
7794000
11931000
10910000
11184000
7508000
9067000
7594000
7135000
15514000
8985000
7996000
13363000
9005000
8534000
7095000
9256000
9315000
6043000
8510000
13840000
9710000
7011000
19021000
9653000
7787000
6454000
10928000
6357000
13737000
14053000
8429000
10717000
11639000
9479000
6730000
6755000
8660000
8149000
7860000
15331000
6190000
6879000
11073000
12438000
9165000
6741000
7861000
7686000
7998000
7188000
12906000
10305000
7694000
9647000
10649000
10704000
5914000
6753000
9137000
6858000
5903000
14649000
6992000
14972000
10651000
13676000
14413000
6540000
6395000
8008000
5438000
14013000
8322000
6982000
7985000
13786000
6348000
11310000
7678000
8006000
7095000
5805000
14950000
7594000
8494000
7360000
14793000
6643000
9619000
7817000
7601000
8007000
7990000
13423000
8445000
8760000
8058000
13131000
8673000
7867000
12465000
22972000
21760000
21709000
29798000
7467000
8523000
8356000
17841000
7179000
8528000
12441000
9080000
8344000
7645000
6807000
7689000
6876000
7889000
14922000
9444000
7895000
8875000
10476000
10649000
9524000
7693000
6981000
7747000
5891000
12717000
11207000
11619000
12171000
5747000
7985000
8411000
6458000
8163000
7204000
6786000
13428000
8618000
7984000
7078000
9273000
7597000
5897000
6421000
7016000
5388000
5784000
5036000
4633000
4901000
10076000
10924000
6048000
6280000
7573000
10304000
9274000
7398000
7586000
7304000
7525000
7874000
18286000
6006000
7343000
14517000
9989000
14094000
5616000
13006000
13762000
18284000
8297000
8373000
13824000
7384000
9297000
5528000
8590000
7452000
7904000
10670000
9636000
14340000
9056000
12097000
5633000
9563000
8143000
8667000
6844000
7637000
11401000
9045000
9775000
9922000
12928000
7285000
8729000
7107000
8443000
5628000
7892000
21788000
7130000
6129000
12456000
7750000
9204000
5972000
7650000
6036000
7429000
8725000
18730000
5811000
6203000
6319000
13860000
8709000
6861000
7182000
9700000
7746000
6661000
10268000
12552000
8050000
8065000
9449000
6484000
9477000
6682000
6477000
8749000
7440000
6894000
14579000
8865000
8279000
6195000
14111000
10057000
9268000
6446000
11175000
7212000
11908000
10569000
7948000
5412000
13444000
7269000
9824000
7692000
7487000
11974000
5422000
12970000
11689000
6953000
7037000
11426000
7546000
10793000
7866000
10126000
9095000
6137000
10165000
9020000
8184000
8587000
25888000
7948000
6112000
6150000
7042000
7824000
9409000
7958000
7930000
8928000
8260000
12865000
8250000
7451000
8572000
9804000
8326000
6294000
22181000
7955000
11372000
12941000
9161000
7692000
6586000
11111000
5605000
13788000
8071000
7745000
6261000
6557000
13478000
12519000
9715000
9596000
8150000
7618000
16860000
6253000
7453000
7254000
16616000
7582000
6044000
5856000
5155000
6359000
6583000
4792000
11585000
9100000
5554000
8621000
12626000
8381000
8981000
7652000
5714000
10093000
6415000
6533000
17169000
9020000
12253000
14587000
11602000
8227000
11429000
9355000
8198000
12910000
7600000
5973000
8070000
16088000
6530000
7799000
8220000
6728000
9838000
7563000
13852000
8886000
9356000
12709000
10506000
9566000
14586000
9231000
7801000
14177000
12921000
8389000
15557000
12012000
10717000
5549000
8671000
9146000
7474000
11351000
9831000
6710000
22704000
8917000
19858000
6479000
8247000
7714000
12266000
11333000
6662000
10904000
11163000
9562000
7398000
26477000
18748000
5960000
9093000
10604000
12225000
7343000
7970000
7891000
6685000
5517000
9132000
12597000
11278000
11291000
11975000
10160000
7036000
5769000
6563000
7035000
7038000
6752000
5010000
11353000
7318000
7510000
6047000
12937000
9712000
8200000
7780000
6009000
9369000
7681000
8331000
13151000
7080000
6455000
9530000
11962000
10448000
7173000
7410000
7368000
8102000
9957000
12466000
10104000
6272000
9277000
10789000
9645000
6350000
7153000
8244000
7215000
6491000
18441000
7572000
6745000
19613000
12008000
9045000
7775000
8088000
7007000
13932000
11362000
9398000
17784000
15873000
10918000
7410000
8540000
6652000
6596000
14108000
8025000
8177000
13815000
7061000
15758000
8293000
10044000
8203000
19012000
7932000
8087000
13189000
15356000
9386000
12913000
9043000
5481000
6410000
7329000
5984000
8937000
7864000
16462000
9575000
26680000
9537000
21082000
7243000
6607000
9761000
13195000
10978000
8119000
9360000
7290000
8030000
15942000
8470000
7979000
10438000
14862000
8323000
12176000
8301000
5341000
7291000
14438000
8400000
6358000
9251000
12142000
7878000
8918000
6649000
10766000
8881000
8986000
9982000
9765000
7327000
7770000
12065000
10245000
10256000
7793000
7375000
7783000
7641000
8843000
8677000
8072000
7823000
14465000
8424000
11130000
6528000
5991000
8446000
7021000
13235000
10877000
6893000
8954000
11895000
6752000
7745000
8034000
7764000
7260000
6611000
16701000
10829000
6305000
6477000
13045000
8564000
8496000
7350000
5870000
8888000
8703000
8393000
13997000
13496000
12454000
11331000
12910000
7826000
10744000
17121000
27297000
17316000
16837000
8419000
8176000
8490000
5422000
7730000
10147000
9041000
7248000
17616000
8698000
12393000
7161000
8653000
5913000
8082000
13749000
10316000
6842000
6871000
16223000
5560000
6856000
15386000
11196000
7154000
11493000
11996000
7651000
6527000
15891000
6697000
6440000
7860000
7166000
10151000
6893000
15754000
7784000
7408000
7832000
15192000
6500000
11461000
7798000
8838000
8226000
15100000
8864000
8178000
6706000
12848000
9950000
13882000
7834000
7935000
8673000
14815000
15023000
5874000
7223000
14980000
9387000
10293000
8864000
7150000
8051000
8108000
16734000
5651000
5588000
5274000
11404000
5705000
8455000
27503000
23736000
7647000
6299000
5388000
12148000
5881000
9129000
4777000
6084000
4907000
5946000
6930000
6962000
23759000
12878000
5634000
9335000
5657000
14229000
5487000
8702000
5615000
6578000
12939000
12393000
5513000
5307000
9325000
10664000
5192000
9263000
5806000
5459000
7015000
6002000
6655000
6801000
6127000
7405000
6725000
6750000
9876000
9897000
10047000
5579000
5641000
5268000
6584000
7179000
6400000
11163000
9920000
10185000
5267000
10235000
8057000
7322000
5454000
5489000
6773000
5655000
5432000
5962000
5842000
11040000
8464000
5742000
5604000
11909000
6182000
4840000
6797000
7305000
6737000
7243000
6696000
6383000
9761000
7060000
5516000
5331000
5541000
8729000
9509000
5413000
8949000
5281000
6779000
7126000
5528000
7199000
9476000
7092000
6398000
7129000
5476000
12009000
7611000
8276000
7689000
7046000
6207000
7307000
6133000
12752000
9034000
6446000
5424000
9569000
10590000
10781000
6505000
6875000
7353000
7457000
6942000
17018000
5505000
7444000
5484000
11528000
8645000
7772000
5412000
7025000
5577000
7805000
5340000
5751000
9788000
23376000
28516000
6883000
5807000
9096000
7580000
5836000
7455000
10400000
7659000
5259000
5588000
8791000
35805000
8623000
6805000
5377000
12590000
8956000
6351000
5269000
5028000
9410000
7775000
7199000
7444000
9233000
8913000
13142000
13409000
12905000
9669000
17449000
8453000
5558000
6111000
5235000
6094000
6807000
6684000
10965000
8912000
7929000
5349000
9206000
9714000
5703000
8934000
5410000
5384000
8237000
5577000
4959000
4600000
8720000
9890000
5302000
6780000
8586000
10489000
11107000
7106000
5542000
5521000
5235000
22806000
13652000
6975000
7019000
9314000
7730000
8429000
5408000
6471000
7450000
5764000
6729000
5459000
9470000
12464000
7399000
5390000
33859000
5311000
8958000
5098000
5422000
6416000
11328000
7655000
5811000
5572000
10679000
9700000
5247000
7562000
5882000
8684000
7332000
7851000
5768000
14326000
7615000
8929000
20973000
26920000
8544000
5629000
5143000
13425000
7920000
4340000
4408000
5550000
15906000
9950000
6985000
7385000
10154000
5806000
7061000
18854000
7823000
8330000
11939000
9486000
12642000
5836000
5163000
8243000
5636000
6402000
17273000
7346000
5369000
6243000
14982000
10591000
7898000
6953000
8811000
7443000
8447000
9462000
10632000
7775000
7085000
16709000
10352000
8788000
10260000
10207000
16329000
11480000
7653000
8049000
14622000
6373000
8221000
13379000
9415000
7619000
15386000
11764000
8989000
13275000
9714000
10292000
7356000
7367000
6478000
6823000
10221000
11715000
11863000
8155000
10586000
8093000
8787000
8027000
6867000
9876000
7836000
15964000
9178000
7926000
6783000
17373000
9278000
7738000
8852000
6272000
6717000
6230000
13483000
9606000
7254000
7331000
9620000
9869000
8633000
12293000
10215000
9806000
15042000
7367000
7849000
6605000
16160000
7312000
9703000
6689000
10045000
6837000
5475000
11436000
15878000
7970000
19584000
8832000
8059000
10603000
8047000
6960000
38271000
6505000
15376000
8368000
5655000
11668000
9187000
10220000
13628000
10461000
7903000
36808000
7778000
9612000
8840000
14087000
9588000
9153000
8781000
13533000
6798000
11208000
17654000
9140000
6039000
14160000
7096000
12585000
11115000
10562000
8108000
6914000
6662000
10271000
8101000
11431000
7520000
8631000
7401000
9532000
14092000
10053000
10181000
9287000
7674000
7251000
11641000
10848000
8248000
6974000
12971000
6728000
11390000
6993000
8729000
5594000
4508000
4368000
23522000
19760000
10851000
8811000
15469000
8217000
5952000
7855000
11147000
9973000
5804000
5855000
12550000
14254000
8539000
7739000
8628000
8932000
15211000
9183000
7118000
5340000
6995000
8000000
9418000
7332000
4689000
4437000
4987000
5498000
4845000
4999000
4704000
9967000
9197000
6891000
11070000
10229000
11597000
7716000
46837000
50280000
55740000
19311000
30528000
4899000
6186000
5630000
4701000
6214000
4573000
25802000
47448000
7013000
12005000
7041000
9271000
10496000
7869000
7037000
7149000
10679000
7301000
10733000
6947000
25689000
11984000
9948000
8032000
7983000
13831000
6626000
9994000
8066000
15633000
16981000
12305000
8467000
7742000
11623000
10839000
8233000
6709000
10382000
7858000
16253000
13397000
6670000
12387000
11736000
9239000
8725000
8524000
7473000
10235000
15686000
9628000
8549000
9841000
12143000
9582000
5800000
7631000
8652000
7917000
5806000
13261000
7666000
7471000
6521000
16706000
6068000
13560000
7081000
11153000
7909000
11005000
12320000
5886000
5664000
9730000
28601000
7141000
10666000
9302000
19625000
7187000
5561000
7867000
13244000
12086000
7371000
6824000
8164000
11012000
7083000
8789000
7998000
5139000
4485000
10687000
11016000
10596000
6370000
5906000
9349000
5631000
8865000
8638000
7550000
6506000
8705000
6096000
9743000
6163000
4706000
6469000
4775000
5901000
9266000
6694000
7872000
13434000
12958000
8329000
10084000
11251000
11345000
8430000
7438000
6424000
4725000
6293000
10534000
6037000
5748000
5728000
6190000
11119000
6329000
9543000
4362000
7819000
9583000
11493000
6621000
13949000
7222000
9296000
11882000
13862000
7263000
7995000
9789000
9297000
8407000
15234000
5963000
7722000
11574000
10230000
8538000
6689000
7266000
9422000
6609000
6778000
16430000
7125000
7882000
6732000
16154000
9235000
7076000
8043000
10360000
7877000
13183000
12271000
7169000
6124000
15718000
8340000
7482000
7713000
9797000
6409000
5844000
11101000
8498000
7809000
7860000
11188000
11979000
9738000
7588000
9634000
6506000
7590000
7152000
13385000
6886000
5885000
5715000
14519000
9963000
7029000
6496000
5224000
5480000
4865000
4086000
5206000
16147000
6589000
11524000
16772000
6582000
10360000
12854000
18948000
15709000
7875000
8043000
10019000
17413000
9815000
9008000
10939000
6759000
12411000
13884000
6553000
10023000
14909000
6559000
8218000
11456000
9282000
7032000
8253000
12587000
43288000
8007000
8264000
7713000
5219000
12204000
16164000
5982000
5069000
5695000
6817000
7179000
5541000
12142000
6787000
10471000
6632000
5360000
12622000
10148000
6265000
8179000
12028000
11305000
8379000
8539000
9005000
10885000
17293000
10087000
9442000
10610000
10752000
4989000
29914000
13168000
17008000
7995000
7017000
13932000
8817000
8263000
6858000
9407000
10254000
7724000
17926000
9871000
7909000
9856000
11017000
12575000
6165000
13332000
22960000
13238000
5803000
6038000
5093000
14389000
11417000
5730000
7275000
8651000
7165000
5695000
12015000
8429000
6929000
8304000
10179000
7637000
9336000
4747000
6384000
8051000
5995000
6309000
6144000
8235000
12789000
7712000
4893000
10944000
7470000
11869000
7278000
9779000
6729000
5733000
5116000
9172000
9295000
13890000
9625000
8949000
10956000
7317000
5323000
8735000
5061000
4843000
6127000
10246000
9069000
5348000
6300000
4932000
9087000
6753000
13210000
4781000
5267000
10739000
4648000
6443000
36486000
22597000
8243000
4818000
5290000
11567000
4776000
5126000
12528000
10402000
4931000
4781000
4931000
10056000
10196000
11259000
7542000
10092000
6922000
7672000
11483000
7768000
7492000
8371000
10637000
8936000
7721000
8745000
5698000
11353000
6850000
5948000
9409000
11887000
8182000
10314000
11910000
11373000
8213000
9971000
6156000
7966000
10981000
12119000
7860000
7684000
11800000
9736000
6677000
7160000
7655000
7063000
8100000
9608000
13081000
6354000
6721000
10735000
10519000
13485000
6791000
10526000
9447000
6735000
13273000
7905000
6963000
5893000
12445000
10198000
6390000
7852000
8161000
9060000
6380000
15371000
10988000
4542000
4460000
6095000
13585000
4835000
9717000
7254000
11340000
8992000
9061000
11362000
6964000
5626000
6075000
9526000
11135000
10531000
6579000
7940000
8052000
8791000
6652000
11868000
8172000
7619000
6865000
10892000
8791000
9499000
5753000
6834000
11033000
11944000
14030000
8343000
19457000
10217000
6441000
8609000
10389000
11802000
9399000
9697000
11521000
5524000
8461000
16979000
13365000
6420000
17768000
8716000
17157000
11485000
36479000
25068000
5885000
6020000
14874000
55037000
48173000
10842000
4921000
9964000
33378000
5351000
8806000
30101000
5610000
6719000
14573000
12212000
12520000
27332000
10848000
10100000
13248000
5882000
15940000
9598000
6675000
32721000
15843000
7078000
6933000
13799000
8646000
8679000
6840000
8851000
8436000
5617000
15655000
8448000
9069000
5995000
13195000
9766000
9821000
8800000
10670000
8462000
15649000
14980000
8215000
13763000
11393000
10902000
6986000
9315000
6216000
9101000
15927000
8857000
7522000
12311000
9950000
8630000
7834000
6805000
11462000
7796000
14653000
7891000
7810000
7866000
12682000
14553000
5905000
7911000
9743000
7522000
6949000
12182000
8989000
7306000
7093000
13634000
12641000
8084000
7065000
8337000
8046000
8872000
8301000
8149000
7509000
6938000
10250000
10660000
12596000
14236000
10191000
7596000
13248000
9711000
5754000
11135000
8034000
7675000
10667000
8502000
9415000
6500000
6955000
8392000
12909000
47531000
6142000
6456000
8361000
7399000
7350000
12548000
16068000
5526000
8961000
7425000
33052000
29470000
12922000
9208000
11989000
5799000
7621000
8372000
6787000
7397000
7076000
6800000
9967000
8737000
5671000
5423000
6339000
9226000
11432000
4888000
6503000
5082000
7748000
5575000
6600000
5396000
9813000
7315000
6315000
5299000
12514000
6924000
7834000
8676000
5414000
6895000
11076000
5288000
14054000
9099000
5342000
6077000
6810000
9676000
7474000
8924000
5320000
5450000
9835000
6930000
8294000
11082000
9381000
6515000
6232000
9444000
9208000
6341000
5670000
6083000
6875000
6666000
5512000
10002000
11899000
8914000
7237000
5364000
13591000
8130000
12855000
8678000
7962000
4795000
4615000
4868000
8748000
21251000
8040000
9333000
7084000
9287000
5337000
5383000
5500000
7048000
6269000
5530000
16780000
6404000
7364000
5699000
14236000
8337000
15426000
5552000
7023000
6840000
6903000
11639000
8062000
5723000
9072000
11110000
8557000
10669000
6473000
5383000
8085000
5080000
5253000
5535000
9424000
8990000
7003000
5249000
4802000
6605000
7980000
6927000
5796000
5467000
6920000
7534000
6999000
5715000
10352000
8772000
6520000
6086000
6498000
9061000
6902000
4579000
6848000
5460000
6779000
8968000
9447000
7697000
9968000
12436000
16916000
8864000
5556000
6514000
6469000
5070000
7599000
6769000
6567000
6942000
8032000
6979000
7958000
7019000
11750000
8181000
13591000
5784000
5398000
8038000
6971000
6568000
14133000
7084000
5443000
13950000
9527000
6874000
7068000
7287000
6589000
6497000
9604000
12669000
9429000
5354000
5868000
11916000
10378000
8007000
7023000
8648000
6747000
6177000
6309000
14524000
7201000
5118000
4493000
5562000
4600000
8858000
8241000
8395000
6737000
5176000
4920000
8855000
7278000
11657000
8966000
5666000
5420000
5414000
7622000
9635000
5424000
5872000
5510000
6862000
11045000
5094000
5192000
17530000
6741000
8932000
10502000
10309000
7777000
7573000
5580000
4936000
6971000
5490000
5275000
14491000
9916000
5384000
6347000
8803000
9684000
5513000
6176000
8639000
6861000
11622000
7623000
11036000
14431000
6035000
11863000
12524000
9123000
7811000
7949000
9617000
7150000
6022000
8531000
6570000
7279000
10923000
13216000
7906000
10671000
8453000
9021000
6763000
9896000
17534000
7588000
8879000
18147000
9531000
7875000
7642000
8175000
7379000
6116000
12780000
9432000
6289000
14046000
10100000
9280000
10637000
6826000
7543000
7953000
12919000
12048000
8148000
7683000
13945000
6760000
7372000
7700000
7731000
17730000
10215000
14220000
6490000
5928000
11314000
8790000
11382000
9465000
9023000
8764000
7215000
10026000
8566000
6835000
7269000
15162000
7386000
31029000
9976000
6400000
6527000
9279000
7886000
11692000
21951000
36758000
31620000
7154000
10469000
8520000
10915000
7084000
6779000
22771000
14125000
5772000
5831000
12656000
13240000
8663000
9885000
13969000
7896000
5411000
10167000
9190000
6804000
8051000
15832000
12801000
6765000
7664000
7878000
7609000
7601000
13918000
9068000
9514000
16759000
5750000
13093000
7971000
7727000
7062000
5499000
9695000
12412000
6653000
6945000
7824000
9688000
9010000
7272000
6236000
7126000
8023000
6998000
11891000
7667000
8093000
8676000
17456000
12144000
7749000
5857000
8903000
6771000
7761000
10450000
9845000
6668000
5844000
12037000
11826000
7918000
6498000
8015000
7763000
6961000
5652000
9591000
7254000
5113000
4945000
5306000
8199000
10381000
11085000
4991000
4771000
5314000
7209000
5862000
4406000
4653000
8698000
9773000
4924000
6083000
9854000
8713000
7201000
15004000
4933000
8738000
5129000
7886000
13841000
7041000
7424000
5521000
12392000
10056000
19753000
6145000
7174000
9335000
20344000
7813000
7563000
9121000
9879000
9565000
8730000
7947000
8445000
7965000
7604000
6959000
13131000
5617000
11537000
15409000
9066000
7609000
6767000
9792000
8899000
18791000
8931000
6827000
12440000
9423000
12420000
7029000
7652000
6262000
5111000
5704000
10812000
12443000
6520000
5688000
14451000
5775000
9192000
14829000
7965000
11706000
13754000
9542000
6952000
11921000
12464000
11701000
7729000
8672000
9271000
8021000
8424000
13186000
13437000
11827000
7923000
16958000
6957000
8555000
10590000
19503000
9132000
5797000
14750000
7665000
7892000
6587000
5186000
4736000
7873000
8662000
11552000
12422000
6904000
9173000
16361000
9541000
7613000
8035000
6938000
5957000
8041000
13566000
36567000
14308000
6008000
10885000
9350000
9480000
12502000
5978000
6542000
5825000
10797000
22362000
19772000
10495000
8195000
9179000
9634000
9303000
12613000
10904000
9496000
7693000
12441000
7892000
7936000
16480000
6913000
10697000
13737000
7989000
7943000
7751000
6893000
11114000
7869000
13704000
13576000
7573000
9505000
10629000
18697000
7222000
7212000
6790000
9112000
15877000
7682000
7181000
13735000
9762000
9472000
5902000
6493000
7217000
6431000
7183000
11694000
9952000
6441000
6339000
9076000
6516000
6174000
7474000
6933000
5349000
7741000
6058000
20416000
6269000
7196000
4721000
6139000
11937000
7423000
15285000
4491000
4722000
5742000
5384000
7939000
18818000
8712000
8054000
8581000
6154000
8044000
8032000
6147000
7596000
7662000
7245000
6214000
8353000
7984000
5079000
4992000
5930000
4372000
8505000
8742000
7172000
8570000
8170000
10424000
7734000
17626000
8352000
7177000
10743000
12308000
9231000
5385000
7603000
9603000
7505000
7450000
12531000
9758000
7617000
10388000
12613000
9129000
6705000
8077000
7583000
6504000
8963000
10632000
9043000
10027000
14542000
10052000
9586000
5741000
7984000
11193000
6916000
15494000
7202000
8740000
8048000
15050000
11623000
6993000
6773000
8203000
6886000
6992000
15276000
7966000
6362000
12706000
12086000
8360000
6589000
8168000
48476000
29265000
15932000
14457000
7761000
9290000
20147000
10442000
24531000
10074000
10959000
7765000
7300000
8038000
9936000
10235000
8743000
5658000
12457000
14654000
8859000
5571000
9828000
7907000
12830000
8345000
9808000
7518000
23119000
7404000
8466000
7603000
8604000
6040000
13674000
12166000
5919000
8958000
14812000
7273000
18666000
24118000
17403000
7101000
7093000
13556000
9197000
7981000
8341000
6104000
7631000
7805000
7133000
14351000
9088000
6944000
10366000
10906000
8615000
8154000
5797000
9941000
8229000
8257000
10535000
7905000
5615000
5769000
5932000
14863000
5124000
9963000
6363000
5015000
8733000
7635000
15925000
9294000
7717000
5979000
11148000
10618000
9467000
5262000
4774000
10103000
5970000
4485000
17977000
7881000
9017000
13184000
9797000
7526000
6429000
7808000
9124000
8624000
8199000
14041000
8551000
9640000
12718000
25114000
18548000
8710000
12216000
8784000
7142000
8912000
10941000
9271000
11449000
9822000
8385000
9241000
11996000
8513000
5934000
5621000
11945000
12610000
8626000
8069000
8064000
8661000
8977000
16706000
10751000
7363000
9885000
11231000
10488000
9228000
7952000
6434000
9179000
11862000
7601000
6060000
7247000
7812000
9638000
13102000
7137000
8047000
9938000
6974000
7282000
8948000
8865000
7796000
8821000
9035000
13047000
13172000
6668000
9324000
11678000
11691000
11462000
6896000
8502000
12437000
7262000
11831000
6929000
7515000
9533000
6983000
22387000
15393000
11265000
11720000
13211000
18196000
10623000
20513000
10298000
11839000
11168000
11095000
9748000
9398000
6949000
7618000
11122000
9319000
7486000
6706000
11193000
9303000
9311000
11314000
12968000
8287000
15862000
10647000
17929000
22611000
16521000
9248000
6910000
19448000
8762000
7813000
9031000
13458000
13759000
6544000
9322000
8851000
6870000
16840000
7853000
6351000
14369000
9845000
8120000
7849000
6997000
8474000
7553000
5825000
15380000
7282000
8026000
10006000
9725000
5988000
8474000
7609000
4397000
6423000
4870000
5361000
5296000
10396000
8050000
16161000
18307000
9163000
8255000
7143000
12113000
7210000
13304000
10068000
6367000
5906000
21470000
16737000
20990000
7343000
15945000
8098000
7692000
9804000
13026000
8711000
9673000
8115000
7478000
10696000
14288000
10126000
5799000
7701000
12200000
6783000
8522000
7152000
7118000
9152000
5838000
18574000
9273000
7364000
7430000
11968000
8072000
13374000
5720000
8099000
7124000
8530000
15192000
9545000
7017000
5550000
13023000
14460000
7760000
5547000
7449000
8095000
7247000
15830000
8954000
9407000
13278000
6976000
9394000
9235000
9775000
7392000
9697000
11264000
11702000
8672000
15236000
9087000
10447000
5573000
6442000
8593000
7543000
11153000
7524000
10035000
6934000
8771000
11393000
10093000
6836000
9754000
10785000
13777000
16728000
8549000
15384000
18207000
11520000
5276000
5354000
4708000
5292000
12515000
10317000
9174000
18547000
9182000
10365000
13825000
6979000
5499000
7533000
10205000
10757000
8527000
6783000
13291000
6992000
9118000
7428000
6656000
11341000
5321000
13623000
10456000
11802000
13141000
9598000
7221000
7046000
6721000
12008000
11033000
12988000
11176000
6733000
10842000
11454000
9992000
7970000
9508000
7724000
7019000
8886000
17228000
6092000
7268000
18181000
14150000
7678000
10239000
8253000
10941000
16335000
8259000
7945000
11090000
10837000
10201000
8012000
9294000
13106000
9538000
9644000
5571000
9734000
8281000
8519000
5173000
11653000
6791000
8898000
9910000
10974000
10584000
8107000
7149000
10219000
10496000
6263000
6048000
6919000
6982000
9954000
11355000
22726000
8873000
10801000
10617000
5428000
9032000
6990000
5687000
6514000
5983000
5098000
6055000
12106000
6281000
5433000
5175000
8538000
9474000
5312000
6108000
7709000
29553000
12001000
8812000
6067000
5486000
12854000
9292000
11331000
7436000
5427000
6574000
7917000
7561000
17537000
11135000
7156000
11756000
6969000
8764000
6914000
9619000
7366000
7236000
11095000
6611000
8361000
7267000
5418000
10405000
10365000
8300000
5413000
8672000
10207000
6687000
12515000
8866000
5673000
6836000
11584000
9466000
10577000
30975000
24926000
10769000
7153000
11016000
7750000
8384000
5485000
5330000
5101000
12006000
5342000
11139000
7039000
7350000
5182000
5529000
8644000
10384000
5580000
11075000
6794000
6270000
9604000
17216000
10466000
6102000
5577000
10507000
9455000
5165000
11640000
5522000
9333000
5327000
5326000
6830000
13950000
8392000
5669000
5149000
11381000
8054000
8261000
5339000
6644000
5421000
7665000
10387000
13019000
7282000
5502000
5551000
19849000
16696000
6675000
5938000
6122000
6305000
6093000
9676000
11702000
6884000
5353000
6386000
12861000
6860000
6740000
5663000
6603000
8792000
7342000
6626000
14517000
6437000
6706000
6951000
10816000
8053000
11136000
8548000
6200000
7431000
5701000
14186000
14619000
7496000
5490000
10624000
11526000
12902000
12340000
5422000
6261000
5534000
9107000
9448000
7208000
5685000
9404000
11230000
9368000
5479000
5884000
5430000
9456000
23271000
8528000
6827000
5596000
12758000
7988000
8620000
6247000
5269000
5748000
6383000
5396000
7015000
15882000
7255000
7025000
6676000
13664000
12203000
5664000
5825000
4806000
6169000
5284000
5038000
19505000
6597000
4973000
5792000
8537000
9668000
11008000
7405000
5509000
7677000
14131000
27800000
17379000
15362000
7578000
5782000
7332000
12028000
41688000
36276000
5444000
5596000
7457000
5976000
6644000
17420000
8198000
6557000
14366000
9683000
8708000
6666000
8185000
10217000
6938000
11760000
12132000
27446000
10874000
7710000
7377000
7105000
7696000
8575000
20690000
10897000
6801000
9612000
11137000
5737000
25925000
11121000
17022000
9357000
10194000
18330000
9314000
5484000
8346000
8405000
6429000
5826000
23264000
25241000
11280000
12796000
8451000
6770000
9025000
6707000
16938000
6647000
8245000
9642000
9867000
9864000
5964000
10824000
10009000
6741000
12495000
11565000
9242000
6373000
14776000
8821000
9420000
17461000
6106000
7836000
15042000
7920000
7597000
19841000
11537000
8073000
10145000
17008000
11186000
13250000
4727000
4823000
5003000
9164000
7354000
11022000
15649000
7304000
7973000
13449000
12632000
10358000
13855000
8912000
10804000
5316000
5179000
6391000
8927000
6895000
9391000
12179000
6238000
5923000
8520000
12115000
9584000
7684000
4634000
8428000
5091000
7070000
12157000
11616000
7550000
6936000
11921000
10565000
10247000
9423000
8006000
5315000
5312000
11991000
17224000
7503000
10457000
9132000
50298000
16298000
9282000
6297000
9172000
13723000
8962000
6043000
12205000
8871000
8114000
11059000
8904000
10072000
10071000
11624000
8324000
8194000
8038000
9355000
17466000
12211000
8245000
6898000
9463000
14582000
7602000
8137000
10994000
8902000
12631000
12224000
9146000
7871000
11939000
7685000
12156000
9631000
6867000
6441000
6715000
18813000
8442000
6399000
7404000
14764000
11683000
8379000
6685000
11350000
7789000
14668000
9763000
7401000
8107000
15181000
10529000
7341000
6770000
10621000
8776000
10947000
12703000
5698000
6747000
12420000
9753000
11100000
9330000
11682000
7218000
6741000
10566000
10415000
5481000
7128000
10001000
10396000
8045000
6442000
6768000
13360000
30718000
6151000
6360000
11829000
11591000
6660000
7200000
5302000
7052000
7955000
7821000
16443000
9103000
7370000
9393000
6517000
6646000
9093000
7571000
5940000
6821000
7547000
8260000
18885000
6686000
6250000
12250000
12579000
10559000
6882000
9583000
8040000
5942000
13856000
11149000
5994000
12887000
9993000
11302000
8507000
7419000
8228000
10076000
11829000
9261000
11297000
14125000
10506000
10521000
9693000
9619000
9839000
12814000
11362000
7441000
7516000
10260000
11952000
8317000
8588000
8382000
8443000
7835000
16249000
8050000
9737000
12211000
10725000
8848000
8292000
11946000
7558000
8573000
10955000
6064000
5835000
7935000
12701000
11013000
11431000
8702000
10479000
7802000
13127000
12716000
7025000
8691000
16215000
10435000
6814000
7778000
6897000
7685000
8540000
14092000
11151000
7301000
16745000
5257000
12834000
5945000
7120000
8796000
7773000
17012000
7519000
7032000
6729000
13457000
11528000
9773000
7664000
8828000
10362000
11902000
13332000
6676000
6841000
9015000
7876000
10915000
6465000
6471000
8381000
5842000
15718000
11042000
7437000
9635000
11150000
8968000
8437000
10748000
9233000
13807000
19689000
8114000
9321000
26530000
6739000
10467000
6345000
8061000
5766000
11517000
11994000
8089000
10693000
10140000
8089000
5870000
8996000
8818000
7069000
6322000
10413000
11560000
6765000
6928000
7178000
10558000
10388000
6460000
6423000
6704000
6689000
8934000
10191000
12182000
6653000
6460000
15392000
6462000
8983000
6595000
6061000
9429000
6640000
7071000
13951000
7050000
8235000
10224000
11477000
10232000
6568000
7105000
8156000
5831000
8907000
7975000
9588000
8100000
8742000
16224000
7009000
7691000
5730000
6984000
11622000
7157000
10725000
15101000
5801000
15096000
18875000
9332000
6198000
6482000
6906000
7782000
15795000
7053000
6743000
7124000
10685000
11136000
10245000
15603000
9583000
7443000
10919000
8900000
6375000
7625000
11757000
8526000
14371000
7290000
9999000
5806000
10952000
20196000
9184000
11649000
9121000
17588000
10559000
7191000
5953000
11818000
12452000
8418000
12517000
14027000
15084000
7137000
10263000
10505000
17288000
8517000
8671000
12878000
11791000
7262000
5603000
10643000
10467000
20187000
17288000
12424000
22022000
8134000
7950000
10557000
10679000
19760000
5580000
10229000
23938000
20580000
7700000
7717000
12178000
7848000
9813000
5682000
6389000
15398000
14964000
6749000
5826000
7664000
6610000
5747000
17157000
8351000
14457000
11715000
10240000
9330000
7029000
9128000
8493000
12627000
14495000
6668000
12286000
12775000
9193000
7170000
10423000
9050000
6642000
16345000
6713000
9239000
9817000
13526000
8670000
8876000
7861000
7082000
8788000
8050000
11376000
9212000
7225000
10904000
10619000
9128000
7804000
6936000
10993000
9576000
19186000
8441000
8047000
11415000
9289000
10520000
7061000
7322000
7399000
10049000
13430000
11160000
8265000
10674000
12000000
6793000
6162000
7648000
8750000
8595000
13273000
12892000
7450000
8013000
9442000
10501000
9310000
7956000
8805000
7263000
7666000
9681000
13313000
6770000
5863000
6868000
15376000
10383000
8269000
7083000
10159000
8733000
11407000
16120000
7697000
8482000
7392000
8457000
9668000
4152000
6911000
7497000
7782000
5278000
4802000
7766000
8495000
4352000
4246000
5795000
10195000
5444000
5994000
5222000
4373000
4133000
4184000
7086000
5885000
4143000
4178000
4911000
12910000
5946000
6010000
5599000
8330000
9066000
5982000
11182000
4784000
4872000
6887000
32482000
11509000
4943000
7905000
9228000
4846000
5700000
6409000
8478000
6943000
8297000
5996000
19260000
6464000
27640000
5481000
7352000
6090000
6129000
11451000
6180000
4865000
10945000
9049000
5261000
5805000
5534000
12074000
6349000
7560000
5970000
5009000
6447000
5992000
4881000
7073000
17381000
6651000
7311000
4115000
11276000
4146000
3891000
8683000
6018000
4368000
4204000
5044000
5459000
4728000
4635000
12406000
9571000
4479000
4797000
4599000
10531000
9290000
7404000
5162000
7186000
4838000
5529000
9029000
6862000
14344000
6126000
4622000
4464000
4586000
9832000
6984000
9047000
8893000
7325000
10767000
5969000
13306000
10983000
6692000
4639000
5971000
8859000
6591000
10571000
6972000
5611000
6341000
4917000
10489000
13214000
6363000
4475000
6932000
4482000
8878000
10300000
9578000
4715000
5077000
9190000
4620000
5179000
4607000
13507000
7849000
7688000
6872000
8294000
8948000
4895000
10444000
12419000
5856000
6541000
4148000
5644000
9450000
5121000
16359000
8913000
9401000
4099000
9726000
11925000
11506000
8668000
17679000
6029000
5218000
5392000
4432000
9491000
7466000
9993000
5428000
4516000
4396000
6774000
7361000
9305000
13780000
5898000
5418000
13951000
7358000
4984000
8266000
5667000
6427000
6280000
7967000
5095000
5229000
11889000
4850000
8255000
4743000
6036000
15826000
4958000
6730000
4499000
5000000
4376000
6792000
4171000
5729000
5575000
16862000
12140000
4121000
12756000
6411000
4115000
5592000
6206000
6363000
4379000
4995000
4565000
4186000
3997000
4697000
7464000
7786000
5155000
6469000
4241000
10606000
6694000
4198000
7357000
4423000
6613000
4777000
4191000
5580000
4749000
4309000
15827000
6769000
6246000
4342000
7305000
9788000
7211000
6265000
3961000
4067000
3890000
6015000
7491000
5685000
7120000
7035000
6791000
5884000
4498000
4716000
8131000
6401000
7105000
8458000
6962000
4870000
7849000
4546000
8741000
11541000
8741000
6853000
5473000
5607000
8375000
8122000
5478000
6152000
5973000
6631000
12421000
4787000
5676000
14860000
7312000
4541000
8049000
9242000
25384000
5983000
7656000
5972000
5894000
4866000
10018000
9166000
4736000
4322000
6044000
52430000
13094000
15218000
6900000
5754000
5680000
10278000
7097000
4624000
9674000
4684000
4563000
9571000
5822000
5801000
11800000
14670000
5885000
4699000
7280000
9499000
8371000
5259000
6119000
4898000
6762000
4626000
4420000
4458000
4354000
8150000
6314000
9906000
4813000
5076000
14820000
6201000
8569000
4501000
4492000
6058000
4545000
3982000
10779000
13613000
6759000
6257000
4251000
9092000
6182000
7170000
5875000
7086000
4610000
5756000
5957000
4122000
5781000
5864000
8474000
7804000
5691000
5668000
4250000
7845000
9387000
6650000
6919000
5654000
7591000
7537000
5014000
5317000
11371000
7730000
6373000
5854000
5688000
11948000
6746000
5722000
7173000
5683000
5013000
5912000
5843000
7670000
6568000
16318000
4562000
7170000
14610000
8970000
13153000
7137000
7202000
6965000
5627000
7065000
13860000
6898000
6639000
11005000
12627000
7580000
6346000
5062000
7655000
5408000
5318000
6123000
11130000
10828000
5130000
7026000
8492000
15144000
8795000
4851000
6781000
6544000
5447000
5141000
6878000
10872000
8235000
6887000
5721000
7886000
10043000
5258000
8295000
5195000
5373000
7554000
5686000
5470000
5303000
9863000
11816000
5721000
6779000
15775000
5084000
6840000
4539000
5150000
6571000
6385000
5263000
5224000
7078000
6418000
9452000
6839000
5822000
9166000
9172000
4917000
5971000
18460000
19029000
13022000
7799000
5338000
6392000
9608000
8645000
6569000
7128000
5507000
12323000
4644000
5457000
4828000
11053000
11271000
7236000
5354000
9324000
5681000
7078000
6803000
8574000
5339000
7206000
4787000
5485000
6899000
8867000
9795000
5545000
6929000
9076000
6613000
6829000
9373000
6753000
5087000
8686000
7533000
5791000
15116000
7453000
5474000
6493000
7818000
6629000
6974000
9415000
7025000
5117000
7412000
5310000
5389000
7899000
12522000
7960000
5595000
5490000
10452000
7431000
4766000
5725000
5371000
5219000
6955000
5291000
5115000
5458000
11054000
14683000
5686000
7182000
8427000
7919000
8566000
6028000
5023000
5503000
5367000
4961000
6104000
4843000
9929000
5985000
4396000
4362000
5280000
4578000
6527000
7299000
4515000
6912000
4397000
5385000
4571000
5564000
4551000
8614000
32612000
8757000
8506000
8041000
7329000
5477000
5755000
5513000
8589000
31134000
7886000
38254000
13935000
8592000
5570000
6770000
12773000
8700000
6388000
6605000
8752000
17760000
18413000
16604000
26008000
15855000
10575000
7375000
5704000
6241000
5421000
7318000
9721000
7851000
7339000
11304000
8154000
5225000
6968000
11019000
9345000
9114000
6582000
7876000
6909000
8091000
8647000
11893000
6304000
5347000
5726000
11578000
10107000
11163000
5031000
6040000
7757000
5549000
5393000
13710000
6089000
7043000
5329000
5575000
11124000
8689000
7615000
7712000
5790000
8901000
5741000
9397000
15880000
8104000
6677000
9395000
11591000
10082000
8659000
5534000
9353000
5429000
5933000
9977000
12742000
5345000
5171000
9271000
11911000
9759000
9005000
7146000
8831000
7547000
7779000
12400000
7924000
8147000
9003000
9475000
6160000
7002000
7321000
5290000
6746000
6153000
4950000
4684000
8734000
11835000
5286000
6865000
9275000
8114000
5520000
9286000
6941000
5591000
8074000
6160000
7809000
10804000
9264000
7674000
8776000
10050000
7953000
7509000
6164000
5673000
9857000
6898000
6685000
13387000
7967000
7840000
6157000
16394000
12305000
7297000
7902000
6630000
6765000
6984000
11940000
9751000
6669000
9110000
9959000
9525000
8430000
7342000
5919000
39272000
16319000
14074000
10991000
8376000
5120000
5476000
7573000
8514000
7057000
11960000
7228000
7980000
7574000
14223000
8404000
11610000
9148000
9678000
5796000
6137000
11568000
7956000
5078000
5708000
5948000
12821000
8842000
6104000
9353000
7702000
7855000
8569000
14819000
15787000
11211000
13393000
6303000
9185000
10139000
7586000
8340000
12659000
11143000
6789000
6455000
13574000
9891000
9399000
5739000
6332000
7686000
5542000
7037000
17717000
8227000
6494000
15178000
22114000
6747000
5072000
4788000
5765000
6620000
16290000
8786000
5648000
5021000
7143000
6367000
6135000
9482000
4082000
9176000
9613000
21289000
7366000
6508000
4570000
6856000
5679000
13993000
4378000
5815000
4854000
4586000
4641000
6468000
6014000
4793000
4692000
8704000
9198000
5716000
8101000
6817000
12428000
7720000
7239000
7080000
5813000
8338000
19497000
24254000
16608000
22880000
15704000
6584000
7696000
16062000
7804000
6426000
9228000
11567000
10015000
6637000
7817000
10086000
5561000
6928000
9801000
8816000
4729000
5933000
5980000
12915000
5174000
4872000
5851000
6077000
4466000
6928000
4421000
4667000
4620000
6893000
13162000
6634000
12737000
13734000
11348000
5699000
5451000
7120000
7141000
7876000
11950000
8625000
8684000
11984000
9340000
7052000
7120000
13169000
10916000
7681000
7717000
17208000
8223000
7810000
13042000
8370000
8561000
8447000
5699000
14835000
6284000
9017000
13988000
6738000
7316000
9913000
7057000
7089000
4745000
7960000
5287000
8814000
8813000
7136000
6604000
7070000
8462000
5821000
8988000
9887000
5718000
8197000
7764000
6336000
8990000
8027000
14470000
7178000
7033000
5132000
4353000
16117000
5152000
6948000
4194000
6800000
7506000
7964000
13429000
16420000
5900000
6548000
17576000
8204000
7114000
6606000
7680000
7796000
7690000
11583000
8270000
6547000
8955000
9509000
11443000
7573000
8297000
10360000
6422000
7874000
5211000
9938000
7049000
8535000
6682000
5225000
13733000
6799000
11062000
5823000
5648000
7272000
7577000
9018000
6483000
11827000
9402000
9016000
8969000
6505000
9669000
8745000
8423000
9248000
7379000
11391000
6801000
6956000
6314000
9826000
9937000
7180000
6128000
18533000
8326000
6756000
10276000
16160000
8972000
15946000
10275000
5554000
6850000
6725000
8025000
5012000
8028000
15139000
5403000
4839000
5097000
12908000
6501000
8307000
5612000
5714000
5652000
7765000
5950000
6432000
22188000
5970000
6911000
13159000
7203000
8984000
5733000
8314000
7922000
8748000
6813000
16437000
5351000
6120000
4495000
48232000
8064000
8237000
10639000
11001000
9283000
12937000
9457000
10721000
7550000
8779000
8846000
9183000
12006000
10090000
9752000
8386000
14325000
8599000
9499000
8468000
6501000
5485000
8226000
14632000
8524000
6751000
6380000
7736000
9350000
6274000
8029000
5014000
5080000
9790000
9065000
6120000
11754000
7167000
8335000
10578000
16642000
21329000
6457000
8068000
6629000
10548000
7086000
5681000
8107000
7193000
10538000
6923000
7276000
8145000
5512000
7351000
6779000
5687000
11331000
10320000
5705000
9119000
12437000
6687000
8992000
5548000
5863000
7662000
13489000
10277000
17568000
8766000
27862000
28672000
5883000
16618000
11891000
6967000
18290000
14313000
6079000
7774000
10435000
8362000
5577000
11863000
17901000
8413000
12403000
11796000
7267000
5839000
9135000
7062000
8018000
10396000
7288000
6336000
5589000
5407000
14063000
7078000
12803000
6420000
6949000
6824000
5985000
6775000
13872000
9010000
6794000
5739000
13287000
10962000
7382000
6857000
7957000
6463000
5215000
7757000
12798000
9652000
7017000
17249000
6773000
7801000
6989000
7288000
9911000
6799000
12593000
9509000
7749000
5830000
9875000
9655000
7939000
8300000
7251000
9176000
9986000
9062000
12742000
9564000
6775000
12157000
11371000
6676000
7034000
5142000
7534000
6467000
5086000
4721000
10650000
7051000
4438000
5552000
5637000
7330000
10633000
5599000
8440000
9604000
9138000
7621000
16061000
15925000
7064000
9074000
10465000
9046000
7334000
6890000
7776000
6389000
6522000
11529000
13204000
21802000
8992000
10785000
7688000
5889000
9297000
4739000
4040000
5807000
10392000
8605000
5186000
7332000
5227000
8702000
17689000
27778000
10417000
13946000
8396000
7263000
5161000
14050000
5815000
6557000
5598000
6883000
8124000
17648000
19499000
7389000
6165000
10817000
8767000
8514000
7127000
8176000
10052000
7409000
15420000
9750000
7059000
17543000
6507000
9673000
7869000
6404000
9991000
7663000
8020000
9546000
8475000
7251000
5495000
12272000
9363000
17368000
10735000
5332000
7319000
13165000
12153000
6584000
4881000
8273000
9895000
4339000
4493000
5219000
4247000
4213000
5514000
4709000
4252000
4114000
4260000
18738000
10065000
5886000
4891000
8355000
7095000
5827000
6261000
6494000
5531000
4198000
4479000
6422000
7062000
17037000
11447000
14559000
10699000
5887000
5367000
5697000
6076000
5813000
5995000
4756000
5128000
13365000
7077000
5377000
6154000
8987000
10971000
5787000
8773000
8714000
7057000
5347000
7271000
5035000
11119000
8566000
4640000
4776000
4631000
11284000
6841000
4505000
7473000
8030000
4314000
5269000
4605000
4341000
5032000
9961000
8955000
5919000
6251000
6803000
10663000
7893000
10602000
6210000
6200000
6346000
6296000
6852000
12683000
7099000
7580000
5114000
6193000
8960000
6728000
4690000
9118000
6263000
4891000
8422000
7626000
14530000
11232000
5983000
4518000
5998000
8746000
8778000
6526000
9548000
5860000
6398000
5695000
5782000
6090000
11366000
7848000
5003000
4954000
5931000
9215000
6622000
5991000
5997000
4080000
6738000
4342000
5700000
5641000
4329000
4806000
18845000
5208000
6004000
5166000
8858000
6888000
7165000
5556000
6196000
4477000
6081000
9924000
7494000
8725000
6202000
5910000
7113000
5650000
6588000
11013000
4812000
9717000
4506000
7164000
6784000
6342000
6259000
17967000
5392000
5203000
6896000
11299000
7775000
6631000
5558000
6779000
6572000
6316000
5013000
4270000
4990000
8851000
10017000
7165000
4976000
9130000
6745000
7212000
8202000
4817000
6692000
6762000
6231000
4914000
5372000
16373000
6399000
4492000
4726000
4767000
9110000
7394000
4708000
6211000
4910000
6152000
4589000
6907000
4963000
4825000
5877000
6106000
9585000
6146000
6203000
4773000
11649000
4615000
9142000
4669000
4661000
6485000
5982000
6570000
6522000
13253000
14251000
15449000
10325000
15311000
5719000
5564000
8495000
8049000
12655000
8898000
6747000
7811000
5905000
14517000
5926000
11320000
8052000
7846000
6053000
8714000
17002000
6149000
7008000
10644000
11379000
7796000
7479000
6596000
22904000
23398000
7410000
5445000
9781000
8359000
7144000
11757000
6542000
7538000
5745000
8841000
15854000
9607000
7859000
12421000
11313000
10886000
7063000
8015000
7382000
7851000
10589000
11162000
15685000
19887000
17359000
41576000
19849000
12357000
10339000
8466000
7830000
10578000
7798000
7948000
13727000
8166000
8892000
6548000
17555000
7824000
7960000
7647000
8230000
5844000
6882000
14828000
9173000
13627000
24259000
17550000
9939000
6603000
14644000
11856000
5680000
7262000
9284000
12204000
7649000
7689000
7049000
7068000
5428000
5201000
13098000
9994000
8134000
6811000
11268000
8686000
6100000
6510000
6698000
8982000
6289000
6825000
11353000
8660000
9179000
5552000
9764000
10721000
8003000
6042000
6840000
6375000
7820000
6038000
6509000
10670000
8759000
6693000
5761000
9446000
9518000
5451000
5331000
5268000
6649000
7940000
5501000
5271000
6449000
7954000
7899000
5976000
11712000
13153000
9249000
13866000
6020000
8931000
5504000
5585000
6427000
8181000
9782000
5541000
5410000
9250000
9803000
5653000
5168000
6605000
6590000
6344000
6246000
5434000
9000000
6351000
9438000
6880000
5496000
5135000
9150000
5408000
10032000
4970000
5229000
5400000
6597000
5849000
4811000
4131000
16232000
5672000
5420000
5346000
8592000
9186000
6869000
5718000
5759000
8154000
7931000
5529000
5187000
11717000
10414000
5569000
5336000
5666000
10164000
7101000
5149000
6704000
5528000
6603000
6581000
5594000
6716000
5998000
12988000
7599000
6671000
6280000
13268000
6978000
11889000
5299000
8079000
6800000
5407000
5144000
9383000
9190000
5535000
5591000
10303000
11022000
18413000
10753000
5200000
6714000
6293000
11343000
8495000
5279000
4876000
4166000
7081000
9385000
34498000
4863000
31628000
7461000
6420000
11387000
9065000
7817000
6320000
8359000
6504000
5295000
5553000
7780000
11259000
6314000
6598000
8193000
9405000
7881000
5728000
5935000
5689000
5621000
7251000
12934000
18458000
7130000
6749000
6247000
9674000
7572000
8680000
5243000
6905000
7804000
6742000
6572000
12319000
7467000
7719000
7333000
9370000
10302000
6545000
7151000
5470000
6957000
8455000
6909000
5252000
9381000
11691000
6531000
6701000
4927000
12827000
5174000
9552000
5352000
5375000
6967000
6452000
4941000
4817000
15382000
5619000
5942000
8317000
16830000
9875000
6841000
6567000
8171000
5553000
5468000
6845000
8847000
7259000
5347000
5180000
6753000
9065000
7461000
11353000
5658000
5475000
7361000
7101000
5604000
13275000
10088000
5704000
4829000
4296000
10670000
6620000
6883000
5013000
4336000
4573000
8521000
6431000
7777000
5707000
9187000
5268000
5273000
4500000
8244000
10339000
7690000
5922000
6810000
8794000
8447000
6991000
6291000
14390000
7962000
5661000
8100000
11086000
6737000
6690000
8826000
7756000
8924000
5992000
8102000
14774000
9470000
7126000
5354000
14603000
7104000
9680000
7321000
13211000
7410000
8179000
8872000
7204000
5399000
8237000
8893000
10223000
5172000
11247000
8538000
9827000
4765000
7278000
10264000
9360000
9306000
7269000
9541000
8726000
7074000
5206000
7738000
9296000
8993000
9355000
8994000
7332000
5420000
6595000
9204000
10380000
5598000
13317000
13544000
7948000
7268000
17733000
8616000
6538000
13170000
9173000
11417000
8684000
5210000
6767000
6541000
6683000
16385000
7804000
8541000
9246000
9763000
7233000
7470000
6269000
6214000
6775000
7821000
14253000
11131000
4503000
5713000
4318000
10446000
7163000
5063000
7289000
4741000
4586000
7858000
5378000
7429000
12162000
9510000
6687000
7639000
14660000
7190000
6053000
5410000
5326000
4703000
8565000
7040000
6370000
10635000
13801000
6498000
7461000
9294000
7143000
16232000
6742000
8647000
6252000
4762000
5274000
15080000
5367000
29046000
11568000
8047000
6077000
7284000
6908000
7433000
10158000
7235000
8755000
5994000
9893000
11625000
9755000
6969000
5373000
9799000
6849000
7229000
14045000
10666000
5672000
7913000
14021000
5719000
10822000
7956000
10017000
8223000
14354000
15418000
8068000
7778000
22386000
5250000
12921000
7214000
6816000
6866000
10571000
6821000
5700000
7806000
10061000
12927000
7620000
8258000
7900000
6361000
8231000
14121000
11603000
9134000
6908000
13859000
6882000
6769000
8921000
9477000
6858000
8514000
9924000
12095000
5899000
8010000
16008000
8774000
14858000
9817000
12397000
13083000
6448000
8307000
6979000
9725000
11948000
7338000
7994000
9785000
10326000
7334000
12877000
7244000
9011000
5746000
9884000
9977000
12187000
7258000
5289000
7419000
7769000
41862000
180932000
204324000
203380000
204718000
217234000
191760000
205576000
203605000
205512000
205109000
210163000
198367000
204028000
204127000
205363000
208343000
200874000
204440000
204576000
204860000
204427000
204561000
203536000
204768000
203317000
206057000
204622000
206983000
200550000
205999000
212237000
195512000
204311000
206111000
203137000
205958000
204843000
204185000
204608000
205418000
203505000
204370000
204699000
204809000
202968000
205769000
204154000
204993000
204480000
204586000
203352000
205872000
204306000
204750000
205819000
202719000
204904000
215225000
192850000
205339000
204727000
204475000
207310000
200341000
206121000
202880000
206054000
203297000
205675000
203319000
204218000
206265000
203072000
205822000
203248000
205880000
204550000
204647000
217320000
190063000
204442000
212325000
199553000
205637000
202288000
204378000
204209000
203555000
204327000
206367000
203209000
205600000
211421000
196889000
205511000
204184000
203302000
205235000
205269000
204446000
203474000
205824000
204237000
204484000
205078000
202707000
204496000
204459000
206019000
204589000
205247000
203855000
212729000
196212000
203193000
205995000
204533000
204353000
207513000
200269000
205937000
209003000
198479000
205868000
259068000
57462000
21011000
45667000
28779000
8522000
11867000
12346000
11156000
10539000
5637000
6781000
7694000
7814000
11863000
8223000
8810000
5941000
10325000
11685000
10097000
7106000
6760000
8399000
5624000
5812000
10659000
10047000
10542000
8049000
14987000
11158000
8491000
7915000
8660000
8014000
11596000
6731000
7928000
11685000
10111000
13629000
10954000
7294000
8815000
8477000
4959000
12086000
7527000
15135000
8150000
9564000
5157000
9798000
9717000
7960000
5915000
7071000
25719000
8072000
6698000
12535000
10445000
6708000
5940000
10062000
7805000
5933000
6848000
11377000
10022000
7919000
14918000
7002000
9583000
6914000
5376000
11388000
6910000
8007000
9657000
8243000
6793000
7749000
17321000
13194000
25690000
8419000
34385000
16425000
10614000
7720000
7314000
12798000
18711000
15367000
45338000
7583000
13044000
8266000
12043000
10449000
5936000
6529000
30319000
53456000
100402000
20462000
8547000
10687000
9270000
7885000
7822000
8629000
13227000
16558000
9443000
8115000
8127000
8977000
11437000
7349000
5648000
19986000
29654000
7375000
28468000
8786000
42418000
22951000
17756000
11830000
5987000
6865000
9279000
6005000
7439000
16164000
8589000
5868000
8646000
14636000
10002000
8953000
5448000
9828000
6743000
5545000
16507000
7224000
5927000
5404000
10187000
10996000
8065000
7048000
6881000
8859000
8811000
7449000
16054000
9092000
11947000
11748000
7750000
5814000
11774000
9154000
5477000
5975000
11362000
8263000
4609000
4472000
7885000
9569000
8125000
9189000
6628000
6602000
7136000
6645000
6716000
6533000
15611000
10412000
6268000
15191000
5036000
9672000
18401000
11616000
16563000
7015000
4716000
5050000
5891000
10095000
6708000
4489000
8022000
4553000
4515000
5475000
6966000
7031000
5345000
16512000
5740000
5604000
5568000
11554000
10640000
6571000
5429000
5422000
8868000
8102000
7279000
17493000
5510000
5497000
5375000
9295000
9302000
8104000
8587000
6556000
8386000
6810000
6835000
6769000
6343000
6868000
6963000
6886000
5608000
9470000
11713000
7603000
4596000
6915000
8112000
6024000
5001000
4813000
18912000
43009000
5232000
6678000
8344000
6223000
6216000
5352000
9445000
7973000
7713000
6743000
12427000
8087000
5270000
6120000
6520000
6519000
6565000
7256000
5414000
16283000
5681000
5737000
6620000
8172000
9277000
6358000
11495000
5555000
8883000
5593000
17994000
12448000
43884000
9714000
21658000
13466000
8751000
4988000
6709000
6155000
6927000
9222000
5538000
9443000
4311000
5009000
4681000
6042000
6837000
6100000
16823000
5117000
4497000
7486000
7543000
9211000
4652000
9419000
5368000
7934000
7677000
4583000
4563000
13232000
12637000
6501000
7999000
9639000
8236000
4525000
4782000
8631000
4898000
5674000
4951000
11063000
9695000
12051000
4336000
8399000
34766000
5755000
5613000
5906000
5310000
5494000
6351000
6609000
9253000
6736000
6881000
11728000
7942000
6773000
10691000
6334000
14355000
6177000
6088000
6228000
11326000
5437000
5717000
8565000
24020000
11404000
15805000
5937000
113460000
10250000
43839000
10186000
6636000
5176000
7341000
5866000
13001000
5472000
6713000
4908000
4456000
11711000
6349000
4965000
12131000
4459000
10056000
5715000
4612000
6260000
14092000
9021000
5637000
11146000
9747000
6342000
9547000
4758000
4481000
6875000
8436000
4765000
6498000
13317000
7564000
7178000
5071000
20391000
10156000
20241000
6346000
6289000
15304000
8080000
4169000
3790000
5624000
8028000
6417000
5157000
6557000
6771000
5649000
8626000
7162000
5710000
14297000
7503000
9042000
6880000
13861000
11719000
6938000
5577000
10347000
7958000
7213000
17858000
7948000
7546000
11612000
7246000
7874000
7832000
5518000
5737000
10808000
6919000
11115000
7481000
5446000
4939000
6097000
8434000
9313000
12044000
10858000
17672000
24769000
6870000
8039000
9578000
11661000
9243000
7844000
7770000
7296000
7947000
7329000
14670000
7149000
7758000
5678000
15358000
9305000
8807000
8692000
8995000
7769000
12259000
9658000
7798000
6701000
5715000
14566000
5515000
7543000
7263000
7546000
6607000
5557000
7469000
13225000
8126000
6459000
6664000
10169000
10426000
8444000
7908000
7368000
8424000
7793000
15633000
9328000
10653000
9335000
11192000
9197000
8713000
5414000
9167000
6691000
7627000
13711000
6283000
5843000
5544000
9657000
10333000
13215000
6565000
7013000
6955000
7246000
6640000
16504000
14133000
6937000
12759000
6721000
43263000
21160000
9778000
17208000
9430000
7921000
6312000
5441000
8948000
5661000
5795000
27940000
8527000
9196000
10519000
9956000
7119000
5670000
6876000
9658000
8487000
19049000
8377000
34998000
9780000
7731000
7327000
9160000
10619000
11434000
7983000
7667000
10495000
8287000
6378000
8040000
5657000
6630000
7859000
6806000
12943000
10468000
7621000
5975000
12444000
10565000
13362000
7066000
9029000
5702000
8830000
13663000
12841000
8870000
16883000
5642000
8392000
6733000
5828000
9493000
8695000
13034000
9697000
8566000
7355000
11759000
14702000
7951000
11987000
7637000
8740000
16323000
6497000
8009000
6778000
15251000
8301000
8868000
7927000
10971000
7563000
7111000
8606000
9397000
6027000
8495000
16293000
7984000
8385000
7109000
7657000
5766000
7047000
12361000
10275000
4970000
4791000
7034000
9734000
6577000
5167000
6310000
8427000
5722000
6246000
4209000
7012000
11946000
12499000
5973000
5574000
12516000
6820000
4984000
7465000
7802000
6992000
7719000
6670000
6916000
15647000
6745000
6925000
6058000
12617000
6860000
6820000
6909000
5766000
10763000
27966000
21135000
22469000
21713000
14343000
10401000
11734000
9150000
8799000
13285000
7224000
8813000
8630000
5668000
7002000
6703000
8752000
13214000
8503000
7261000
5599000
17682000
7179000
10183000
23931000
8547000
20030000
33095000
8578000
11553000
10366000
6676000
8369000
17768000
10613000
7948000
14984000
9283000
8250000
5704000
8619000
10092000
24190000
6761000
7054000
12811000
8746000
6170000
33818000
6197000
11763000
11666000
6292000
8733000
9198000
4717000
5368000
5447000
4654000
4521000
6718000
4841000
9159000
5464000
11541000
12220000
4346000
5951000
7348000
8624000
6215000
6012000
4412000
7042000
8908000
7166000
7568000
10800000
10510000
6743000
6949000
8608000
21696000
22064000
8894000
5749000
15171000
7376000
8465000
10696000
10450000
8936000
10444000
8679000
7166000
6452000
7285000
10125000
11693000
9949000
15402000
8072000
12973000
8024000
9291000
13096000
21140000
9332000
11129000
10241000
7573000
7826000
6693000
11091000
8026000
8055000
11569000
9804000
6440000
11162000
11583000
7374000
9480000
8231000
9524000
6362000
15432000
11535000
8519000
6231000
12471000
6899000
10340000
21332000
34492000
9863000
25922000
8937000
25955000
8484000
12468000
11793000
5925000
7685000
16528000
7930000
6787000
9312000
9848000
5876000
7483000
14645000
8630000
6570000
14639000
9584000
10962000
7918000
8622000
7694000
8549000
17387000
6183000
7120000
5951000
11946000
6901000
10448000
6194000
6144000
5615000
6393000
4699000
5765000
14372000
8025000
6984000
11438000
9371000
8617000
6354000
7688000
5409000
7781000
4740000
6994000
8023000
7182000
6627000
7966000
15603000
9683000
8079000
7643000
5854000
8205000
9486000
6996000
11893000
9222000
92491000
8453000
5906000
7070000
10993000
7613000
10398000
6839000
5482000
7583000
8788000
7438000
14797000
9090000
9544000
17509000
8996000
7073000
6974000
8167000
8261000
9087000
14769000
9825000
7747000
12159000
7643000
5507000
10309000
8896000
7679000
6812000
8113000
13581000
8262000
8225000
9996000
11606000
10074000
5409000
6563000
5741000
7227000
4995000
6299000
13630000
7323000
6615000
4848000
12928000
7049000
7842000
6608000
5471000
6670000
7733000
5860000
20391000
7802000
4502000
4482000
4554000
7761000
9703000
4931000
9149000
24985000
11428000
11026000
8312000
8110000
10674000
12050000
9949000
7158000
5321000
9073000
8309000
18127000
10396000
9181000
9436000
13269000
9780000
8329000
8645000
8835000
6715000
12291000
14158000
7921000
5850000
28490000
14515000
7124000
9339000
19564000
8306000
5753000
7713000
14107000
9902000
7153000
8969000
7416000
8154000
5798000
15157000
8865000
7637000
14295000
8656000
8523000
5941000
6238000
5321000
12825000
8123000
22746000
35938000
7939000
9222000
8705000
30945000
10160000
7788000
11368000
7416000
10068000
14407000
9400000
29901000
36227000
11099000
7852000
9230000
6051000
7785000
18541000
7195000
7222000
7150000
16674000
11925000
6620000
7912000
7671000
8273000
7717000
12092000
6451000
10410000
10674000
10565000
6031000
12426000
7146000
9024000
7063000
6763000
9412000
10280000
6310000
4512000
5976000
8710000
5349000
5976000
5898000
6657000
5418000
8971000
7667000
7056000
16190000
7597000
8634000
9976000
9687000
5809000
10812000
7775000
8411000
8282000
10140000
9587000
6843000
8563000
5798000
17298000
5484000
13466000
8614000
8049000
7012000
8475000
11896000
10090000
7150000
10354000
11600000
6223000
6960000
8982000
7829000
6657000
8443000
12762000
9044000
7978000
5879000
10392000
9815000
17772000
5929000
8286000
7917000
14053000
15355000
6611000
17127000
6762000
8932000
8690000
5992000
8721000
7212000
12614000
11241000
7713000
5453000
27732000
8098000
7812000
8598000
6382000
5603000
14368000
8117000
7840000
7354000
15657000
10124000
10524000
21353000
16193000
14257000
8444000
9285000
11968000
10004000
6602000
11424000
5866000
10218000
11526000
18109000
6402000
18304000
5756000
5768000
5242000
6357000
9070000
8176000
8647000
12493000
8488000
5669000
8109000
13818000
6113000
9301000
9433000
9766000
10276000
14065000
11236000
5827000
9301000
17067000
5536000
10019000
5742000
9367000
8172000
17315000
14696000
7799000
13772000
6146000
10033000
7829000
5387000
5459000
5741000
6883000
5761000
7825000
5451000
6784000
7032000
6416000
11972000
7858000
9316000
5712000
22059000
5803000
11482000
15699000
4728000
7500000
10357000
7419000
9135000
4741000
5763000
9227000
6770000
6989000
11406000
13921000
6973000
6894000
13751000
13045000
6984000
5735000
7919000
10718000
9277000
16025000
8717000
8558000
15580000
10525000
6876000
9125000
8269000
8770000
11589000
12837000
6797000
7776000
10854000
8475000
9717000
6114000
9283000
7225000
5952000
8147000
18531000
6502000
6507000
8000000
11058000
10160000
20483000
14971000
34911000
26785000
20393000
6586000
7091000
5526000
8651000
7345000
9446000
5586000
6995000
12329000
6622000
20422000
11083000
9387000
11343000
11711000
6964000
6854000
16405000
5871000
6018000
6845000
9056000
8715000
8317000
13683000
11484000
8880000
5370000
16241000
6895000
8494000
5501000
5656000
8419000
6433000
6446000
14304000
4951000
5252000
6466000
5616000
10091000
5677000
16036000
7131000
22150000
15040000
7348000
7399000
5743000
17095000
5431000
6586000
5884000
5318000
5243000
8500000
5461000
7907000
10600000
8057000
8153000
23503000
6167000
12207000
5434000
7102000
5427000
9005000
11914000
8021000
6585000
6389000
10040000
11248000
5680000
6174000
5374000
5408000
8673000
6523000
6868000
9670000
8787000
6077000
5275000
5061000
7858000
10320000
7902000
7671000
6295000
7461000
5370000
6405000
5437000
10369000
7308000
5607000
5481000
5324000
12141000
10397000
6016000
5165000
5007000
41698000
5656000
9044000
8522000
9679000
9707000
6429000
6324000
5600000
5040000
5683000
4925000
5176000
5180000
19443000
5344000
5542000
8860000
10121000
5264000
7163000
5658000
7126000
6830000
6744000
5162000
5463000
12838000
5465000
5252000
7213000
8337000
10083000
5127000
6972000
4728000
7536000
4732000
9306000
5209000
6044000
12925000
8687000
5110000
6437000
10386000
6778000
5375000
6866000
6527000
7983000
7899000
4931000
6278000
13195000
7019000
6473000
8333000
11911000
7064000
7383000
6920000
5563000
6876000
7712000
6926000
5603000
10530000
6813000
5535000
6712000
9953000
9198000
5287000
9506000
4912000
5546000
9830000
5480000
6773000
12197000
6327000
6389000
6341000
7172000
9031000
6988000
9551000
5283000
8034000
7805000
5802000
6757000
14418000
9951000
6838000
5672000
11213000
9367000
5658000
5289000
5279000
5159000
6948000
5076000
5286000
5659000
14859000
5197000
5424000
5267000
5666000
13942000
4952000
9835000
6926000
5530000
9717000
7017000
50595000
8267000
7163000
14624000
7511000
5590000
6364000
17062000
14478000
5701000
9529000
9488000
6639000
5864000
6870000
6469000
8010000
6618000
6562000
11025000
9445000
6913000
6650000
8066000
9220000
6369000
6177000
5443000
5950000
8410000
6019000
8556000
9843000
11230000
6527000
6957000
12181000
8790000
8615000
8548000
6980000
7104000
10788000
11431000
11552000
8419000
12751000
17916000
8920000
8393000
6844000
8612000
6707000
12909000
8393000
6441000
6481000
12631000
6091000
11112000
6349000
6900000
8037000
6679000
7656000
15535000
7910000
6864000
6791000
15739000
5591000
7503000
6289000
5329000
6588000
5005000
5193000
4860000
13972000
5682000
4289000
5922000
4946000
10612000
7741000
7422000
6508000
9425000
9480000
9836000
5601000
10235000
7506000
6750000
6865000
16553000
6660000
7098000
9084000
6837000
6494000
6006000
6568000
16161000
8807000
7038000
10695000
10018000
7742000
7084000
7137000
8390000
7070000
9099000
11983000
9428000
5698000
36571000
8884000
5789000
7496000
6893000
18905000
13278000
6996000
9850000
11642000
8415000
9393000
8481000
8999000
7072000
12205000
7207000
7761000
7134000
6789000
13244000
5596000
8017000
7573000
7899000
10768000
7038000
13223000
12158000
6997000
11329000
11714000
7136000
6658000
5762000
5917000
8813000
8695000
14151000
11334000
5810000
21418000
6420000
9206000
8123000
9740000
15766000
15628000
7960000
7704000
6880000
13581000
6884000
7241000
9101000
6754000
8727000
6474000
7466000
16587000
9142000
11962000
11547000
10534000
6288000
7100000
10744000
7446000
6310000
14390000
8025000
9752000
13189000
11026000
11313000
6869000
9178000
5596000
8011000
16623000
6719000
16413000
18472000
12265000
17813000
6852000
7563000
15991000
9129000
8855000
16229000
11051000
8386000
5468000
11891000
7049000
5812000
11646000
7390000
5747000
6560000
12078000
7220000
10155000
6564000
7743000
7950000
5585000
5860000
11958000
12660000
6390000
7477000
16529000
7327000
9955000
6767000
6862000
7538000
6477000
10235000
7284000
6215000
6918000
8046000
13256000
6977000
8030000
5570000
8443000
10619000
8329000
22077000
7860000
6842000
17473000
6913000
10213000
8932000
11845000
7397000
17502000
8217000
10123000
16826000
5889000
12634000
7890000
8646000
5559000
5799000
14977000
6800000
5999000
8046000
6517000
12057000
10690000
7699000
5912000
8538000
6826000
6978000
13195000
10269000
7862000
10263000
11913000
7148000
6577000
7787000
8174000
7292000
9057000
16315000
7562000
6775000
6989000
13982000
6915000
7154000
8077000
9686000
6897000
5632000
19693000
7267000
5206000
5068000
11826000
5261000
5769000
6707000
5905000
6601000
6749000
7752000
6624000
14486000
6667000
6264000
10953000
25825000
150374000
203923000
204715000
204495000
207923000
202607000
206484000
202703000
204462000
204007000
205158000
202529000
207387000
203633000
203128000
208089000
203362000
203496000
202594000
212876000
196736000
205932000
215943000
204698000
194991000
202651000
202296000
206668000
202475000
206271000
202899000
204785000
206057000
202532000
205112000
204438000
205697000
208363000
199056000
206432000
202652000
204584000
204414000
204608000
106343000
8732000
6600000
6159000
8399000
7722000
5736000
5801000
7259000
5627000
10477000
6170000
7626000
16564000
8176000
7115000
10603000
9623000
6797000
8280000
10410000
8934000
8077000
13114000
8378000
5912000
6759000
7547000
13723000
6330000
10009000
9408000
11737000
9252000
15432000
8895000
9130000
6788000
10805000
8465000
6682000
6939000
9114000
9671000
8657000
13459000
9441000
5896000
9209000
12012000
15256000
9415000
10265000
18335000
9930000
8663000
7884000
7838000
13105000
7952000
7522000
5528000
7023000
6513000
7029000
5617000
12791000
10166000
7343000
6654000
8054000
10634000
5512000
8400000
9239000
9230000
7591000
8217000
13559000
7988000
8747000
8989000
11629000
10426000
8823000
7992000
9229000
5616000
6664000
10286000
8687000
7294000
5539000
11553000
9876000
9902000
6894000
5383000
8329000
6333000
5902000
13025000
5358000
6383000
4636000
5862000
23692000
10912000
5966000
4402000
15120000
6792000
10171000
13584000
25327000
5707000
6981000
5610000
7067000
9889000
8492000
16168000
10475000
7302000
7252000
17088000
6103000
9420000
5394000
6863000
5462000
8086000
6990000
23472000
5685000
6807000
8299000
7811000
8287000
6523000
8418000
7174000
5673000
8526000
13099000
9152000
7694000
12072000
9945000
7299000
7793000
7904000
9303000
8788000
7797000
16937000
7075000
7751000
9830000
9817000
7645000
10284000
6643000
11203000
7415000
6270000
9352000
8718000
6699000
7213000
16135000
6712000
7538000
8087000
8255000
9293000
5757000
11045000
6256000
10107000
6084000
12263000
11477000
7033000
9735000
6511000
11166000
7399000
5961000
12676000
8493000
6444000
6767000
15751000
10912000
5779000
5926000
10388000
6481000
7745000
16003000
8582000
5496000
11079000
11726000
9687000
8188000
9751000
7048000
6605000
9591000
9152000
6268000
5881000
6026000
9098000
9616000
5524000
8871000
4493000
6612000
6620000
5831000
5959000
6117000
13739000
8142000
4690000
4677000
8296000
9269000
30515000
18594000
14280000
6156000
5053000
4490000
4588000
11865000
5596000
6123000
5302000
4428000
4806000
4616000
5440000
4871000
4682000
5013000
10792000
12821000
6802000
4619000
11522000
7675000
4726000
8559000
5062000
5980000
5379000
6610000
4769000
4532000
10158000
11224000
4815000
4495000
11234000
8528000
4951000
7265000
6013000
4950000
4801000
5603000
4895000
5835000
4525000
9019000
9826000
7972000
5406000
4970000
13448000
8024000
5586000
5853000
6484000
7793000
5811000
6099000
11582000
8904000
4444000
4849000
4751000
7561000
9662000
5954000
8930000
4622000
4654000
4615000
5395000
5951000
6053000
9345000
8510000
6389000
4906000
4478000
13565000
8580000
6826000
6115000
4666000
4526000
6848000
4556000
6044000
6090000
8825000
9061000
6452000
6386000
8936000
9784000
6012000
9170000
4501000
5929000
5433000
4656000
6330000
6227000
9962000
9723000
6291000
5230000
4586000
9806000
5794000
4685000
15611000
24922000
26360000
14591000
14413000
22382000
7424000
26321000
12058000
8109000
9977000
10695000
12198000
5564000
8353000
4525000
6233000
5957000
6033000
5631000
9325000
9432000
6141000
5495000
7106000
9225000
4886000
10604000
6341000
4741000
5865000
6634000
6486000
6394000
6208000
9522000
6341000
4895000
6110000
8686000
6070000
6102000
8912000
6273000
4793000
9412000
4908000
4748000
11025000
7053000
7543000
6206000
4680000
10713000
5707000
4890000
10057000
5630000
4810000
6090000
5339000
4672000
4659000
10626000
10782000
4776000
4807000
5870000
4519000
9660000
4822000
4578000
5427000
4427000
4645000
4712000
5773000
4601000
4708000
5400000
8927000
10085000
4595000
4732000
4864000
6765000
8997000
4962000
8097000
6122000
7134000
7168000
6236000
6198000
6540000
11481000
8156000
5113000
5327000
10932000
6747000
6145000
6422000
6263000
8538000
7995000
6153000
4852000
12106000
9162000
6237000
4636000
10081000
8705000
4929000
9330000
5026000
4800000
4463000
7756000
6080000
7478000
9936000
8585000
7053000
4345000
9204000
9803000
4890000
7679000
4437000
5265000
5464000
6741000
4770000
6034000
4833000
7679000
9539000
6956000
6291000
7905000
5549000
5665000
8533000
4823000
4665000
5411000
6624000
6269000
4870000
6090000
9197000
9475000
4964000
6283000
5823000
8973000
6178000
4602000
7047000
5487000
4678000
9341000
4504000
5938000
6499000
10878000
7392000
4309000
4365000
7198000
9767000
4931000
5705000
8997000
5930000
5800000
5630000
5889000
4659000
4707000
7860000
11789000
6194000
5865000
5841000
9194000
5077000
4997000
8176000
5157000
6040000
4600000
13360000
4661000
7824000
5582000
5753000
4603000
4818000
4513000
8169000
9192000
4799000
4874000
4781000
4525000
6360000
6616000
6021000
4864000
4461000
10363000
9427000
6011000
6000000
4900000
9247000
4875000
6027000
10688000
6304000
4841000
7741000
7555000
4715000
12163000
8118000
4496000
7377000
9021000
11209000
6119000
7599000
5762000
4648000
6822000
5822000
8042000
5921000
7592000
7821000
5600000
5160000
4838000
10381000
8125000
6812000
7474000
5490000
5958000
9658000
6256000
10736000
12005000
13160000
5398000
7230000
10232000
8299000
5509000
9822000
15105000
13156000
8924000
6127000
6124000
9554000
11898000
13559000
12425000
31771000
8143000
8055000
5585000
5383000
10972000
5755000
7763000
6244000
4645000
4678000
8420000
4802000
31986000
5129000
4437000
4832000
10641000
4785000
4662000
9977000
4572000
6408000
6346000
4979000
4695000
4372000
5433000
6432000
9579000
6607000
4517000
7175000
5725000
10760000
12555000
8252000
6066000
6602000
4656000
4837000
8290000
12004000
4888000
4828000
4670000
7816000
10362000
4732000
10206000
6250000
4887000
7495000
7019000
4721000
9026000
6798000
5299000
6155000
6209000
4768000
6500000
6794000
6047000
7010000
5531000
5930000
12256000
4831000
4670000
12934000
8903000
4786000
4452000
4746000
7473000
8996000
4457000
5936000
5002000
4650000
4790000
7507000
6355000
5317000
8558000
7486000
6541000
4887000
8541000
9441000
4837000
8856000
10885000
8710000
4899000
7679000
9326000
4605000
7312000
10172000
5955000
5027000
4440000
10008000
7715000
4817000
7236000
6308000
6339000
7858000
4591000
5880000
11954000
6822000
5491000
4671000
4652000
5867000
8546000
8601000
8289000
4237000
5803000
6337000
5623000
5102000
4086000
4139000
10084000
7047000
4821000
4115000
3994000
5600000
10028000
4385000
5979000
8445000
6092000
4575000
7735000
5929000
4975000
6991000
9877000
5999000
5657000
6873000
7399000
6116000
9627000
5109000
4692000
4923000
6587000
5496000
5750000
6890000
4745000
10183000
13226000
5946000
4509000
8029000
9238000
15875000
21154000
6049000
7540000
10119000
6688000
4857000
5108000
6497000
10827000
5482000
6329000
8996000
4806000
4702000
6748000
4976000
6276000
6220000
8354000
8841000
4679000
5284000
6191000
9903000
5475000
6162000
8424000
4695000
4493000
4556000
5913000
5842000
5917000
6327000
7497000
6197000
6046000
4619000
4541000
9093000
7502000
4701000
4619000
5508000
5851000
4669000
6869000
7178000
18119000
17634000
9691000
9969000
21515000
4715000
4738000
6465000
4778000
4962000
5778000
10155000
11169000
6381000
6818000
11896000
6226000
8874000
4634000
4469000
7782000
6293000
4826000
4789000
6148000
8483000
9430000
5070000
4681000
6149000
10770000
4901000
4860000
9157000
4459000
6067000
4414000
6965000
6139000
6585000
8598000
5723000
5257000
4624000
6402000
4725000
8697000
4582000
6346000
8731000
4832000
4887000
4623000
4689000
4721000
4895000
4738000
24168000
11042000
10880000
5409000
4527000
6169000
6359000
9464000
9398000
23623000
5354000
7525000
6160000
4770000
16363000
9118000
8529000
5901000
5608000
6201000
4809000
4495000
9800000
5632000
10420000
4836000
4806000
7717000
9818000
6409000
5711000
6094000
4936000
29629000
7439000
6248000
6473000
6372000
6275000
8828000
6925000
6901000
6240000
6844000
6345000
5855000
4717000
4835000
4789000
9206000
7837000
4748000
4509000
5153000
19797000
10818000
13928000
16845000
10189000
8137000
6600000
4601000
4513000
4546000
4409000
8245000
6513000
4426000
10692000
5849000
5937000
5651000
4754000
6410000
10426000
11725000
4979000
4604000
5134000
11582000
6832000
8335000
4462000
5756000
4324000
7319000
4521000
4411000
5591000
8563000
9436000
5233000
5780000
4592000
8546000
9183000
7101000
5215000
8465000
9143000
6670000
13060000
15164000
5539000
4610000
4883000
4462000
10129000
6391000
4483000
8701000
5963000
6592000
7259000
5963000
5562000
9697000
5634000
6822000
5876000
5657000
8831000
9623000
5838000
8861000
4240000
4546000
8493000
4803000
4511000
4378000
6316000
12006000
5132000
4269000
6032000
10655000
8964000
5695000
8474000
5952000
5150000
4785000
6404000
4357000
4521000
9651000
9051000
5654000
6233000
4382000
7789000
10215000
4522000
7401000
4462000
4539000
4686000
6336000
4385000
6189000
5813000
9028000
10401000
6041000
4760000
4476000
10073000
5032000
5733000
6504000
8430000
5824000
5297000
6038000
5723000
4988000
8923000
11341000
4537000
5817000
5693000
8642000
4860000
4683000
7844000
7858000
6194000
5232000
6921000
10549000
7805000
8487000
7207000
4586000
4540000
7873000
8027000
5854000
9095000
5949000
4591000
7491000
5376000
5720000
4589000
7096000
8275000
4701000
4644000
4495000
5771000
10350000
5335000
4434000
4641000
7618000
4462000
5987000
5873000
6343000
4513000
4564000
14092000
8050000
4450000
6058000
11169000
5227000
5805000
8918000
5783000
6084000
7513000
6793000
5021000
6672000
7538000
8717000
4468000
5867000
4554000
10022000
4708000
4617000
4604000
5076000
4667000
4447000
6111000
8278000
6197000
4672000
11267000
7598000
5867000
4632000
5269000
15341000
5996000
6837000
4736000
5798000
4612000
5753000
4553000
5686000
6396000
6885000
9742000
5795000
5311000
4544000
10385000
5979000
4448000
21581000
7991000
4519000
5847000
7025000
14263000
4553000
15431000
29102000
13158000
7719000
4532000
43989000
10837000
5112000
4311000
7071000
8195000
6112000
5716000
4800000
4823000
4618000
9064000
7251000
5004000
7064000
4340000
5943000
8650000
4910000
6030000
8732000
6060000
4492000
4319000
5769000
4456000
4583000
4949000
8329000
6477000
6637000
4685000
5833000
6849000
5900000
4955000
4351000
6210000
4367000
6239000
4571000
6524000
6386000
4534000
4574000
10202000
9137000
4737000
6565000
8435000
10966000
4249000
6491000
4877000
4489000
6290000
6380000
4300000
4072000
4508000
8580000
6901000
5652000
4723000
4604000
4431000
6985000
8859000
4704000
10318000
5514000
8123000
6198000
8002000
5038000
10445000
6172000
5949000
5115000
5874000
8201000
9108000
6052000
9156000
4797000
8089000
4679000
5959000
8917000
13068000
7661000
6095000
6155000
4763000
8912000
5353000
5815000
10238000
6209000
5903000
7483000
5815000
5982000
11389000
12950000
4806000
4350000
7849000
9073000
6146000
8766000
5675000
6202000
5822000
6260000
5718000
4593000
11845000
8280000
10206000
10352000
9040000
4533000
5120000
7452000
4459000
6224000
6275000
6187000
4938000
4658000
7846000
9529000
6627000
7675000
7789000
8934000
4905000
5193000
5835000
6016000
4723000
5725000
4715000
4401000
6121000
10289000
10037000
6681000
4645000
14652000
15317000
13344000
5200000
6470000
5208000
5695000
9606000
5418000
5215000
6179000
9468000
23775000
14129000
21817000
11113000
6862000
6336000
4939000
6517000
4676000
7418000
9923000
6059000
5076000
4414000
4442000
4442000
6595000
5611000
4781000
4304000
5439000
5269000
6746000
7604000
4610000
5453000
5029000
13101000
8493000
4762000
6152000
5133000
14635000
6706000
8181000
7264000
10251000
25829000
7906000
6455000
12794000
9740000
6117000
6270000
9565000
12137000
4885000
6494000
11985000
5434000
5953000
6246000
4639000
6806000
7943000
6670000
6038000
11127000
6468000
6550000
5068000
4735000
4743000
10579000
6995000
4793000
7782000
5934000
6198000
5385000
5995000
4617000
4696000
10011000
10512000
7014000
6554000
8437000
9500000
5742000
4214000
3975000
4376000
5536000
6671000
5478000
3839000
3884000
10612000
7396000
9197000
6224000
7072000
5081000
8486000
11025000
5496000
5364000
5502000
8235000
8153000
5673000
9354000
9361000
6104000
5966000
8667000
7542000
7431000
5963000
7982000
5895000
7785000
4866000
6123000
5068000
8923000
8947000
4805000
5537000
5168000
10905000
5758000
6375000
6176000
7394000
4642000
6047000
8815000
10080000
9005000
8093000
8040000
5149000
8855000
8962000
5443000
4741000
5596000
5999000
4476000
6550000
4623000
4595000
4618000
5003000
5578000
8235000
5189000
4559000
4498000
4547000
8865000
6341000
4981000
7052000
4712000
6040000
7834000
4987000
5786000
4524000
9869000
7227000
5311000
5941000
4712000
8806000
8143000
4031000
3794000
4744000
3939000
6293000
4079000
7213000
3954000
5983000
13482000
6001000
4975000
5817000
4916000
4547000
10207000
7836000
6050000
6598000
4950000
4567000
6868000
7120000
6082000
6636000
5809000
5823000
7944000
7286000
8275000
11321000
5907000
4800000
6815000
5826000
10186000
4574000
7020000
7542000
5290000
10486000
6612000
8983000
10221000
5577000
6289000
8804000
6033000
6335000
7106000
4734000
5976000
11576000
10563000
5226000
4732000
6003000
9490000
8116000
5743000
5401000
5944000
7400000
8207000
5468000
4653000
9409000
7313000
5307000
4710000
6192000
6183000
8301000
5150000
5215000
9489000
4640000
4610000
8089000
6235000
4663000
5061000
9605000
5805000
6091000
4484000
4401000
4463000
10114000
5165000
4301000
6348000
5885000
4928000
6747000
5617000
4843000
4788000
4718000
11864000
8413000
4939000
5983000
9149000
9233000
5435000
8330000
4818000
4689000
4726000
7472000
4530000
5974000
9772000
7998000
6749000
4502000
5745000
8662000
9042000
4698000
7176000
5808000
5679000
5121000
6350000
4552000
4619000
15645000
7211000
4433000
4944000
6084000
11615000
4830000
6486000
8032000
6220000
7558000
6888000
4913000
6252000
11198000
20130000
12380000
8865000
6324000
6195000
4543000
8058000
7526000
5156000
4659000
4661000
8403000
9678000
6029000
6060000
4648000
7364000
9186000
6311000
5054000
5435000
6329000
4759000
6295000
4691000
4844000
4574000
9044000
5529000
7049000
4731000
5313000
4952000
13143000
4616000
4820000
4423000
4828000
4747000
4603000
7247000
8067000
4746000
7322000
6050000
4996000
4924000
4380000
4793000
8085000
10655000
6154000
5174000
6159000
5357000
4810000
5068000
5434000
4824000
10765000
8108000
6284000
6138000
4871000
7884000
9600000
6226000
15078000
5010000
6403000
4695000
5706000
21981000
11972000
4794000
9370000
8666000
6427000
5458000
7985000
6337000
4784000
4699000
4790000
4644000
6919000
11505000
5408000
5941000
4825000
13813000
7076000
5899000
9441000
5228000
5608000
5937000
4447000
6175000
4940000
14035000
6137000
6203000
5794000
11624000
6427000
4762000
6914000
4867000
5925000
9681000
7926000
4683000
9181000
10988000
5709000
5656000
3906000
7225000
8954000
3729000
5645000
4902000
5247000
4143000
4025000
8422000
6316000
5047000
8215000
7579000
6887000
6424000
6309000
10515000
7663000
4788000
4945000
5531000
5770000
9088000
4983000
5399000
5571000
11899000
6771000
4629000
4677000
5081000
7701000
9038000
4879000
7141000
6134000
4683000
4722000
8672000
4763000
4600000
11280000
7806000
5225000
5202000
4802000
4688000
8943000
6984000
4650000
11627000
4754000
4703000
7866000
5981000
18725000
7923000
6752000
7861000
11003000
9307000
9130000
5718000
5696000
7285000
7130000
6429000
12664000
6214000
7370000
5874000
6656000
10266000
7197000
5436000
7779000
6141000
7039000
6456000
5945000
4980000
11575000
6867000
8066000
6167000
5737000
9514000
6787000
4787000
5336000
4414000
4481000
4538000
5761000
5188000
6101000
4669000
12915000
5858000
6299000
6886000
9120000
8904000
5915000
5412000
4641000
4859000
4631000
5286000
6370000
7197000
4746000
11795000
6084000
4882000
6552000
5123000
10580000
6184000
4396000
9753000
5838000
5942000
4595000
5941000
5857000
7928000
6205000
9479000
7989000
6019000
7906000
8751000
7068000
6159000
4783000
6256000
6691000
5925000
6124000
6375000
8460000
6753000
4578000
4629000
6072000
4483000
9376000
6353000
4600000
5352000
5224000
5024000
4441000
9325000
9260000
16527000
6418000
4561000
6342000
4522000
10041000
7939000
4608000
7250000
4407000
4772000
4776000
5964000
4299000
4831000
12123000
7691000
5959000
5667000
5796000
4132000
8517000
5821000
4538000
8878000
4883000
6138000
4350000
5190000
4513000
6078000
9690000
9042000
5783000
6106000
5768000
6957000
9162000
4879000
7317000
6757000
4769000
4775000
5676000
4984000
6320000
10039000
8045000
8111000
6726000
10428000
10574000
3948000
7307000
6199000
6441000
8080000
4288000
5834000
4429000
17713000
5231000
4554000
5923000
8095000
9896000
5025000
7836000
5988000
6407000
7923000
6237000
5938000
4702000
7374000
5306000
5102000
33240000
8306000
4551000
4975000
4520000
8130000
5381000
7466000
11697000
11428000
5320000
8168000
7780000
8825000
9298000
5992000
4955000
4510000
8214000
4725000
4559000
6159000
9616000
4933000
6642000
4540000
7790000
7529000
9133000
6089000
5900000
5909000
7650000
6857000
4426000
5914000
6395000
9262000
9151000
4733000
7494000
4922000
9177000
5015000
4770000
6123000
4450000
6057000
5520000
6177000
6067000
4704000
4928000
8218000
6788000
6812000
4522000
5194000
7890000
9061000
6071000
5435000
7564000
7857000
6266000
6008000
5578000
11376000
12020000
4762000
4684000
8478000
5381000
10073000
6349000
4984000
4574000
4321000
6551000
5263000
4812000
4827000
4847000
8239000
21787000
21515000
4651000
5829000
4210000
4817000
4646000
6503000
4519000
4635000
6016000
10152000
6515000
5292000
4579000
9021000
10372000
6056000
5930000
5098000
5797000
4817000
4787000
6373000
4767000
4815000
11809000
7867000
7516000
4590000
4532000
4611000
8646000
7897000
4398000
6983000
5740000
5391000
6932000
4588000
4637000
6726000
10885000
9034000
6211000
5928000
8842000
10388000
4686000
6220000
5913000
5992000
7840000
5007000
6090000
4439000
11072000
6498000
7231000
4873000
5068000
11636000
9884000
7309000
5636000
4579000
4475000
5092000
6055000
4260000
4532000
8116000
11702000
6183000
7167000
4930000
8636000
6442000
10334000
5793000
5790000
8181000
6856000
6025000
10956000
6208000
5293000
6854000
5934000
4770000
9026000
10945000
10689000
5571000
6094000
8839000
4563000
6320000
10355000
9981000
6171000
4476000
6617000
8261000
6727000
4935000
7805000
4777000
4770000
4739000
5127000
4995000
6819000
6169000
5731000
12051000
4646000
4701000
4740000
9474000
6882000
4505000
6632000
4531000
4782000
6044000
5340000
4561000
5937000
7434000
5719000
4726000
5312000
4653000
4578000
4549000
6975000
9210000
9613000
5528000
5056000
4515000
4427000
4758000
7808000
6033000
10331000
7884000
5700000
4735000
4758000
8055000
9086000
7092000
5317000
6740000
6452000
9693000
4769000
5975000
6694000
7685000
10081000
12892000
9944000
8601000
4532000
5862000
5110000
6147000
8125000
4832000
4462000
4729000
4733000
6050000
10337000
4683000
5854000
4897000
10311000
6974000
4709000
6490000
5737000
7169000
6047000
5972000
7890000
5754000
5873000
6417000
6756000
6464000
4524000
7001000
9128000
5543000
6669000
6380000
19819000
5410000
4733000
10193000
6289000
6745000
4926000
6132000
7043000
9048000
6300000
10121000
5910000
5627000
6665000
4895000
4493000
4324000
13507000
9229000
4722000
4640000
4841000
9087000
5872000
6650000
5757000
5606000
6090000
6786000
6195000
4837000
5963000
11374000
5921000
4363000
6863000
5834000
7239000
9665000
8223000
8448000
4993000
4740000
5397000
6195000
4754000
4633000
15110000
4928000
4795000
6010000
8653000
9070000
6298000
7787000
4361000
4713000
4999000
6802000
6298000
4630000
6490000
5802000
9584000
4962000
6561000
9479000
9537000
4680000
7592000
5690000
6272000
4695000
5442000
7052000
6114000
7932000
8094000
5940000
4693000
4885000
6140000
8497000
6725000
4460000
8493000
6280000
7085000
6667000
4711000
4570000
5656000
7972000
9734000
4698000
4444000
4688000
7715000
8821000
6338000
8947000
6459000
4649000
6733000
6259000
4968000
12149000
6024000
10334000
5351000
4530000
11622000
6528000
4581000
5514000
4615000
7736000
4835000
4756000
5225000
4666000
4894000
9068000
6428000
6497000
5056000
4442000
8446000
9234000
6110000
5052000
4666000
7070000
4254000
6447000
5802000
6299000
11907000
11107000
6301000
6448000
8287000
12762000
4563000
5423000
5642000
5765000
4529000
5823000
4622000
4476000
10679000
8396000
6025000
5789000
7381000
15729000
6103000
9039000
5648000
7306000
8003000
4577000
4117000
13382000
9940000
6417000
4254000
4715000
10285000
6363000
5869000
4889000
5669000
5873000
4451000
6140000
5594000
4530000
6056000
6623000
6812000
4676000
6225000
4733000
4632000
8669000
6358000
9703000
5785000
6093000
6186000
5036000
4561000
4990000
4599000
15494000
4745000
4590000
5924000
4502000
9636000
9335000
5793000
4610000
5278000
6144000
4434000
6122000
5885000
4884000
7636000
6537000
7839000
4838000
4664000
4471000
10275000
6053000
4490000
9840000
4350000
5708000
6255000
4417000
5885000
5904000
9118000
6292000
6044000
6193000
4544000
8045000
9138000
4516000
4730000
5358000
6146000
4828000
6911000
6109000
6029000
4393000
9065000
8053000
5144000
8650000
13427000
7564000
9777000
5105000
5630000
6152000
6613000
7541000
6029000
9311000
9835000
6054000
6413000
8926000
7185000
7362000
8652000
4322000
6925000
4036000
4097000
4187000
5400000
4029000
10906000
9918000
4495000
4456000
8114000
8163000
6627000
8650000
4440000
4961000
4493000
4687000
6670000
4698000
4204000
4622000
11947000
5711000
41128000
16241000
4606000
5337000
4437000
7785000
5367000
13087000
8181000
6428000
4295000
9711000
6664000
4490000
7568000
25494000
4522000
6169000
10278000
6906000
6595000
5101000
11099000
9813000
6111000
8039000
4512000
4209000
4468000
6319000
4331000
4573000
8453000
6889000
8933000
4586000
4255000
7621000
9772000
7136000
4245000
6066000
5591000
5701000
5263000
4781000
4341000
4184000
6142000
9151000
9616000
5999000
4529000
6295000
13977000
6033000
7982000
8274000
4284000
5671000
5775000
4428000
6378000
15827000
5075000
4715000
6019000
6797000
11791000
6448000
5311000
5861000
4762000
4442000
10025000
4566000
5779000
16307000
5124000
4215000
6130000
4445000
9627000
7745000
6194000
5589000
6218000
5776000
7920000
6002000
5859000
9032000
8437000
8894000
4638000
4526000
7297000
9173000
4777000
8345000
4296000
4384000
10472000
5765000
5021000
4563000
8178000
8882000
5173000
4203000
5645000
4522000
6935000
7900000
4497000
7226000
5935000
5163000
4416000
16398000
13890000
7459000
7121000
8079000
8910000
9018000
4515000
5215000
5135000
4457000
4254000
4500000
5988000
5217000
5912000
4749000
8898000
9329000
5784000
5910000
9363000
8943000
5857000
10921000
4801000
6326000
9884000
6225000
4615000
7568000
11433000
6003000
5403000
6300000
9029000
6667000
5745000
9347000
4432000
4382000
8102000
6131000
6223000
5929000
5718000
6393000
6966000
7107000
4801000
8449000
8578000
6093000
6401000
4579000
5838000
7614000
6275000
4443000
4455000
10156000
5988000
5368000
4896000
4814000
9632000
9607000
4687000
6229000
5886000
5771000
5991000
5804000
4577000
6772000
12684000
9936000
8718000
5675000
6891000
9617000
5235000
11436000
4923000
6346000
5740000
5214000
6203000
10109000
9041000
6636000
4847000
4545000
4428000
8632000
8495000
4407000
6633000
6042000
6052000
5389000
4662000
4772000
5268000
8266000
8833000
5228000
4453000
5143000
10249000
9051000
7615000
6381000
7311000
5994000
8137000
4890000
4304000
6178000
7269000
9940000
4577000
4524000
5995000
9531000
8285000
6662000
6624000
4772000
4920000
4147000
5105000
4815000
4468000
11056000
9355000
8435000
4409000
6059000
10300000
6668000
7580000
5942000
4304000
4585000
4319000
5315000
4609000
5929000
10600000
9704000
6312000
5600000
4668000
7367000
8862000
4083000
3793000
7013000
5746000
18812000
17890000
18508000
11018000
9038000
6840000
6357000
5196000
6082000
4789000
8661000
4739000
7322000
10092000
5267000
12023000
4799000
5986000
10395000
7049000
4575000
7430000
7232000
4694000
5832000
6853000
5261000
4594000
10497000
12070000
7212000
4729000
10275000
9941000
4738000
5253000
7887000
4449000
33672000
26114000
28599000
11919000
9128000
8621000
25846000
10722000
20515000
4111000
4625000
6387000
4026000
4089000
7149000
3971000
39253000
6186000
4692000
6062000
9572000
5089000
6244000
9026000
6930000
7757000
7747000
27242000
13778000
15421000
8199000
7448000
8604000
7373000
5528000
6539000
16361000
13281000
8410000
10712000
9238000
7630000
10975000
9824000
8659000
7164000
21384000
9235000
11611000
14427000
9659000
7976000
7707000
18981000
11592000
9073000
8095000
7130000
13991000
10993000
15791000
8975000
7785000
5523000
15477000
7843000
10369000
12842000
8247000
8773000
7775000
10440000
8155000
9345000
13644000
8210000
8189000
7731000
11220000
7328000
7604000
5539000
7376000
8048000
6833000
18376000
7284000
7680000
6883000
5710000
8691000
8694000
5052000
5229000
6877000
5237000
8528000
8148000
5928000
8898000
15438000
8802000
14015000
7266000
11347000
6533000
8003000
9144000
8450000
14026000
6704000
9270000
6993000
14111000
5514000
9905000
5817000
7013000
9932000
5684000
5523000
17243000
8062000
5653000
6270000
13589000
5599000
13380000
5976000
8472000
7630000
8312000
16189000
6808000
8433000
13101000
11253000
9460000
7562000
9820000
6717000
6988000
15499000
9231000
7922000
6603000
15198000
11105000
6541000
10503000
7274000
7792000
12156000
12573000
6867000
9126000
15599000
8032000
7392000
10961000
10267000
7966000
14801000
11159000
5649000
47960000
4881000
5208000
4635000
7814000
17328000
5686000
8730000
28497000
15112000
6802000
5847000
8205000
4755000
9311000
9358000
5571000
6201000
5957000
15845000
7414000
7390000
7967000
7797000
8118000
6726000
15105000
8797000
6830000
7642000
8887000
10661000
8280000
6909000
7298000
6762000
7427000
13885000
32646000
21391000
9151000
6772000
8771000
8149000
7014000
15097000
6464000
7735000
7046000
14741000
9489000
8624000
8584000
9411000
6967000
12474000
14282000
7586000
6489000
13323000
9027000
7067000
6681000
5453000
7007000
6956000
9345000
15004000
6798000
8457000
8924000
11473000
8351000
8265000
5569000
8203000
7293000
7912000
12838000
8677000
7866000
8835000
13934000
6809000
7663000
5396000
8618000
8484000
7847000
7634000
11903000
6355000
5896000
5674000
7612000
8926000
5445000
9950000
6583000
5585000
7473000
9156000
5950000
14049000
9082000
6861000
13721000
11664000
7327000
6867000
7414000
7627000
7316000
6629000
10618000
11192000
8174000
6357000
13790000
6239000
7145000
14658000
8919000
7929000
12777000
9607000
7094000
7054000
7881000
9810000
6545000
8948000
7833000
5723000
7254000
6476000
7339000
11210000
7129000
6408000
8037000
17317000
6583000
9990000
7143000
8497000
7078000
7749000
12570000
12972000
8481000
8773000
9026000
7898000
10254000
5677000
10034000
7983000
8322000
17594000
6730000
6289000
13104000
8920000
6024000
6766000
7677000
10217000
5318000
6904000
12913000
13212000
7897000
13646000
10201000
7260000
7711000
6873000
10192000
8516000
14001000
13527000
7137000
14285000
9070000
8371000
8923000
7168000
6348000
5845000
6133000
12966000
7081000
8418000
5887000
8370000
10446000
9548000
7541000
7265000
9560000
5153000
5541000
12594000
13566000
5423000
5677000
11395000
17848000
8319000
6108000
33299000
12208000
6979000
5271000
11262000
6678000
9681000
14910000
9146000
9856000
10483000
9457000
30814000
9492000
12282000
9003000
8280000
10813000
10025000
12550000
9399000
5728000
10365000
9929000
8083000
6392000
8929000
6822000
5722000
5729000
11036000
11022000
5337000
6850000
9807000
8945000
5662000
6652000
7860000
7521000
9580000
7675000
11231000
8396000
11516000
7781000
16569000
8323000
7733000
7019000
5708000
7992000
8822000
12167000
11987000
5633000
9356000
14894000
9224000
5683000
6491000
5636000
10628000
8242000
12788000
11130000
6544000
6578000
15510000
12562000
8566000
7733000
7957000
7980000
11369000
10883000
11032000
6062000
32669000
13761000
17742000
17910000
8205000
6648000
13519000
10166000
8722000
8152000
6499000
7896000
5895000
8735000
10138000
7772000
5012000
4765000
4729000
6573000
12654000
12607000
6970000
7066000
5447000
7034000
6467000
15736000
7884000
6579000
6914000
13570000
6387000
7666000
5462000
7911000
9947000
6917000
11224000
12303000
6523000
7095000
12098000
8278000
4804000
5937000
6049000
4496000
4630000
5534000
4585000
4567000
5959000
13353000
9879000
6757000
13876000
11030000
6356000
10283000
8004000
10384000
5431000
13480000
9128000
7526000
7648000
10115000
8383000
5605000
6498000
35584000
18812000
9622000
11660000
11718000
6954000
12171000
6849000
6828000
6983000
6785000
10699000
9196000
8799000
6977000
16265000
9771000
9040000
8327000
6533000
8831000
7387000
15842000
8150000
5770000
8877000
11223000
10419000
22948000
12753000
12530000
12243000
8797000
10756000
9849000
10491000
7922000
11837000
5988000
6057000
5151000
10084000
9562000
7684000
5905000
18528000
8496000
6929000
9232000
8436000
6216000
6486000
13810000
8986000
7212000
27077000
12009000
7900000
8042000
7301000
5834000
5510000
7987000
8347000
8845000
13545000
10945000
9873000
7660000
13514000
7987000
5627000
11742000
8135000
5498000
6123000
4469000
12685000
6862000
5254000
4530000
4959000
5571000
4435000
7993000
5813000
6296000
8377000
6444000
6585000
5977000
9188000
16854000
8867000
7957000
9274000
11168000
7041000
6373000
8950000
10890000
6543000
5696000
13716000
7954000
6583000
5795000
5631000
6956000
5400000
5001000
6587000
8726000
6341000
7231000
4361000
5943000
7397000
9119000
4558000
5007000
6293000
6032000
6066000
9352000
7010000
6792000
10041000
10035000
9198000
9050000
10768000
9297000
7265000
6385000
8259000
7944000
10946000
14305000
6965000
7196000
6665000
13757000
8154000
7362000
7693000
10839000
6452000
6852000
18098000
8625000
6684000
12989000
10315000
13495000
6603000
7307000
9498000
8679000
14444000
8157000
7625000
8991000
11620000
11648000
8240000
7974000
7207000
7626000
6182000
15706000
7194000
5689000
11815000
10903000
7497000
5063000
6739000
8126000
7776000
7708000
10936000
13340000
8566000
11395000
12966000
8967000
8064000
6798000
7002000
7575000
18272000
9079000
7744000
7644000
16563000
8634000
9217000
9737000
10581000
7468000
18275000
7563000
8086000
11360000
14996000
8580000
8002000
5885000
6417000
6667000
7511000
15832000
7644000
10104000
17282000
9855000
6114000
7528000
9162000
9838000
13570000
9150000
7019000
8004000
9073000
8875000
7596000
6992000
13858000
131076000
205861000
203389000
204333000
204599000
204445000
205190000
203808000
204932000
204068000
204458000
206555000
202789000
204548000
204849000
204596000
204381000
204312000
204808000
204203000
204701000
208271000
200744000
204581000
204374000
204545000
204323000
204820000
206407000
202654000
204843000
204251000
204844000
204116000
204504000
204466000
204765000
204703000
204376000
204376000
204598000
204590000
204575000
204511000
204104000
205739000
203750000
205996000
203190000
204457000
204082000
209744000
209253000
196800000
202980000
204418000
204319000
207214000
206835000
199324000
9030000
7120000
6920000
5222000
16037000
6142000
7010000
5127000
6717000
6874000
6782000
6593000
9083000
6749000
8518000
6827000
5093000
10355000
8096000
6310000
6858000
7918000
5269000
6205000
7056000
7284000
29971000
20590000
6660000
8630000
6342000
5179000
7269000
5059000
6310000
12073000
10065000
6660000
6901000
11687000
11347000
5330000
9318000
8344000
8245000
8769000
10333000
11797000
8229000
7747000
12376000
6781000
6399000
6869000
6701000
11415000
24214000
14777000
5829000
15194000
9394000
7582000
7617000
8034000
9893000
7170000
6573000
7764000
10453000
6540000
6618000
11523000
10349000
7628000
7311000
7761000
9930000
7327000
11504000
8656000
9752000
6619000
12574000
9320000
7779000
6704000
6855000
6882000
6325000
7565000
9954000
8464000
4749000
4380000
5665000
5377000
9233000
9671000
8377000
4943000
6856000
10779000
7666000
7490000
11655000
8821000
7963000
18019000
16268000
7390000
7977000
6804000
9273000
10592000
13188000
7468000
5761000
11547000
9268000
14301000
7176000
9570000
6962000
7957000
18875000
8661000
8248000
11187000
9746000
7961000
7393000
6705000
6785000
5543000
7489000
13077000
9933000
7897000
5705000
12947000
7958000
12212000
6721000
8870000
5306000
7839000
13940000
9622000
8711000
10856000
10422000
10009000
6693000
6945000
7571000
5846000
6260000
19372000
7373000
7270000
10331000
10716000
7433000
12974000
7844000
10505000
7859000
8660000
9305000
7277000
6914000
9818000
10413000
6961000
8849000
7053000
9285000
9092000
7806000
9140000
6261000
8403000
4838000
11620000
8743000
4627000
9207000
6760000
7147000
7444000
10819000
20402000
8412000
19673000
12156000
9606000
5453000
8245000
8390000
8801000
13871000
11959000
8079000
13671000
9111000
11897000
6302000
5659000
11321000
8882000
20728000
5765000
5460000
10045000
11734000
8672000
9873000
6803000
7324000
10344000
11343000
9776000
5587000
6457000
11703000
11105000
5699000
10925000
7997000
10369000
9357000
12144000
13717000
5588000
8957000
15098000
5285000
16190000
15289000
7208000
14830000
11797000
10360000
12190000
9254000
10462000
8843000
12087000
37938000
10132000
14914000
6823000
6913000
7861000
8369000
7388000
6201000
6323000
8511000
13040000
4629000
6113000
10421000
8105000
5859000
8413000
6822000
6558000
10613000
8718000
15256000
12314000
6960000
13581000
10110000
13052000
8508000
8271000
5872000
10064000
13991000
8387000
17183000
14670000
7151000
6574000
7933000
9098000
8425000
6220000
13430000
10908000
11267000
14486000
14465000
7458000
6777000
6377000
4570000
6969000
16155000
8837000
7851000
13564000
8012000
12653000
6775000
10658000
7775000
7189000
18569000
8015000
8555000
11905000
13727000
12030000
7597000
8226000
8039000
6313000
10746000
9693000
7025000
17480000
11128000
5976000
8870000
7464000
7777000
6448000
6514000
18255000
5732000
6678000
13183000
10501000
9524000
5869000
8089000
7626000
6915000
13569000
11730000
6878000
8973000
15533000
6569000
10621000
6799000
7985000
7077000
5331000
11534000
8821000
10674000
9024000
15009000
12056000
7568000
7054000
8318000
7036000
8122000
11290000
9260000
8049000
10753000
11268000
7929000
8661000
18510000
7742000
24891000
13165000
26193000
27082000
7451000
7526000
12518000
10346000
8190000
10281000
10278000
9475000
8871000
7620000
9298000
9000000
12246000
6716000
8174000
7332000
13887000
9300000
11157000
6359000
12393000
6665000
8771000
17288000
6655000
6887000
11663000
9393000
8775000
6255000
5309000
6561000
7421000
6781000
6877000
15321000
7108000
7273000
5840000
15625000
8821000
9185000
6778000
11732000
7930000
16374000
11016000
5853000
10972000
10960000
5121000
10811000
6548000
8388000
7455000
7276000
14930000
21165000
11428000
10330000
9221000
7787000
6268000
8908000
6827000
6918000
7677000
5439000
5930000
8608000
6432000
9973000
8817000
7436000
8432000
6854000
17379000
40613000
15817000
10697000
7550000
6194000
9664000
21703000
13145000
8622000
6883000
22419000
11955000
21817000
7656000
12508000
6678000
10608000
6045000
9984000
6127000
15466000
6513000
6455000
8992000
7639000
10861000
13431000
7843000
6950000
13655000
7987000
6353000
10482000
8708000
5001000
8089000
10807000
8216000
7221000
6076000
5192000
15677000
4405000
4430000
6272000
7242000
5996000
18189000
15483000
10270000
7700000
10164000
13611000
8561000
10681000
15043000
8832000
20017000
9699000
5617000
12581000
8417000
5935000
9312000
5580000
8116000
7560000
5376000
7164000
8721000
6916000
7208000
7470000
15460000
5487000
7964000
5902000
6652000
9270000
8272000
7160000
10806000
12764000
7915000
12549000
9075000
9624000
8959000
6923000
7102000
5830000
5640000
14475000
8007000
5422000
7987000
10235000
8032000
7093000
9509000
5981000
9915000
6494000
7769000
16320000
24054000
22347000
20779000
33133000
9436000
9119000
17563000
8049000
6648000
5584000
7773000
8108000
6645000
8173000
13487000
6989000
6777000
9883000
8468000
12481000
7646000
6605000
7787000
5625000
8933000
18048000
7136000
7677000
8933000
11882000
6524000
6360000
5508000
7390000
7955000
7337000
12906000
9074000
6684000
7015000
6562000
15264000
7240000
5366000
7784000
7300000
7600000
5821000
5251000
10775000
9580000
7832000
8019000
16587000
7406000
7725000
11112000
6976000
7882000
8427000
29561000
13921000
22494000
23966000
5605000
12373000
14520000
6962000
11386000
10205000
6295000
6402000
29632000
5647000
15911000
7473000
7712000
11652000
13922000
7439000
7217000
7711000
7924000
6930000
12458000
19641000
9181000
16615000
7935000
7977000
6922000
6563000
9132000
5567000
12690000
11848000
6715000
6092000
14425000
7101000
8650000
7588000
6573000
8908000
7989000
11864000
16444000
7309000
5860000
14834000
7749000
5838000
6629000
6619000
7829000
6561000
6800000
12127000
7516000
6911000
7821000
10096000
10090000
8800000
7080000
7353000
6645000
6598000
8013000
9523000
9815000
5852000
9671000
14040000
7012000
6322000
6769000
9088000
9652000
5728000
6393000
8810000
11025000
8078000
6952000
13265000
8984000
7570000
7237000
7049000
9157000
7855000
11227000
10510000
6107000
5381000
9529000
9181000
4738000
5070000
6589000
4564000
6439000
8535000
8293000
14141000
12173000
7630000
7710000
12751000
6713000
7107000
7529000
6688000
9515000
7759000
13594000
13952000
8302000
12927000
10277000
5557000
5345000
8011000
7085000
9606000
5785000
19676000
8493000
6481000
14266000
9362000
8409000
7801000
9157000
8339000
7405000
17130000
9421000
7989000
14959000
10560000
9161000
6664000
5916000
9330000
7420000
6074000
8770000
9936000
10541000
6837000
14646000
7883000
6866000
5681000
5780000
7186000
7860000
7830000
7958000
11303000
8794000
7014000
14201000
9347000
14119000
9241000
6906000
6988000
18080000
5805000
7942000
11052000
13450000
10398000
7780000
8567000
7950000
6994000
11183000
17083000
5928000
14749000
9211000
8433000
8644000
6513000
7213000
5787000
10536000
10694000
6886000
7986000
6997000
16819000
10456000
7302000
9932000
11589000
7913000
14950000
10186000
7187000
9532000
13764000
10051000
6878000
5869000
9799000
6754000
12768000
9584000
8067000
6618000
29670000
24903000
31855000
39664000
12129000
8102000
7544000
5572000
9188000
17589000
5760000
7764000
5757000
10301000
6481000
40425000
7637000
9436000
9968000
7024000
7413000
15566000
13514000
5626000
6691000
9737000
6527000
7984000
15522000
8417000
8421000
12860000
11496000
6706000
5886000
6507000
7374000
7101000
8307000
10378000
9369000
10774000
7648000
12871000
7090000
5667000
6712000
6206000
8836000
8853000
15417000
10033000
6896000
6771000
11402000
8607000
11611000
7992000
9688000
11201000
6228000
12525000
8717000
6383000
6935000
16464000
10129000
8898000
8632000
10156000
5839000
7962000
8729000
11084000
6935000
5670000
9429000
9620000
8175000
7781000
9373000
7290000
7249000
11279000
9525000
5289000
7685000
4905000
7957000
10366000
8231000
6437000
14093000
34572000
34025000
20612000
5719000
6932000
6069000
7010000
5521000
17624000
5473000
6814000
9242000
10499000
6341000
8272000
5332000
5221000
6541000
5146000
6618000
13115000
8038000
5834000
5650000
5244000
10582000
8368000
7307000
5499000
5630000
5384000
10001000
6567000
6639000
12273000
8407000
5526000
6853000
15841000
6843000
6401000
4932000
5698000
5565000
6162000
6952000
6834000
11946000
6949000
5576000
6577000
9544000
9773000
6744000
7916000
6937000
5924000
8633000
5444000
7087000
16027000
5431000
5339000
6731000
13115000
6543000
5527000
5074000
6391000
6393000
8737000
5402000
5336000
9614000
14446000
7940000
5171000
10573000
6980000
8326000
6315000
5319000
6693000
6164000
6598000
5647000
8746000
11638000
5632000
6890000
8596000
11515000
10688000
6892000
7059000
8904000
5425000
5151000
10211000
12302000
8217000
5334000
8762000
8282000
6757000
5800000
5042000
6906000
7665000
7057000
5523000
11233000
9582000
5718000
8292000
6776000
13992000
5283000
8094000
7017000
5247000
6098000
5403000
5520000
6284000
12417000
6435000
7931000
6760000
10336000
10317000
6707000
6907000
39684000
12026000
5614000
5610000
10898000
10405000
9981000
26025000
11509000
13441000
35938000
11216000
5890000
6139000
7628000
4969000
6460000
5193000
12778000
9666000
6407000
5233000
8827000
8952000
5059000
7176000
6736000
7192000
6977000
5093000
5385000
12934000
9605000
6533000
6576000
6485000
12200000
6346000
8033000
5925000
6101000
7072000
5000000
5236000
5264000
10135000
7526000
7672000
6584000
9927000
8817000
5502000
7128000
5649000
5313000
6747000
6995000
4902000
4951000
8871000
7551000
7850000
5165000
4961000
7780000
9189000
6604000
10085000
7010000
5428000
8020000
6854000
6430000
7335000
9650000
4404000
4676000
4608000
8205000
8708000
6344000
7829000
4707000
5154000
9506000
5053000
6391000
11886000
11419000
7419000
8135000
10201000
8497000
11258000
7409000
9077000
7703000
5735000
12451000
16488000
8462000
12940000
10189000
7825000
8214000
6894000
10332000
7974000
12437000
10911000
9079000
6202000
15252000
7689000
7651000
7961000
11784000
7161000
6878000
19575000
6171000
7931000
10888000
10929000
6503000
8886000
7892000
9383000
7667000
11307000
11939000
8526000
7032000
16000000
6612000
6489000
7616000
5473000
9509000
7644000
13439000
10840000
6022000
7025000
8265000
8620000
4518000
9645000
7045000
4639000
4610000
8917000
8726000
13891000
10097000
8278000
9472000
11361000
9551000
8019000
10340000
9430000
5762000
5505000
8258000
8441000
8681000
7393000
11037000
8553000
9453000
7008000
9040000
8687000
6690000
12920000
12377000
6778000
8654000
16051000
8910000
7523000
7635000
6978000
5775000
9202000
14414000
7964000
6798000
9579000
12235000
5721000
10472000
9880000
7340000
6639000
8025000
15021000
9480000
7805000
11419000
9979000
11508000
8826000
7747000
7569000
6859000
12509000
11751000
5878000
7905000
12195000
9996000
10481000
6800000
8055000
10295000
8279000
16645000
7906000
30679000
10426000
9240000
7069000
6938000
7229000
12209000
9563000
5649000
6903000
5466000
16312000
5388000
5937000
9421000
5669000
6945000
7014000
6672000
16552000
6883000
8445000
9459000
11368000
5899000
8657000
8396000
8021000
6713000
7737000
16040000
9086000
15585000
15543000
8842000
6901000
5494000
7918000
7681000
7055000
14472000
9022000
7042000
11687000
11167000
11062000
7556000
6743000
7470000
7385000
9050000
14340000
7234000
5705000
6370000
10150000
10261000
9281000
7557000
6817000
8021000
7611000
7424000
11874000
7009000
7753000
10738000
12128000
4999000
7339000
7561000
10135000
7995000
7001000
11112000
11107000
6836000
6151000
22138000
18423000
13728000
10046000
11442000
10500000
9033000
11968000
11697000
5926000
12526000
6029000
9797000
8993000
16886000
7967000
6547000
6870000
10996000
8132000
9562000
8270000
7049000
7442000
7137000
6775000
14384000
10591000
6610000
9749000
11461000
7393000
6836000
8977000
8565000
11121000
12780000
7665000
5456000
9651000
10800000
9972000
6979000
6411000
8028000
8362000
6597000
9289000
23882000
5521000
5602000
11108000
9408000
6963000
5567000
5723000
5820000
8151000
4623000
4412000
12782000
9444000
9854000
5622000
10432000
7605000
10040000
6609000
6780000
9103000
7909000
6585000
15485000
7457000
6911000
10497000
13647000
8011000
8529000
7696000
12223000
6262000
10709000
14603000
7178000
5501000
16338000
6349000
13417000
8949000
8314000
24963000
21033000
10655000
9074000
11230000
7635000
10056000
8017000
5923000
9424000
9444000
4631000
6112000
5554000
8103000
8746000
4727000
5074000
5266000
6807000
8025000
6274000
8004000
12324000
12512000
7143000
5634000
12365000
7680000
7619000
9338000
6658000
7488000
9880000
6862000
11472000
11992000
6773000
13808000
9771000
11398000
9372000
23667000
17427000
7172000
7790000
13593000
6927000
10001000
7193000
6208000
8104000
13009000
19654000
8411000
5932000
9786000
10968000
7599000
7439000
8835000
28236000
13294000
8833000
7879000
11340000
6264000
19842000
15787000
5727000
4785000
9836000
12878000
4876000
4713000
4692000
15225000
4476000
8216000
5867000
6785000
9567000
5956000
7778000
12454000
10230000
6680000
6510000
16492000
6029000
8496000
6703000
9828000
6119000
5707000
5950000
9819000
8113000
8729000
5794000
15284000
6539000
9165000
8096000
6863000
7251000
5796000
5764000
11957000
9053000
8326000
7766000
14451000
6760000
6638000
8026000
10309000
6002000
7640000
12695000
9945000
5814000
5375000
4128000
10064000
6132000
4172000
6199000
4696000
4457000
4090000
4209000
4587000
5883000
7023000
10597000
11022000
4171000
5451000
4115000
11117000
7047000
6763000
11329000
6417000
6372000
7165000
6046000
11616000
10558000
13227000
4562000
8144000
7783000
6653000
7049000
6448000
9215000
7847000
6696000
11508000
13801000
5640000
7392000
11810000
9835000
6338000
7522000
11064000
11465000
40794000
24554000
30827000
9278000
13919000
8807000
6071000
7912000
16343000
9929000
7327000
6976000
9315000
9151000
12412000
16050000
5871000
6949000
16942000
8186000
31247000
23917000
10184000
7044000
12194000
9246000
17082000
6535000
7713000
7139000
8207000
13057000
7999000
5851000
12391000
10968000
11089000
6424000
6991000
8814000
5526000
8046000
15028000
10272000
5690000
11790000
10007000
8294000
8178000
11398000
9046000
7144000
20058000
9127000
7095000
12633000
10057000
7770000
8798000
9111000
9385000
6554000
10826000
12037000
6809000
6228000
17575000
6782000
9946000
9183000
12710000
5592000
12109000
12387000
8141000
35792000
7551000
8997000
7688000
6098000
13207000
20512000
6635000
13791000
8914000
9309000
7016000
11029000
8510000
5148000
12683000
8713000
5515000
5542000
10048000
11152000
8945000
5960000
5676000
8326000
8444000
6522000
11850000
11536000
8231000
7417000
11867000
8682000
12297000
6798000
10392000
8816000
7121000
13053000
7803000
10100000
10061000
11311000
10614000
6698000
11457000
7387000
17844000
12147000
6948000
6862000
10702000
9281000
10930000
8790000
9545000
7464000
9580000
11432000
6943000
6089000
5989000
13437000
6704000
5695000
5721000
6320000
6844000
4701000
6464000
5739000
6408000
15485000
6817000
7668000
10076000
10974000
8402000
9590000
7679000
9528000
9837000
10488000
11891000
7751000
17769000
9253000
13918000
6563000
11485000
8172000
13100000
13855000
7942000
7817000
14346000
11308000
5692000
6776000
9838000
18472000
10971000
18202000
12295000
8920000
12469000
7006000
9770000
7009000
4991000
11631000
15107000
8002000
11891000
10876000
12394000
10663000
7629000
7239000
6886000
14388000
10014000
7105000
10956000
10474000
9877000
9456000
7136000
8206000
7979000
13594000
16398000
7012000
10556000
11708000
7238000
11709000
6316000
7868000
8775000
13925000
9823000
8182000
7320000
10367000
10037000
7862000
6739000
7818000
9082000
5195000
6572000
20647000
7195000
7427000
10728000
9981000
7083000
9517000
9210000
8165000
7641000
9559000
10345000
34045000
19323000
7561000
8364000
8596000
6769000
19156000
10037000
17614000
6006000
10974000
13957000
11022000
6679000
10645000
13342000
12621000
12046000
10432000
11017000
6722000
9782000
8768000
7063000
17638000
9122000
10235000
9917000
7132000
9578000
6938000
6966000
33145000
9664000
8101000
7865000
17037000
7799000
8737000
8965000
10762000
19243000
12471000
22255000
19474000
7226000
7551000
39406000
7939000
8148000
10264000
9945000
5935000
9472000
5927000
12572000
13079000
17607000
7519000
8208000
9848000
11586000
7593000
7037000
6523000
9993000
5555000
8410000
12119000
9904000
9111000
11318000
9276000
10408000
6725000
10328000
8727000
5530000
6466000
15538000
8380000
7554000
13521000
9074000
8315000
7502000
5321000
9671000
7900000
8602000
14948000
8114000
5424000
9958000
11568000
4669000
7979000
7235000
7893000
6013000
10339000
12556000
12798000
7772000
10547000
12267000
7903000
7858000
7046000
9460000
6917000
7834000
14862000
8395000
6489000
6820000
14519000
11918000
6033000
9817000
8054000
8195000
11798000
14175000
6736000
7934000
15171000
7147000
8784000
6987000
9436000
7944000
6937000
18160000
6972000
7464000
13113000
9107000
9393000
5907000
5996000
11581000
5526000
14282000
19684000
7568000
17312000
7697000
6647000
9122000
7769000
9026000
8486000
18808000
7202000
7032000
11517000
7838000
6146000
6899000
5530000
5909000
9306000
6568000
5677000
14487000
7796000
5803000
5494000
7170000
8926000
6449000
7972000
5064000
6486000
10616000
10640000
13485000
7936000
5873000
5499000
5357000
9472000
6694000
8105000
5729000
5457000
6742000
7337000
5332000
5538000
11746000
9758000
6791000
5703000
9425000
8764000
6551000
7415000
5423000
5561000
8171000
7929000
5270000
15703000
6133000
5975000
6677000
8387000
9735000
6813000
6635000
6706000
5390000
7985000
6754000
5468000
12233000
10795000
5711000
6783000
12395000
7783000
7015000
5777000
5277000
6730000
8471000
6045000
5880000
10777000
7600000
4912000
4278000
4179000
4173000
10144000
7142000
4252000
7516000
6430000
5442000
8462000
6762000
6849000
17373000
10301000
6595000
29108000
8492000
6398000
5964000
6533000
7360000
5620000
6899000
9141000
5086000
4948000
6336000
13305000
6907000
8634000
7003000
6630000
9844000
9519000
17846000
5968000
5518000
5546000
11493000
6809000
5276000
6138000
7268000
5531000
7236000
8827000
5488000
11146000
17274000
5500000
8807000
8983000
5551000
6715000
6600000
5126000
6222000
5664000
5285000
6404000
12122000
9136000
7048000
5165000
9020000
8575000
6690000
8319000
9053000
26554000
12752000
7766000
8449000
7014000
12365000
5537000
7831000
5438000
5639000
6850000
6512000
6821000
6869000
14313000
5794000
5102000
6271000
7376000
8837000
4576000
9523000
6991000
5569000
7035000
5588000
5769000
6342000
13749000
8328000
5400000
5212000
8226000
10463000
11449000
5525000
6411000
7025000
8047000
17261000
9885000
5534000
6958000
8456000
9217000
5598000
6580000
7081000
5932000
7198000
7320000
5478000
5834000
8292000
9210000
5227000
5548000
9779000
9900000
5607000
6460000
6342000
5382000
8329000
5667000
8101000
10477000
12205000
5435000
4958000
5430000
9820000
6943000
7705000
6571000
5658000
6485000
6781000
10019000
11090000
11917000
4587000
6756000
4941000
9410000
7094000
7483000
5404000
7230000
6761000
5946000
6134000
5078000
9664000
8854000
5171000
5279000
6668000
7034000
9129000
5652000
6558000
4844000
6432000
8714000
6581000
5321000
5105000
14748000
9111000
7106000
13623000
8729000
11903000
8753000
6476000
7346000
7500000
12573000
14306000
7444000
6567000
10943000
6472000
8576000
7540000
7462000
6800000
8335000
7818000
14098000
6303000
6857000
5490000
10275000
9058000
8837000
7058000
6959000
11111000
8070000
18790000
9687000
6667000
9992000
10224000
11842000
6845000
8107000
11226000
6865000
12769000
16132000
6020000
12968000
10682000
10322000
5706000
8982000
7799000
6723000
11774000
15448000
7042000
10845000
11146000
11114000
5989000
7662000
7584000
10551000
12413000
14452000
7078000
6824000
15875000
11430000
5734000
5822000
5210000
6471000
32933000
7861000
10047000
16900000
6229000
7810000
8372000
9898000
9623000
18709000
8219000
8832000
12966000
9810000
10342000
7571000
10665000
7886000
5670000
18762000
9344000
8192000
11135000
10389000
8852000
8215000
6645000
7399000
5877000
5404000
17035000
7115000
6634000
11743000
11861000
8575000
10208000
8137000
9620000
7799000
15566000
10088000
9294000
10246000
9340000
10226000
5218000
9111000
8797000
9585000
7012000
13785000
5884000
7067000
11914000
10819000
8989000
7835000
9203000
9360000
7981000
6025000
11057000
11009000
7794000
10252000
10126000
9417000
7408000
6431000
8026000
7876000
6903000
17493000
8521000
7648000
13162000
6588000
9919000
8027000
7206000
8421000
8441000
18120000
17021000
7868000
14717000
10750000
6494000
8229000
8468000
6690000
7728000
10082000
10603000
11679000
7650000
9374000
6153000
6564000
4665000
6413000
8737000
6746000
7839000
18974000
8224000
5631000
9802000
11012000
7785000
8658000
6573000
6887000
7498000
5755000
14287000
10126000
8155000
7130000
16243000
9715000
8126000
8009000
8680000
7156000
14680000
11131000
5635000
8466000
8431000
10929000
7197000
8003000
9795000
8545000
7048000
13539000
15459000
6864000
10935000
11367000
5782000
6978000
7824000
6928000
8431000
14276000
21479000
7754000
13454000
7959000
7421000
7469000
6865000
5721000
5685000
6827000
8018000
7475000
14485000
5592000
7660000
14494000
9123000
7075000
7779000
9818000
7213000
6580000
19670000
6939000
5047000
8949000
9221000
4501000
4467000
6040000
5678000
6039000
8844000
5163000
6075000
9852000
8897000
6211000
4264000
4709000
9651000
8311000
6097000
6248000
8478000
6131000
6221000
8121000
5495000
20894000
5121000
4482000
4379000
7765000
10850000
5180000
11069000
6773000
6422000
7488000
7632000
19455000
9899000
5710000
9900000
29285000
7998000
7101000
6853000
6873000
12555000
11658000
7057000
18521000
6935000
8060000
5826000
5451000
11979000
7558000
11470000
9299000
6883000
6709000
10298000
11224000
7447000
8810000
6689000
11962000
8005000
12168000
16675000
6270000
6682000
14452000
10635000
7028000
5718000
5807000
7077000
5386000
6351000
13274000
8130000
8487000
10653000
11374000
6669000
8865000
6474000
6826000
10733000
17492000
9927000
7818000
5738000
14690000
8020000
10411000
6717000
5845000
8522000
6692000
14481000
10310000
7208000
6348000
9417000
9158000
9741000
6636000
8042000
6906000
9510000
7728000
23071000
7691000
9643000
11423000
9176000
9463000
7335000
6956000
7472000
16961000
6992000
7132000
7474000
13519000
6346000
6597000
7145000
7468000
6494000
7125000
5213000
8888000
18906000
6035000
7438000
11533000
8102000
11080000
8365000
7320000
7377000
8250000
11260000
13133000
6952000
4826000
9380000
9806000
9074000
6141000
8950000
8525000
7273000
7673000
16178000
7352000
5423000
12295000
10358000
6671000
5666000
7697000
7569000
7994000
5096000
7106000
15269000
7636000
7317000
5429000
9900000
7346000
13307000
6652000
6780000
7057000
8197000
5738000
14459000
6099000
6676000
6937000
15537000
10168000
8141000
5623000
7685000
8204000
7078000
14025000
9069000
8046000
10766000
11306000
9708000
7788000
6906000
9057000
7690000
7976000
17922000
9438000
6879000
13531000
6219000
6914000
8107000
7986000
7236000
6988000
14113000
11981000
8944000
8737000
14383000
7448000
6822000
6784000
5546000
7249000
5433000
6735000
18823000
8808000
9282000
16843000
6655000
7584000
6572000
6486000
13514000
8100000
13827000
10913000
10725000
13707000
5526000
8456000
8458000
7007000
6774000
7729000
5836000
18978000
7708000
7824000
9071000
8463000
7879000
6297000
6389000
7683000
7628000
7872000
33552000
15138000
9669000
7515000
7307000
5319000
7850000
7452000
25916000
10923000
6611000
18383000
5200000
7177000
5207000
6433000
8307000
6002000
6745000
12796000
11481000
7799000
5685000
15660000
9047000
6597000
8869000
6294000
8107000
6966000
19550000
8310000
7888000
15837000
6690000
8478000
6728000
6852000
8907000
6656000
13191000
14599000
8021000
10778000
11057000
10281000
6983000
9966000
28491000
32075000
14886000
6365000
6902000
6497000
6458000
9304000
9774000
13322000
11368000
5845000
10837000
11050000
8799000
7790000
5464000
9495000
7079000
7012000
11847000
6805000
6412000
4827000
7833000
13257000
6891000
6200000
5526000
10138000
9429000
6645000
5839000
19759000
24640000
22169000
6777000
6875000
8076000
7957000
16828000
8814000
6425000
6958000
14976000
11207000
7727000
7475000
7174000
7862000
8082000
12272000
7024000
8006000
6826000
16695000
10015000
6949000
7044000
7613000
6465000
6508000
16242000
6894000
8107000
8285000
15474000
7606000
6957000
7126000
6703000
7892000
6578000
12301000
12227000
9014000
6904000
11965000
10608000
8051000
8546000
10489000
6836000
6796000
20419000
7996000
5398000
12315000
8415000
8417000
9790000
6905000
8794000
10991000
15797000
10296000
10418000
16259000
10151000
15542000
8295000
7077000
7583000
9272000
10775000
6982000
7574000
14247000
7723000
9872000
6530000
6841000
7816000
7857000
13171000
13964000
8891000
12793000
8903000
8717000
6115000
8601000
9004000
6854000
19642000
9997000
6921000
6925000
11386000
6915000
9373000
5873000
6733000
8824000
8017000
6564000
14527000
10501000
9815000
15123000
8276000
7819000
8096000
9662000
7131000
7856000
19373000
7004000
7718000
15963000
26861000
8739000
8013000
6016000
9398000
9842000
8099000
7955000
15056000
8888000
6457000
5798000
5320000
8755000
13350000
15344000
7852000
28144000
5132000
9857000
6778000
7838000
7029000
5982000
6483000
9290000
10003000
7016000
7834000
10779000
29669000
14377000
7041000
11960000
14042000
8089000
10322000
11204000
7988000
8840000
6874000
7363000
8221000
6908000
10948000
11968000
10191000
8950000
13181000
8745000
6774000
8073000
7977000
5700000
6116000
5588000
15070000
5213000
6669000
6069000
9264000
5982000
6131000
6249000
5793000
6739000
6093000
5071000
5971000
6479000
7368000
10017000
4923000
4639000
6104000
10469000
8935000
10368000
6252000
4933000
8744000
6814000
6819000
14384000
8022000
5147000
4932000
5102000
12121000
5785000
9710000
4881000
5300000
8570000
5084000
5873000
4999000
13042000
10534000
5669000
4810000
16662000
10236000
8202000
7492000
7015000
5674000
6433000
10815000
12021000
6570000
7042000
11468000
7655000
10112000
6867000
7577000
8553000
7710000
6689000
9030000
10800000
4693000
4722000
6078000
9121000
7646000
6847000
5314000
5248000
5640000
7128000
7291000
4872000
11976000
12223000
8085000
6080000
10235000
7129000
5259000
8708000
5916000
6675000
9056000
7782000
11168000
14661000
8436000
13580000
19603000
20423000
10962000
6996000
14980000
24908000
10022000
9247000
6967000
8202000
8504000
6798000
7901000
16253000
6914000
6426000
6329000
15900000
6535000
7343000
8054000
7609000
6742000
24772000
15564000
8793000
17139000
18722000
14934000
9876000
9661000
9426000
8961000
8445000
11357000
7455000
10613000
6237000
6799000
7563000
7175000
7720000
17914000
7109000
5931000
14710000
7123000
7896000
6581000
5582000
5863000
8795000
7021000
5680000
12354000
6387000
7757000
5595000
12301000
5931000
7076000
6445000
5104000
5483000
5316000
5854000
6976000
6300000
22289000
5931000
5329000
10819000
5412000
4467000
5429000
5468000
5600000
5569000
8159000
4574000
9767000
7083000
11279000
4895000
5359000
7348000
9193000
9997000
5880000
5559000
5187000
6151000
7823000
5521000
5089000
9416000
11033000
5381000
7258000
5305000
8284000
6281000
6847000
5738000
5478000
7009000
10154000
5327000
6841000
13160000
6477000
5476000
5564000
10502000
9292000
5535000
5696000
5337000
5239000
5483000
5942000
5417000
5181000
5350000
14569000
6051000
5602000
5291000
8503000
10002000
11251000
5581000
6682000
9864000
5490000
6128000
10495000
11609000
5045000
5181000
6807000
9154000
6954000
6612000
5232000
6793000
8265000
6698000
5398000
6193000
13293000
6778000
6451000
7105000
8831000
8776000
5419000
7401000
5385000
5253000
6595000
5651000
5478000
6982000
15145000
7177000
7131000
5300000
11473000
10962000
6107000
6956000
7338000
8990000
6968000
26244000
5248000
5391000
6341000
8762000
8428000
6074000
6963000
6616000
5474000
6510000
6727000
13779000
12808000
5617000
5730000
10278000
9736000
5343000
5892000
5595000
5560000
5837000
6071000
5190000
6395000
9028000
9522000
7186000
4737000
4919000
11429000
7815000
9005000
6494000
5621000
8900000
5256000
5624000
11965000
9428000
6272000
5784000
5525000
12594000
6942000
5666000
5155000
5091000
6871000
6456000
5063000
6477000
5014000
10989000
6121000
5224000
5585000
5538000
15375000
5549000
6564000
7518000
6933000
6654000
7147000
5515000
6136000
9368000
6953000
5511000
5361000
6077000
13959000
5609000
8840000
5414000
6449000
7879000
6844000
7759000
8827000
14037000
5829000
5412000
15708000
5651000
6046000
5843000
7113000
5498000
7030000
7184000
5547000
12091000
6334000
5436000
5424000
5404000
13033000
7564000
5830000
6842000
6346000
6853000
5606000
5681000
5649000
10119000
9271000
5633000
5623000
5436000
8612000
6428000
5445000
6879000
5398000
5095000
9491000
5442000
6689000
12058000
8240000
5609000
6577000
4784000
10084000
6182000
4459000
4635000
6861000
5445000
5641000
6996000
6741000
6682000
10716000
7906000
6052000
6906000
10400000
8919000
6507000
7626000
7487000
6692000
6009000
5581000
5986000
14457000
8936000
5443000
5108000
8048000
11915000
18076000
10171000
7059000
6393000
6633000
16031000
6879000
7679000
13728000
9454000
7446000
8136000
6473000
6702000
6729000
10227000
18915000
16295000
13930000
9640000
5083000
10133000
8474000
7359000
7961000
10683000
9471000
5627000
5873000
10789000
10423000
7547000
4988000
6686000
4782000
6523000
5867000
5631000
6436000
14308000
6577000
4928000
6333000
11477000
5996000
3934000
7196000
5627000
5351000
5453000
5951000
4464000
5934000
12329000
10912000
9008000
11895000
12380000
9304000
7316000
5714000
9309000
6584000
8886000
10743000
10419000
5489000
5725000
11848000
8270000
11959000
9383000
8726000
5606000
7753000
12519000
13583000
8209000
12116000
13907000
9107000
8036000
8600000
6965000
7684000
12932000
14379000
15388000
12461000
8864000
8203000
8649000
9869000
7189000
16902000
6854000
9737000
7091000
9209000
8038000
5103000
6510000
6713000
7327000
8735000
7424000
12513000
11503000
8449000
11795000
11366000
8059000
16988000
12855000
6573000
11526000
15652000
13187000
12409000
7073000
12797000
7299000
9173000
9641000
6442000
10592000
8034000
6269000
5949000
13450000
6992000
6131000
6531000
9003000
9444000
6584000
6789000
10242000
12889000
6673000
8037000
14721000
11881000
5835000
6936000
10284000
7979000
12665000
13994000
7764000
6350000
12721000
6602000
7926000
6681000
10267000
8007000
6628000
6185000
10215000
8671000
5747000
5210000
9280000
12743000
7992000
8666000
7611000
5403000
5746000
10845000
17289000
6029000
8100000
5177000
14575000
5415000
7037000
6650000
9527000
8652000
7347000
15716000
10365000
6455000
8249000
12029000
6605000
8082000
8283000
5647000
9246000
6319000
6762000
16003000
6269000
8816000
12535000
7582000
5658000
7658000
8275000
7096000
7124000
7508000
14371000
11429000
7753000
6592000
12874000
7538000
6411000
4753000
4738000
6298000
5996000
4805000
4641000
13976000
15758000
7134000
13741000
7985000
8921000
7692000
6905000
8278000
6482000
14741000
8834000
8809000
9372000
10676000
7994000
10165000
7528000
6311000
7856000
8880000
14623000
10383000
6129000
5439000
9500000
11464000
9180000
5577000
7876000
8167000
6564000
5796000
6782000
14208000
7146000
6809000
9667000
12612000
9623000
8122000
6672000
11379000
8599000
15060000
9246000
8666000
9652000
11004000
11240000
8326000
7015000
7880000
5538000
7060000
16869000
9944000
7008000
12115000
10454000
8149000
7483000
8011000
8515000
6693000
12491000
13781000
6716000
6649000
10567000
8054000
7320000
7954000
7931000
8637000
6901000
9003000
14249000
10108000
5665000
13557000
10512000
7193000
6399000
8864000
7558000
9552000
11674000
17416000
10940000
24722000
5813000
11859000
57765000
19637000
6044000
6146000
7266000
6530000
9478000
7268000
9638000
12783000
8716000
11004000
22014000
14842000
9556000
5563000
6563000
8906000
12469000
7664000
8909000
15814000
5328000
8842000
6751000
10346000
5582000
8384000
9292000
11371000
7701000
5956000
4800000
8668000
6701000
5919000
6832000
6259000
7988000
10582000
8060000
14172000
7312000
6935000
5384000
10126000
11557000
7252000
8014000
7984000
7955000
5474000
5924000
9549000
12543000
14805000
15073000
8080000
7039000
5275000
6223000
5662000
8364000
7009000
15308000
9382000
8101000
10206000
11290000
9489000
9240000
8064000
7175000
7091000
6913000
14612000
8727000
6957000
9809000
11380000
11536000
5783000
6706000
9429000
7121000
5913000
14210000
12146000
6741000
13099000
11507000
8080000
9075000
9460000
7944000
6404000
15234000
8835000
7838000
7106000
14766000
9558000
6661000
8256000
7959000
5726000
5846000
5887000
13726000
6980000
6824000
10921000
10217000
8108000
17096000
9708000
9144000
5927000
13033000
7895000
6064000
5898000
16589000
9394000
7430000
6914000
5660000
20776000
18513000
9122000
16493000
48693000
28022000
62682000
38711000
17536000
13300000
7544000
12584000
6537000
12245000
9729000
11468000
7300000
8844000
7626000
17694000
11811000
7917000
6871000
12476000
7416000
17139000
9055000
5773000
8303000
10918000
6776000
5468000
6548000
6232000
9820000
7887000
8305000
17547000
8568000
6855000
14311000
5936000
9644000
9976000
8130000
5784000
6863000
13862000
8592000
10634000
11347000
11597000
10205000
8145000
7695000
10141000
7034000
5770000
14756000
6585000
5613000
5717000
10592000
7641000
8310000
8000000
6838000
9830000
8474000
6954000
10063000
10022000
7029000
11669000
11654000
5613000
7001000
7457000
8738000
7732000
8414000
9955000
9548000
6855000
6004000
6411000
12359000
6938000
7196000
6775000
7883000
7593000
8893000
12191000
16392000
6294000
10936000
11106000
8415000
8517000
7695000
8540000
5850000
5813000
9823000
12241000
7459000
5595000
12629000
9798000
10088000
7024000
8932000
6719000
7103000
6886000
15418000
8258000
6928000
12250000
7739000
8668000
8054000
8103000
7721000
8871000
6688000
15269000
8200000
5719000
9840000
11457000
9639000
6894000
8985000
10932000
7664000
10882000
15243000
5828000
6583000
17697000
8146000
6638000
7912000
7639000
6013000
7739000
5649000
13192000
6166000
6945000
43790000
8088000
8184000
7003000
13248000
10789000
7646000
6731000
17049000
8570000
8287000
7500000
7314000
5682000
7101000
17751000
7495000
7978000
6655000
13868000
6453000
8671000
6575000
7854000
9309000
5638000
11796000
8796000
17281000
11926000
7859000
7845000
6626000
5138000
4816000
6992000
4558000
6442000
13350000
40530000
7186000
12078000
17436000
7237000
7030000
19334000
10605000
15010000
8912000
10614000
7467000
5343000
6779000
6635000
8880000
13516000
5978000
6130000
5162000
5442000
8605000
7219000
6810000
4672000
5936000
4389000
4472000
5735000
4578000
4508000
7792000
10121000
7970000
4798000
5011000
9833000
8537000
5868000
6004000
4562000
4654000
4600000
4634000
5492000
7381000
4621000
10239000
9133000
5443000
4352000
6627000
14076000
7228000
6266000
7359000
5713000
10250000
8052000
5493000
16055000
6537000
5512000
12302000
11538000
10637000
5890000
6517000
7665000
7960000
8828000
15863000
6289000
7502000
10856000
10713000
9475000
7955000
8347000
8582000
7873000
6894000
15139000
8255000
9033000
15744000
7429000
6349000
7101000
8160000
8073000
7815000
14061000
11863000
8785000
5854000
15319000
5381000
8603000
6698000
7445000
8134000
6583000
5630000
18273000
9820000
7886000
16097000
8871000
9440000
9435000
8958000
6887000
5695000
15516000
5534000
9139000
9832000
10050000
8673000
9308000
7164000
8138000
7131000
5793000
21313000
7573000
6883000
8906000
13747000
8536000
7602000
10155000
10167000
7515000
14979000
5798000
9488000
13762000
8695000
14975000
7121000
10893000
5744000
8920000
16019000
8174000
9261000
17423000
9427000
7893000
6052000
8081000
6952000
7891000
12515000
7814000
6632000
6982000
11590000
8932000
9369000
6824000
8064000
11452000
5645000
5636000
12138000
8575000
5648000
5529000
17633000
6773000
7487000
6704000
6387000
7896000
8723000
11284000
17365000
42227000
8282000
6425000
10978000
9164000
15439000
8156000
7065000
13682000
9153000
6703000
7098000
6918000
10258000
8219000
7832000
14382000
6190000
7858000
14952000
7653000
8793000
8251000
31738000
14371000
7300000
7621000
11087000
9991000
9340000
6458000
7366000
6951000
6435000
7606000
16425000
7512000
7972000
6462000
9340000
21570000
14125000
8459000
8028000
11490000
12042000
6656000
7642000
10009000
31659000
10693000
9455000
11390000
9253000
7710000
6219000
9812000
9458000
4551000
4767000
5308000
7665000
4655000
6183000
4694000
6100000
13486000
10471000
96880000
8251000
5441000
5392000
12690000
6189000
5836000
8018000
5152000
5238000
6718000
6349000
34475000
7871000
9274000
8920000
5416000
5826000
5397000
6844000
8841000
5577000
7022000
12221000
12157000
7365000
9290000
14213000
6981000
5948000
6979000
6266000
6240000
5513000
6823000
10520000
15161000
6351000
5751000
8799000
11198000
5209000
5970000
6397000
6599000
7247000
5239000
5395000
12320000
8922000
6907000
6763000
8263000
10319000
4998000
5880000
5970000
7008000
7951000
5580000
6691000
14124000
11596000
10205000
34565000
5415000
5543000
6410000
7240000
4752000
5081000
8572000
9485000
4952000
8173000
17203000
5461000
10702000
6691000
6989000
5728000
4563000
4736000
7637000
12316000
5536000
5810000
5491000
8530000
8555000
5417000
6244000
5599000
5426000
5879000
8075000
5683000
5331000
10238000
10402000
5902000
7728000
7585000
8312000
4618000
4498000
6171000
5460000
5715000
7139000
6174000
5038000
5535000
12208000
6723000
6208000
5090000
9790000
8634000
5211000
8240000
5317000
5883000
5468000
5195000
5344000
5443000
9665000
8756000
6822000
5324000
5385000
7706000
10214000
8201000
7985000
7037000
5365000
5845000
6901000
5836000
14106000
8456000
5504000
5391000
15726000
45626000
7164000
15400000
5974000
7618000
5426000
13259000
5292000
8028000
6327000
5539000
7014000
5629000
5465000
7717000
12879000
7560000
5645000
8404000
10570000
7254000
8933000
7152000
5699000
5263000
9463000
4847000
11474000
9204000
26318000
7611000
6623000
5541000
5231000
6639000
5228000
5917000
5116000
6413000
8509000
12924000
5856000
9107000
17712000
27624000
10564000
5442000
5293000
15035000
5567000
6766000
5407000
7541000
9966000
6532000
7493000
5636000
5639000
6907000
7163000
6834000
14941000
49217000
8133000
6739000
6742000
7006000
15918000
17507000
10256000
7106000
8702000
5345000
7495000
6818000
7523000
8208000
7333000
9884000
12220000
17478000
31736000
53313000
9495000
8787000
16696000
6603000
7517000
6488000
6322000
28410000
15973000
21589000
13035000
12091000
9185000
17666000
18706000
13035000
13450000
11056000
8562000
27076000
7462000
19187000
6495000
5080000
6709000
12931000
5906000
7890000
8764000
8024000
11786000
8910000
10736000
15022000
8303000
9811000
11151000
11306000
5815000
8528000
8779000
8866000
11952000
11151000
7514000
8829000
10172000
9679000
8611000
7537000
5395000
10060000
7018000
8260000
13826000
6981000
9189000
12892000
10047000
8430000
9045000
6729000
33649000
9386000
7746000
5553000
12002000
7293000
6070000
7559000
7703000
9585000
5593000
7804000
10112000
11789000
9227000
17835000
7208000
6415000
8133000
7795000
7524000
7166000
5866000
19299000
9045000
6266000
11024000
8728000
7617000
8032000
5291000
8129000
7029000
5187000
11435000
12742000
7005000
8125000
16212000
9956000
8832000
6098000
8948000
7665000
14440000
11136000
9302000
27593000
30978000
15256000
40378000
21642000
58194000
22524000
20108000
6485000
31044000
31603000
7201000
14201000
6510000
10024000
9464000
8873000
5868000
6022000
13488000
13899000
8087000
11199000
9381000
9654000
6781000
6959000
31097000
14296000
7659000
9732000
10912000
10045000
7684000
7282000
8030000
7941000
7416000
20826000
7148000
8087000
15165000
11463000
6864000
6162000
9272000
6600000
7996000
9134000
7349000
6317000
4677000
4668000
8103000
8779000
6435000
12310000
9744000
7181000
6443000
7663000
14952000
7201000
6889000
9618000
12324000
5535000
7187000
7591000
7867000
7738000
8801000
12527000
11310000
7103000
6783000
20410000
7613000
8721000
8605000
8829000
6761000
12477000
11246000
5764000
6966000
17186000
14649000
9631000
7075000
6252000
7876000
12392000
12251000
6189000
9303000
17175000
7880000
55600000
8519000
7541000
9513000
9394000
8878000
7072000
7208000
9862000
6765000
6735000
11812000
11043000
5553000
5519000
5522000
13597000
263785000
203466000
205172000
204625000
204326000
207200000
207551000
199057000
205828000
203828000
203004000
206706000
204547000
211948000
195821000
204743000
204414000
204549000
213185000
195710000
210534000
204477000
198542000
209321000
201641000
202754000
205600000
204925000
203877000
206242000
201996000
204709000
204522000
204208000
204516000
206697000
202331000
205798000
203452000
204647000
204473000
204426000
204556000
204614000
203931000
204199000
205325000
204470000
204580000
204518000
204604000
210771000
209690000
199957000
199128000
203726000
203755000
204524000
203632000
212329000
199038000
203045000
203791000
205281000
205039000
204059000
206674000
205040000
206793000
204591000
200963000
205007000
202783000
204662000
204424000
203810000
204096000
205599000
204697000
204483000
205199000
203809000
205297000
208982000
199377000
203379000
205702000
204609000
204363000
205162000
202923000
224024000
185997000
204772000
203437000
216280000
194371000
203769000
204860000
204238000
205758000
203917000
203162000
206149000
204541000
224531000
187943000
201967000
209164000
198139000
204599000
211541000
198073000
204087000
204283000
204883000
205685000
204326000
204390000
204271000
209969000
201257000
201654000
218404000
189911000
209732000
204816000
199748000
204831000
205161000
211782000
208846000
197401000
199499000
205868000
204496000
202917000
205103000
204168000
203946000
205106000
209024000
200488000
205811000
202622000
204531000
204571000
209978000
198993000
204525000
205047000
204804000
203552000
205023000
204322000
204552000
204559000
208955000
200096000
203903000
205747000
204467000
204013000
205295000
204423000
210857000
197494000
204592000
205416000
203080000
209692000
200069000
203753000
204984000
204787000
204667000
204605000
204257000
216326000
191596000
205690000
207758000
201432000
204482000
204171000
204811000
204606000
205567000
203561000
204702000
204461000
204650000
202753000
210204000
201121000
204834000
203362000
204902000
204275000
204562000
205274000
203801000
204757000
204315000
204522000
204850000
212207000
196684000
204406000
204481000
204596000
204885000
204706000
204031000
205362000
203688000
205592000
203530000
213421000
195489000
204525000
204563000
204564000
207050000
201825000
212035000
202424000
199306000
204502000
204555000
210423000
198680000
205038000
203991000
204533000
206921000
202128000
213289000
204302000
202842000
203182000
204047000
199900000
204136000
204579000
204726000
204326000
204570000
210169000
199271000
212534000
196953000
203622000
204608000
204551000
209570000
199750000
204409000
204276000
205356000
206756000
201623000
204511000
204443000
208337000
200745000
204308000
210460000
198401000
205062000
203812000
205093000
204721000
204473000
209104000
200091000
204519000
205723000
215593000
209459000
198879000
201219000
195446000
205266000
204599000
204626000
204431000
204847000
208926000
208656000
195055000
205699000
208362000
200120000
203415000
205748000
204550000
204477000
204461000
203871000
206173000
204373000
203959000
204739000
208758000
202892000
204939000
202097000
203620000
203413000
206279000
203920000
204489000
204690000
204825000
203937000
204787000
206475000
201831000
204499000
205841000
204132000
204438000
204740000
203648000
218354000
191576000
204197000
204626000
204294000
204844000
207302000
203425000
203010000
204236000
204160000
207525000
201817000
204749000
204501000
216931000
192211000
205415000
205026000
207146000
213082000
191742000
204683000
204418000
210681000
198451000
206923000
206898000
199318000
205032000
206494000
213820000
197335000
201047000
214827000
198567000
201416000
209470000
199766000
202546000
204444000
204556000
204532000
204432000
206184000
202508000
205088000
204574000
204376000
207926000
201772000
203923000
209138000
199924000
208708000
204482000
200370000
204213000
208968000
209325000
194937000
205105000
204611000
207239000
206149000
210554000
195392000
207478000
200409000
205067000
203978000
210489000
205224000
198389000
210513000
198201000
209132000
203877000
202268000
203179000
205909000
202716000
204408000
206187000
210079000
197572000
214230000
194121000
205726000
207739000
200594000
204627000
204340000
210878000
198795000
203845000
258000000
54735000
8716000
9182000
12728000
8858000
6887000
7226000
7938000
6863000
5848000
7451000
12673000
15523000
8112000
10151000
7983000
17885000
24881000
8247000
16068000
10413000
15583000
10666000
7355000
7487000
8016000
8634000
5822000
8158000
9714000
22769000
20652000
6806000
6990000
7960000
9061000
9099000
8672000
11736000
7478000
7602000
7075000
16162000
12075000
7898000
22131000
21085000
13404000
19892000
9204000
10189000
7100000
9923000
8210000
13389000
13156000
8319000
7696000
13238000
6378000
8038000
4810000
4669000
7097000
7941000
6622000
7668000
7916000
9227000
7536000
7443000
16971000
4971000
17816000
5407000
9517000
7508000
9685000
14283000
6351000
6279000
7182000
10305000
6042000
28896000
23887000
11442000
7974000
7069000
14146000
5575000
11753000
8312000
8658000
7598000
5552000
18154000
8061000
5812000
5804000
14688000
6855000
7383000
6859000
9449000
7334000
7681000
22302000
10892000
15100000
12125000
6190000
9024000
7714000
9655000
28836000
8025000
6672000
11592000
7555000
8969000
8388000
7369000
7052000
6337000
7368000
16100000
9753000
7804000
9549000
12783000
10869000
7465000
6296000
13769000
5419000
13623000
7520000
7774000
6809000
10264000
6991000
7558000
10173000
8968000
9685000
6693000
6732000
11984000
8251000
8067000
14458000
7670000
7997000
8660000
8314000
7799000
6660000
7944000
12141000
8521000
8420000
6326000
14378000
8064000
7328000
7828000
9215000
7232000
8444000
13017000
9359000
8205000
10400000
10576000
5755000
8431000
7509000
6619000
9639000
7628000
10780000
9310000
4761000
5916000
4558000
7859000
8070000
6040000
7722000
6556000
7863000
8433000
8162000
7469000
12492000
7874000
6745000
11153000
13841000
7579000
8323000
11439000
9078000
7722000
16574000
9295000
7970000
12537000
6991000
6948000
8043000
7405000
9751000
9177000
12358000
10233000
8547000
8047000
11916000
6015000
8501000
7013000
7730000
9423000
7499000
7920000
9442000
11456000
8978000
9155000
12156000
5443000
8980000
19488000
22220000
12896000
6853000
8247000
15971000
6105000
8990000
8445000
6663000
5404000
5076000
4553000
5029000
39229000
13275000
6950000
6398000
7744000
9837000
7899000
5685000
8250000
12187000
7902000
5760000
38319000
8701000
9234000
7535000
9762000
12457000
8572000
8195000
15070000
11051000
6766000
7995000
6983000
8164000
9171000
14163000
7786000
7126000
9981000
9804000
6730000
6585000
6067000
7142000
8951000
8932000
5939000
17770000
7751000
5363000
12900000
8612000
12682000
7855000
6659000
6847000
8573000
10867000
11243000
5547000
7135000
9757000
14176000
9965000
8290000
6747000
5835000
10027000
10685000
11160000
7020000
8016000
14615000
7158000
7399000
5314000
7876000
7114000
6905000
7393000
14186000
12441000
5590000
10991000
9199000
12196000
6823000
7221000
8963000
9236000
6119000
14517000
9287000
7945000
16345000
8163000
8875000
7129000
9529000
8133000
9113000
11356000
8195000
6954000
6722000
14124000
4599000
5018000
6471000
4878000
4857000
4931000
7410000
4003000
4390000
6139000
12641000
5509000
4834000
4845000
4485000
8115000
7198000
4717000
8639000
6710000
6462000
9891000
9747000
15881000
8725000
7723000
10151000
10603000
9802000
8807000
8409000
7895000
7128000
7252000
18471000
8783000
10276000
12533000
23832000
13346000
13573000
14834000
8658000
19159000
24844000
22955000
10715000
43873000
8461000
5130000
5874000
7002000
6826000
8231000
5861000
5445000
7585000
11854000
6939000
5920000
5285000
26780000
5189000
5846000
5844000
8823000
5717000
7062000
12779000
8149000
6665000
5342000
279298000
216588000
192298000
205010000
204050000
205198000
204717000
208642000
199950000
208590000
202281000
202617000
215386000
197903000
200754000
206969000
201823000
204665000
205450000
203556000
204401000
204858000
210146000
203114000
204124000
200437000
204554000
204586000
207531000
202589000
203279000
208566000
200640000
207955000
205772000
200713000
205139000
206773000
201144000
204197000
204726000
210786000
197834000
205127000
204117000
204499000
203900000
204513000
206392000
203322000
204467000
204609000
204484000
208372000
201327000
203999000
211235000
197694000
206621000
202557000
204348000
205917000
212361000
199367000
200215000
215767000
193810000
204934000
214746000
193188000
205135000
205291000
204691000
205635000
202522000
205341000
203710000
204626000
206667000
202775000
204046000
205817000
203763000
204117000
206799000
202349000
209875000
203308000
200384000
204469000
208245000
200697000
208351000
200085000
212190000
198074000
203955000
208378000
200157000
204625000
205308000
204299000
204742000
204338000
206252000
209103000
197481000
224466000
195991000
195834000
202653000
207598000
205137000
200530000
208502000
204491000
200879000
202345000
211262000
204170000
204407000
205878000
203562000
201338000
203229000
204694000
206239000
202833000
208523000
200671000
203648000
214568000
195260000
204466000
202147000
208206000
203203000
202428000
206592000
208517000
203319000
201857000
204417000
207450000
201709000
204172000
206096000
200768000
206672000
204992000
204477000
204618000
205960000
207509000
206525000
198030000
205122000
203761000
208096000
201120000
206448000
206149000
199040000
206738000
205504000
205580000
202354000
204483000
204391000
204454000
206441000
202955000
204519000
204391000
204515000
208241000
200784000
205338000
205234000
202225000
209479000
202184000
202663000
206484000
202746000
208613000
198214000
210160000
198645000
206949000
204982000
207606000
200284000
208963000
214440000
193058000
205823000
204611000
201392000
204707000
207909000
204042000
203206000
205806000
213041000
192425000
208191000
204468000
204512000
202896000
207621000
203210000
205306000
201652000
206449000
202286000
207217000
204131000
200836000
208173000
204542000
204670000
204427000
204478000
204594000
224131000
189119000
200885000
8401000
7889000
6519000
10943000
8483000
8776000
8539000
5481000
7032000
7608000
6572000
9234000
9745000
8821000
7549000
17952000
8911000
7136000
5710000
6650000
5593000
8920000
11846000
9307000
5816000
9034000
10147000
13169000
9855000
6806000
9386000
6082000
8501000
12011000
9432000
15680000
23804000
11297000
8267000
9631000
9802000
11643000
11972000
7821000
8273000
8299000
9495000
6929000
6757000
7458000
10513000
9563000
13992000
9540000
7237000
6803000
17324000
8328000
12706000
7990000
8145000
9313000
8927000
12919000
7851000
6491000
17318000
6582000
9291000
6711000
6949000
6696000
9962000
20515000
9381000
6445000
37045000
7752000
18870000
45469000
20549000
8550000
18339000
7941000
22692000
8114000
7953000
14943000
12152000
9346000
6730000
11068000
9493000
14875000
6914000
6218000
7771000
15389000
7409000
10881000
5918000
8917000
6213000
6451000
11409000
11275000
8717000
7585000
11502000
6544000
7200000
9419000
10217000
7128000
7016000
11992000
10964000
36045000
6077000
7211000
8569000
8074000
8413000
6751000
8904000
12217000
8108000
41603000
10940000
8018000
24824000
16094000
16688000
6818000
8945000
8695000
8157000
11037000
8023000
10532000
13356000
7716000
39426000
7794000
8894000
8355000
7221000
15784000
7932000
5662000
10052000
12357000
11978000
9152000
10006000
6975000
7580000
14681000
7949000
5717000
5472000
10675000
11752000
12128000
7797000
10883000
6130000
7837000
20495000
9525000
10226000
9348000
8677000
9593000
7834000
7904000
10175000
7050000
13316000
8620000
9360000
11345000
11702000
8301000
8314000
7395000
7597000
7875000
12309000
12810000
8352000
7729000
7780000
7963000
9415000
6836000
7964000
6692000
8392000
6047000
19618000
7319000
10564000
12494000
9645000
8809000
8642000
8367000
5557000
8512000
14562000
9900000
8072000
17520000
19858000
8460000
9107000
7821000
11829000
13315000
7334000
5755000
16398000
7835000
14568000
8307000
9904000
6870000
11589000
13235000
8686000
7019000
7757000
9545000
7939000
6934000
9010000
10862000
6478000
13085000
9212000
6630000
4992000
10652000
10671000
7033000
8326000
9892000
9754000
5754000
4838000
10282000
7635000
19164000
5153000
14843000
8937000
6801000
8209000
8398000
7204000
13416000
10600000
13505000
12198000
13715000
10324000
7524000
10831000
7637000
13394000
10678000
7678000
7400000
8520000
11012000
7823000
7562000
6941000
10646000
6471000
7862000
19777000
5429000
7331000
15075000
6332000
6934000
6770000
7800000
5592000
7512000
8440000
11825000
9548000
7493000
5548000
8314000
11183000
10763000
5502000
5449000
6737000
5896000
8031000
5717000
17696000
7818000
7469000
8577000
14780000
13157000
8572000
7944000
5380000
7336000
11657000
9299000
5474000
7671000
16228000
5500000
9390000
7865000
6494000
7874000
8365000
5692000
14205000
6864000
6722000
9940000
26330000
7941000
7165000
6553000
5225000
6464000
17979000
5940000
7675000
10558000
9885000
8545000
6767000
8030000
42914000
8708000
8076000
26981000
12131000
7100000
15844000
9774000
12657000
6588000
6326000
9444000
9102000
12416000
9945000
6093000
6895000
6952000
7789000
16407000
8228000
6615000
10365000
10087000
7945000
7390000
7325000
11876000
5253000
14104000
12126000
6512000
6042000
11097000
11697000
10945000
7691000
5915000
6601000
5402000
5239000
7905000
13227000
6775000
5612000
9165000
12378000
6941000
9289000
5422000
6042000
8132000
6133000
7208000
14044000
7868000
7400000
10321000
14143000
9399000
6716000
7834000
6982000
6540000
17637000
10503000
8595000
13927000
9516000
8546000
6515000
7438000
4937000
9064000
5576000
14742000
9308000
6306000
5155000
12031000
5680000
6110000
11021000
6380000
8726000
7902000
16327000
26566000
21205000
11347000
6987000
7061000
9989000
22833000
11041000
6366000
13433000
8930000
7546000
9208000
6015000
8261000
6598000
7559000
9735000
8313000
8764000
8028000
8538000
10411000
6904000
8554000
6993000
10993000
8542000
12545000
12025000
7822000
8173000
14265000
7398000
9724000
5660000
7645000
9631000
6852000
10845000
11347000
7443000
6746000
18397000
11413000
7060000
8967000
10969000
9432000
9410000
9172000
8352000
7121000
12982000
16524000
10523000
8935000
15992000
15232000
6923000
6634000
6851000
16150000
7688000
9009000
5692000
6783000
8543000
6454000
9696000
14376000
7375000
7057000
16243000
7761000
10015000
7914000
8554000
6089000
6899000
9233000
11009000
9585000
7801000
14766000
6854000
11591000
5418000
19703000
24813000
7609000
7275000
9093000
9701000
9245000
5867000
7985000
7920000
7883000
6866000
23590000
9898000
10248000
8588000
9753000
7990000
6938000
7872000
5912000
7533000
10115000
10541000
7005000
7694000
17642000
12747000
6667000
9619000
7070000
6933000
7914000
18252000
6944000
5633000
10063000
8992000
10807000
7185000
8315000
7633000
5655000
6951000
12691000
9652000
6830000
6979000
12745000
7017000
6321000
9079000
7843000
9993000
8107000
10884000
11917000
7097000
5566000
10160000
11106000
6008000
6514000
6567000
5496000
8895000
5561000
5117000
13466000
7106000
5615000
6954000
10529000
13732000
9504000
5030000
5198000
7186000
6200000
5589000
5670000
17533000
5566000
6028000
10167000
10139000
6668000
6991000
6715000
5836000
6454000
6478000
6534000
10323000
7282000
8118000
5406000
10948000
10036000
5732000
9313000
5668000
6839000
6244000
7502000
6860000
17185000
7080000
6918000
5514000
16583000
7196000
16607000
5346000
6598000
6799000
11879000
12441000
5694000
6725000
8737000
10074000
8704000
5890000
5906000
5411000
7096000
6405000
6114000
10017000
11131000
8294000
5479000
8266000
7823000
5282000
8148000
6252000
5400000
7334000
7195000
5047000
5349000
12281000
5514000
16088000
6813000
7635000
4682000
6527000
4781000
5984000
6725000
8065000
5201000
4420000
5739000
8115000
5448000
5234000
4683000
6060000
8723000
8028000
6864000
7180000
5272000
6551000
9675000
5481000
4999000
12498000
10269000
14665000
16856000
11151000
9942000
4805000
4855000
7797000
5470000
12474000
10416000
6557000
7509000
5521000
18765000
8461000
5544000
5399000
5467000
6746000
7732000
6081000
10889000
7957000
8356000
6988000
9217000
5432000
5493000
8273000
10526000
11594000
9608000
14664000
9058000
7901000
5936000
16270000
10823000
10361000
7402000
37802000
20761000
20338000
18416000
17282000
5465000
9723000
7270000
6255000
6513000
4781000
7790000
7598000
5437000
5373000
6792000
5163000
6491000
11261000
7114000
10136000
12127000
6577000
6868000
7876000
30448000
5740000
8076000
7107000
5784000
9681000
10071000
5749000
8493000
8441000
7660000
5294000
8927000
7143000
6294000
8499000
11365000
12882000
10817000
6716000
6612000
8419000
23207000
12737000
7243000
5002000
4345000
4891000
14174000
5743000
8428000
5463000
14721000
6675000
9622000
7141000
6679000
8773000
5925000
5458000
19745000
6906000
5483000
9129000
8507000
5625000
8523000
6927000
7145000
10564000
5489000
7418000
15415000
6035000
7329000
10710000
7461000
7381000
11223000
6408000
9598000
7713000
6689000
15129000
8227000
8082000
11925000
13347000
6329000
6982000
7746000
9414000
6873000
6862000
14710000
13350000
6854000
13400000
13118000
6182000
5615000
10131000
5806000
8019000
17261000
6895000
6800000
7854000
13487000
6195000
8373000
7150000
8226000
9579000
6609000
10566000
10831000
6809000
5243000
14178000
10500000
5534000
8901000
7699000
9187000
6616000
8322000
16213000
9032000
6658000
10288000
10949000
6475000
8554000
6232000
21646000
18639000
10546000
6944000
16458000
9334000
9057000
6813000
10674000
7226000
13624000
10673000
5635000
8984000
14922000
5833000
7070000
5445000
9289000
5649000
7377000
7092000
5708000
14275000
6627000
10390000
9212000
11876000
8384000
7885000
6467000
8417000
6637000
6997000
11882000
10512000
7669000
5971000
14003000
8201000
9199000
8626000
7492000
9022000
9312000
13864000
7817000
9638000
19791000
8206000
9330000
13083000
7753000
6331000
18381000
8139000
9280000
16668000
7485000
8916000
8656000
5671000
7152000
8464000
9145000
13222000
8876000
12385000
12726000
12556000
10335000
7224000
9000000
8493000
11170000
10563000
7597000
9261000
13044000
7801000
6882000
5616000
7022000
6361000
8832000
8898000
12426000
6282000
6453000
9555000
15094000
11908000
6796000
6603000
10595000
5550000
22697000
12615000
15966000
6930000
11096000
9232000
8594000
7308000
6540000
14860000
8955000
9097000
9292000
19553000
16762000
8526000
7139000
7183000
9077000
9345000
5460000
7911000
10299000
10836000
8192000
7147000
6577000
9345000
6935000
10285000
11235000
9416000
11053000
9518000
10322000
6729000
6706000
9880000
7087000
6167000
8957000
14884000
8107000
7050000
6966000
28156000
17516000
19264000
18541000
9627000
6908000
15070000
7194000
12723000
8131000
9206000
8041000
11485000
7134000
6885000
7312000
10984000
11769000
8085000
8403000
7747000
9080000
8175000
7793000
10993000
8543000
7834000
7210000
13242000
6620000
8889000
6528000
7717000
10299000
5904000
12173000
6973000
7568000
5479000
7866000
13677000
9444000
10770000
9647000
9301000
6766000
15390000
8866000
9161000
10492000
18701000
9736000
6341000
8929000
6737000
6640000
9690000
11135000
8024000
6059000
12270000
7947000
7025000
6301000
7911000
9764000
6818000
6999000
8838000
11264000
8141000
5328000
10517000
11586000
9875000
7726000
6628000
9602000
10799000
13568000
8976000
5599000
6352000
12245000
6964000
9702000
7754000
7729000
10685000
8831000
13921000
9232000
6846000
13043000
10844000
9278000
6456000
6565000
15831000
7821000
15940000
6680000
9046000
17967000
7797000
9170000
6936000
6467000
8380000
7167000
8030000
16547000
7038000
7912000
15341000
8035000
8453000
9242000
8809000
8625000
7153000
20985000
6776000
8130000
14842000
7915000
8061000
6905000
6740000
9499000
8000000
20172000
7688000
7522000
16475000
15595000
16589000
11420000
6180000
28641000
8864000
11170000
7686000
12265000
7797000
8070000
6486000
9415000
9158000
9576000
8649000
5463000
9066000
13946000
21109000
9197000
6797000
7090000
13943000
7736000
7016000
6523000
17116000
9024000
6949000
6022000
6722000
5630000
7103000
34371000
7596000
14140000
8795000
9570000
7755000
13344000
7844000
11096000
10252000
7183000
8071000
14421000
5988000
12676000
8215000
11079000
9174000
11230000
12691000
7602000
6603000
18180000
7651000
7692000
6948000
8609000
8198000
7408000
19068000
8346000
8230000
9402000
9308000
9344000
5859000
7840000
8867000
6916000
6452000
9404000
12721000
5857000
6875000
12751000
7122000
15348000
6300000
10177000
8265000
11133000
10544000
7885000
6584000
10737000
9185000
9074000
9399000
7999000
8109000
6884000
6215000
15574000
8861000
7000000
10577000
9453000
12092000
6874000
8769000
10300000
8099000
10726000
11465000
7215000
7232000
8234000
8417000
9242000
8645000
8035000
8445000
6973000
5725000
19923000
6769000
7485000
8547000
8499000
7625000
11091000
7950000
9413000
9113000
11453000
11446000
8779000
8146000
8537000
8890000
9921000
6939000
8301000
8905000
6536000
5706000
19224000
4497000
6330000
5343000
7195000
9419000
4741000
5913000
6432000
4628000
4684000
6662000
4392000
6133000
4939000
8288000
8575000
11419000
9934000
16164000
10492000
9098000
9842000
6758000
14572000
8931000
5504000
8642000
9536000
29152000
22196000
16466000
14566000
8337000
10011000
14254000
18890000
10532000
10591000
6845000
18235000
10142000
6105000
17028000
10222000
5385000
6943000
9945000
7721000
13830000
11178000
7485000
7443000
9481000
8283000
6403000
11668000
6663000
8911000
6485000
7688000
16194000
6007000
8504000
6446000
11219000
6525000
12120000
7729000
6130000
8633000
8221000
18201000
5742000
8160000
10379000
10812000
12573000
7407000
9508000
7878000
8269000
10356000
18760000
7885000
11993000
7792000
6252000
5457000
6434000
7759000
11199000
5685000
9088000
9370000
5776000
7076000
7784000
13840000
10290000
7716000
6912000
11070000
6540000
6838000
11453000
10879000
7108000
10552000
8740000
7663000
11665000
7916000
9656000
10337000
10846000
10320000
6486000
4989000
12172000
9598000
9051000
9010000
7016000
8527000
7627000
14886000
27726000
26600000
10195000
6677000
7921000
9031000
12702000
13311000
8129000
7008000
11471000
6825000
8931000
5945000
6221000
7705000
8003000
8724000
17684000
7073000
7739000
15278000
4927000
6058000
7115000
4558000
4397000
6452000
8064000
6132000
14567000
8515000
10208000
9727000
12197000
10503000
10988000
6844000
7788000
8960000
13745000
10382000
8271000
9906000
15437000
11217000
9158000
15938000
8384000
14369000
7481000
9923000
10183000
14248000
11126000
6525000
9651000
8909000
7178000
16543000
8427000
9153000
15844000
6096000
8390000
6935000
8559000
7932000
6656000
6494000
17243000
9571000
19613000
5982000
7167000
9541000
28510000
9285000
8417000
7084000
6119000
15899000
6949000
8574000
8233000
7640000
8542000
7318000
7663000
22661000
7363000
10553000
9936000
5640000
10133000
7857000
8220000
7541000
10064000
16831000
8073000
7748000
17385000
10315000
6121000
7642000
10766000
8431000
9834000
14880000
8784000
13132000
10920000
10153000
6882000
6744000
11414000
8512000
11692000
9450000
7995000
8028000
13547000
7021000
9371000
5131000
7096000
7888000
6307000
8501000
9787000
10686000
6943000
5890000
15877000
8173000
10977000
24521000
17662000
13813000
8153000
9883000
21656000
8200000
7435000
10398000
5128000
10690000
13730000
6828000
8313000
9617000
8393000
10820000
23890000
8022000
10232000
13560000
7884000
7773000
12645000
6786000
10315000
6745000
7129000
6627000
6912000
6164000
25791000
18774000
7333000
9244000
7880000
6694000
5851000
9802000
8987000
13613000
10590000
5767000
5891000
27464000
10438000
12107000
7174000
5437000
8720000
14739000
6352000
6312000
12866000
7127000
6918000
8600000
5729000
5281000
6525000
29659000
9479000
8712000
13301000
7859000
6029000
7327000
6978000
10269000
12304000
12293000
9029000
6748000
12982000
11709000
9574000
6939000
7478000
7358000
7302000
9012000
16663000
9001000
6403000
10202000
12881000
11346000
6439000
6231000
6594000
6158000
4434000
10152000
14325000
9640000
11196000
8407000
5907000
7432000
10061000
11745000
6208000
7779000
15748000
6613000
8326000
8711000
12560000
7264000
7518000
5963000
6767000
8634000
7374000
13123000
7423000
6811000
12845000
14310000
7846000
7269000
8137000
5715000
7542000
5294000
6653000
18886000
5501000
5444000
5522000
7520000
7616000
5282000
9890000
6645000
10501000
34146000
6740000
5087000
6276000
6923000
8035000
5510000
6721000
5720000
6722000
8222000
5819000
7116000
11601000
8918000
10454000
7651000
11991000
5582000
7160000
8196000
8694000
6475000
6929000
5141000
9987000
10353000
5166000
6473000
10663000
9526000
8290000
9523000
4828000
4448000
6877000
4335000
4292000
7426000
9483000
10096000
7097000
4910000
8393000
7870000
6816000
8268000
7045000
5669000
7671000
5366000
10136000
17457000
5644000
6097000
10393000
10975000
6977000
6559000
6008000
5756000
9592000
5652000
7066000
12952000
7909000
5548000
5510000
8220000
8747000
5494000
8365000
6825000
5695000
5328000
5907000
6755000
8230000
13367000
6899000
6203000
7536000
20974000
15099000
15692000
5427000
5452000
7102000
12075000
5943000
5642000
5550000
12907000
5888000
7273000
5753000
7343000
6493000
5034000
6119000
13367000
5934000
28785000
8194000
5837000
7444000
10134000
10898000
6223000
5040000
5242000
12046000
6997000
6241000
5525000
8037000
12329000
38700000
5429000
16967000
6285000
6524000
5465000
8549000
11023000
6449000
8513000
6573000
6910000
7074000
5678000
12262000
9110000
7064000
8895000
5589000
12562000
6328000
5371000
5569000
6299000
5530000
8972000
4988000
8323000
11315000
9899000
6132000
6650000
8582000
9974000
8543000
5387000
5464000
5450000
7116000
5322000
5329000
7983000
13372000
5333000
5595000
5433000
7448000
11946000
12645000
4563000
4641000
4340000
6284000
4907000
5139000
8792000
8775000
5245000
5933000
6314000
9828000
8689000
5307000
9028000
5277000
6880000
6899000
7852000
7148000
10482000
6641000
7295000
5185000
8273000
9824000
5294000
9514000
5481000
5355000
5744000
7367000
5345000
5302000
12273000
8013000
5840000
7141000
8527000
10359000
6797000
6314000
4863000
5567000
7289000
5955000
5960000
10253000
17840000
7492000
8114000
10514000
5092000
5343000
5099000
5274000
6642000
8498000
6807000
10954000
7145000
8244000
7796000
5970000
15333000
8012000
9759000
7798000
8096000
7690000
6804000
8726000
10895000
8746000
4524000
4430000
14113000
5024000
4689000
6941000
5620000
5688000
7750000
7064000
6769000
16468000
12636000
4666000
9040000
8801000
8959000
7713000
7334000
7518000
4460000
4942000
13295000
12699000
5922000
7821000
8358000
13579000
14070000
7085000
7749000
6409000
6037000
7648000
6745000
7626000
5976000
5446000
4345000
8100000
9337000
6682000
6654000
4096000
5604000
4388000
4510000
5629000
4219000
4397000
10779000
10249000
6646000
17584000
8127000
11295000
5779000
7934000
6779000
7043000
11824000
13218000
8000000
6886000
16779000
7607000
11052000
7880000
7731000
6210000
5954000
11037000
9775000
7943000
16029000
11627000
7229000
7042000
8635000
9358000
5669000
6978000
10025000
12347000
7868000
10297000
11674000
6121000
13289000
7841000
9391000
6762000
10014000
13027000
6444000
6494000
13711000
6911000
6998000
7359000
29956000
10932000
13267000
6803000
8480000
14401000
7763000
9321000
8023000
8385000
7613000
6342000
10310000
12947000
6767000
8121000
11286000
5753000
7769000
8668000
6878000
9384000
12011000
17776000
8523000
5742000
11297000
14964000
10517000
8134000
5743000
7902000
9050000
11209000
8512000
6590000
7496000
9766000
10866000
9469000
6903000
8262000
7123000
6521000
5515000
20050000
8037000
7938000
16642000
10511000
8333000
7019000
8456000
8992000
7764000
17064000
9604000
6419000
14438000
7050000
6495000
6884000
5703000
6567000
8146000
5437000
10799000
11844000
7625000
7848000
14760000
8236000
11654000
6012000
10671000
5297000
7119000
10776000
7835000
6306000
6053000
8296000
20023000
8641000
10112000
8277000
6302000
6845000
16689000
6881000
7763000
17855000
7534000
13620000
7622000
11725000
8258000
11134000
7724000
9251000
7117000
11846000
10605000
8307000
6313000
9699000
7994000
5956000
8411000
15730000
6974000
6663000
11202000
9710000
10638000
5377000
7516000
8936000
8599000
7012000
17600000
8765000
7662000
14286000
7519000
8355000
6450000
5881000
8696000
6793000
18474000
21819000
15655000
16627000
9592000
8759000
8439000
5980000
19135000
7448000
7560000
11990000
7077000
10184000
6049000
9225000
7618000
7006000
9318000
17190000
8874000
7482000
8853000
10113000
11607000
8010000
10670000
8900000
24932000
10455000
11711000
9794000
7860000
9707000
7731000
8296000
8693000
8203000
15738000
7870000
7146000
8444000
11326000
5823000
7321000
7199000
8628000
6177000
4622000
4364000
8623000
6798000
10707000
7663000
6185000
11633000
4776000
10069000
5840000
7505000
4713000
4915000
5733000
7215000
12157000
7869000
8606000
5124000
9813000
8809000
8488000
6308000
4587000
4649000
6431000
7936000
7534000
14161000
7385000
32816000
13467000
9178000
8173000
7012000
7747000
12212000
9816000
7981000
6651000
13219000
9758000
11301000
6969000
7780000
6679000
5395000
9543000
10942000
5729000
5598000
5684000
6588000
8067000
4250000
5297000
6296000
7862000
10345000
7051000
6294000
17863000
6829000
7446000
15291000
6986000
6553000
7551000
6641000
7388000
8508000
8263000
15252000
7604000
6836000
6855000
12312000
6790000
11016000
7636000
7535000
7397000
7651000
9414000
11787000
7042000
8859000
14934000
6809000
9456000
11491000
5784000
7829000
6552000
12557000
11155000
6639000
6436000
7510000
8544000
5068000
5259000
4908000
5064000
5069000
5108000
6113000
5021000
8222000
16828000
4965000
4881000
4515000
7567000
8193000
4488000
4476000
5845000
4650000
4785000
4886000
5899000
4569000
4866000
4810000
17942000
4887000
6899000
4891000
8373000
8953000
5750000
10499000
7226000
11178000
9392000
18238000
9148000
6590000
13473000
9198000
10368000
6186000
7520000
8348000
8729000
8009000
11625000
9759000
5114000
4636000
15513000
7951000
11641000
6716000
23092000
28666000
8603000
16181000
6940000
11010000
14629000
8148000
8163000
20591000
8734000
6561000
14377000
17666000
7057000
7355000
8232000
5430000
5588000
11453000
10786000
7898000
9053000
9163000
8800000
8153000
6418000
9513000
6793000
9049000
7964000
9960000
7063000
7770000
8164000
8740000
6432000
9744000
6740000
7726000
8816000
5601000
14936000
7489000
7928000
8059000
8185000
7731000
7739000
12684000
8998000
8808000
8950000
13358000
11379000
5884000
12074000
10370000
5457000
8427000
6794000
8130000
8337000
6627000
12115000
12162000
7857000
6875000
8091000
9468000
5611000
11215000
9180000
8435000
13012000
15819000
8420000
5850000
10277000
11432000
5536000
9819000
8292000
8493000
8096000
6603000
9204000
11016000
6676000
6965000
16905000
7897000
11366000
7093000
21350000
16508000
9426000
5254000
7043000
15241000
9871000
8428000
8187000
7542000
8006000
7963000
25471000
5948000
11723000
11721000
9445000
7812000
7624000
8134000
8767000
15212000
10614000
5529000
6444000
14343000
6781000
6534000
6643000
8835000
7058000
7374000
7287000
13795000
8211000
7872000
10700000
11352000
9334000
7949000
7695000
7538000
7445000
7555000
16372000
6842000
7958000
15927000
6328000
5367000
7093000
6331000
7524000
6508000
7747000
11168000
11039000
8782000
7609000
8951000
10235000
10194000
9057000
7513000
15729000
11288000
8148000
6983000
5840000
6710000
14219000
7924000
10677000
6555000
8213000
7492000
8948000
13370000
5774000
8425000
5953000
8529000
11401000
8683000
6644000
7978000
8267000
8410000
6393000
17331000
5966000
5639000
14459000
10789000
8164000
10065000
11782000
7927000
7006000
13195000
7183000
10217000
11269000
8918000
10947000
9710000
6715000
11041000
7030000
7909000
14979000
9054000
10991000
11323000
6776000
10973000
6058000
5088000
7937000
8167000
14635000
10273000
10838000
9747000
11367000
5465000
7510000
10412000
10368000
6872000
12319000
10947000
5385000
4605000
4817000
15237000
4795000
4630000
4818000
4997000
7962000
9739000
7815000
6472000
11908000
9379000
6975000
15660000
6987000
9654000
10057000
6916000
10237000
8696000
10372000
10155000
8173000
6737000
9164000
12033000
9375000
8029000
8051000
12097000
6010000
10146000
17205000
6612000
11190000
12473000
6492000
6804000
7063000
9359000
6336000
7548000
12667000
7816000
7406000
7773000
14434000
8580000
9617000
6805000
7948000
6822000
5544000
8662000
13374000
9784000
7678000
14487000
5158000
7396000
7305000
6733000
9029000
5994000
6707000
8508000
9810000
14358000
13103000
7552000
10109000
9711000
6931000
10628000
5441000
11685000
10937000
7579000
12656000
23442000
23302000
5817000
9954000
13995000
9139000
7059000
9570000
9366000
10807000
17358000
23512000
16983000
7972000
9431000
13459000
5442000
7026000
9191000
7639000
16000000
10207000
11533000
6397000
7952000
8844000
8900000
8761000
8980000
7643000
7235000
6785000
8389000
21416000
7109000
7909000
9104000
8976000
5254000
10662000
6748000
6850000
7353000
6663000
5786000
14676000
6973000
8015000
10813000
10193000
8268000
7867000
7886000
9113000
8001000
7940000
10603000
12378000
7935000
8349000
11129000
8682000
7971000
7596000
6574000
9100000
6996000
18724000
7735000
7393000
17622000
8760000
7146000
7502000
10101000
7681000
5813000
19339000
6441000
6065000
5389000
13624000
6780000
9797000
6729000
5655000
8373000
28036000
9835000
6323000
9309000
12471000
8792000
7032000
7926000
9913000
6945000
12241000
11266000
9198000
7806000
12475000
7636000
7673000
8138000
9324000
9185000
42445000
39196000
9810000
9791000
6470000
8882000
7414000
9876000
6327000
5361000
43062000
7492000
6572000
7386000
9499000
7741000
7455000
43720000
30886000
16760000
10876000
8849000
16414000
7119000
7636000
7383000
7924000
9392000
7650000
10102000
14903000
7115000
21553000
9828000
7782000
5508000
5394000
6684000
5543000
5826000
8997000
5881000
7778000
6988000
5508000
8255000
7626000
5577000
5135000
5104000
5064000
5979000
6964000
5248000
7356000
9695000
11262000
7207000
5551000
5410000
11254000
5302000
42063000
4913000
11822000
9497000
4905000
4794000
4890000
9908000
7342000
7972000
6699000
5169000
5387000
8809000
6675000
5547000
11433000
8111000
8125000
5429000
12671000
6744000
6820000
6127000
5520000
6140000
28110000
12352000
4924000
6458000
5126000
7251000
8952000
5168000
8625000
21693000
8016000
15933000
14935000
7235000
12579000
6893000
7962000
5223000
5203000
6367000
6251000
5468000
21735000
12393000
9680000
11626000
17794000
20966000
7733000
6115000
13886000
8187000
4332000
4545000
4664000
7712000
9593000
4502000
5526000
7735000
4868000
4853000
5841000
5498000
4895000
5031000
10486000
8770000
5671000
5512000
8478000
5662000
6192000
8108000
5528000
5630000
5606000
7989000
6416000
5730000
7819000
5649000
7154000
5132000
6216000
4993000
5604000
9153000
6398000
7436000
6762000
5185000
7441000
5496000
7708000
18885000
7303000
7523000
10198000
11287000
7045000
7762000
5917000
5468000
6901000
5439000
6478000
12753000
8010000
7741000
5405000
12307000
5550000
5496000
8747000
6741000
6438000
6961000
4965000
8277000
12221000
8550000
4892000
4764000
5500000
6454000
10154000
7801000
5628000
6373000
8574000
7468000
7339000
10021000
8440000
6873000
6768000
5588000
12914000
6814000
5875000
4796000
5565000
5381000
6756000
6416000
6464000
11187000
10307000
8479000
4963000
8325000
6055000
6911000
5967000
5584000
4951000
4899000
8118000
5662000
5479000
12463000
12258000
5279000
6904000
9776000
9645000
5061000
6671000
6918000
5431000
8290000
5136000
4683000
6763000
10157000
9853000
5423000
7175000
8157000
9163000
7725000
6097000
5620000
6311000
6268000
5826000
5448000
10974000
12499000
5504000
5649000
8678000
7501000
5464000
7583000
5158000
5027000
5337000
9696000
5440000
6970000
8703000
5981000
6508000
6466000
6525000
8476000
8448000
6372000
6543000
6285000
7729000
7666000
6661000
5108000
9076000
10771000
8615000
7728000
9273000
8923000
7878000
5813000
6911000
10320000
7611000
6360000
11801000
11637000
5585000
5557000
9265000
9888000
7495000
6412000
7862000
6608000
6372000
6386000
12246000
12744000
10029000
15600000
6919000
6838000
7900000
10099000
8445000
7218000
5214000
9530000
11448000
7882000
9005000
14407000
7766000
8655000
6899000
6997000
8361000
6184000
9416000
14323000
6739000
5729000
22156000
9379000
5749000
6842000
5495000
6022000
5949000
8147000
11971000
6861000
5556000
8289000
8837000
8757000
7137000
8134000
10525000
7697000
8691000
6164000
10651000
9802000
6988000
5567000
8382000
10404000
9727000
6750000
7562000
8748000
7979000
12731000
23150000
5915000
7792000
8370000
10209000
8075000
6560000
6961000
6446000
6561000
14439000
7926000
10085000
11480000
10050000
6100000
7778000
4861000
4849000
5639000
5674000
5421000
5304000
8740000
7822000
4623000
5317000
3941000
4207000
14568000
7826000
8473000
4846000
4797000
6065000
14312000
6230000
13923000
5403000
6268000
13478000
8309000
7541000
8616000
6405000
4535000
4413000
6306000
4781000
5171000
8902000
9965000
6552000
6038000
4762000
12584000
5856000
8472000
7498000
4920000
6165000
6781000
8074000
12003000
7574000
6800000
7304000
10035000
10209000
5840000
6675000
8075000
7606000
6963000
7257000
6508000
10364000
10264000
22521000
10977000
8877000
6913000
7425000
13306000
7960000
18029000
8814000
6572000
10319000
10214000
5456000
10095000
7820000
7987000
7539000
6696000
17818000
10216000
8056000
14951000
5920000
8656000
6880000
6745000
10097000
5310000
5773000
8804000
9721000
10467000
7584000
13900000
7827000
10227000
8140000
9635000
8411000
6886000
8929000
8712000
9579000
7602000
12769000
6991000
10369000
5981000
6610000
7566000
6941000
5821000
17234000
7510000
7995000
14601000
14418000
8273000
6813000
8940000
7181000
13957000
11203000
6762000
10420000
13999000
5506000
7859000
11089000
11512000
7892000
7524000
14933000
9281000
7661000
15326000
6900000
8669000
7772000
8390000
8896000
8334000
12015000
8039000
10050000
5055000
9801000
10629000
11985000
5587000
7044000
8252000
6955000
7218000
12233000
6099000
9623000
6594000
13376000
13044000
5505000
8595000
7927000
7150000
9097000
12500000
9376000
6772000
11739000
12986000
7398000
5754000
7157000
5049000
18906000
9239000
13824000
6740000
10603000
9886000
10323000
6853000
7753000
8653000
7675000
5698000
9878000
8553000
4823000
9794000
25131000
8643000
6200000
5919000
8198000
7853000
6533000
19300000
6757000
14708000
10122000
6912000
5756000
5319000
5155000
7738000
5310000
6806000
7834000
10876000
8210000
9236000
9790000
8703000
6947000
9485000
7621000
10690000
8067000
6722000
18737000
8313000
8182000
8082000
10847000
7081000
6218000
5794000
7409000
8753000
7611000
10703000
10135000
5154000
8033000
16931000
9210000
6310000
6957000
8656000
7283000
8345000
6088000
10254000
7910000
5517000
7422000
10040000
7562000
10763000
7735000
6984000
8246000
9065000
8713000
10390000
8372000
6682000
8879000
7487000
7619000
8317000
8267000
8718000
8510000
8274000
5538000
11210000
9713000
6806000
7008000
15406000
7023000
10226000
7845000
8377000
7203000
6978000
14926000
5512000
8155000
8074000
8843000
9530000
10641000
7016000
5406000
7300000
5321000
5243000
12182000
11116000
7486000
8347000
12919000
13763000
7130000
6509000
9592000
6793000
7973000
21926000
9616000
11232000
10315000
7609000
9455000
5181000
8895000
7750000
6348000
20152000
8521000
7822000
12929000
5938000
8972000
6136000
5846000
5750000
10431000
8135000
11911000
9493000
6016000
7864000
14837000
7938000
8046000
6637000
9141000
7499000
7382000
10957000
10755000
7997000
6768000
15053000
7421000
6789000
7530000
6381000
9067000
8183000
7708000
12220000
6328000
11215000
13237000
5837000
9988000
9795000
7776000
8865000
5545000
6451000
11453000
5589000
6339000
6335000
4883000
7817000
7428000
4586000
8002000
5937000
4775000
4821000
6963000
4695000
5881000
9493000
9947000
5478000
4873000
4979000
7661000
10991000
6474000
7436000
5549000
6399000
6610000
6344000
5160000
4687000
11610000
7776000
4396000
4705000
6049000
7911000
11572000
10239000
5530000
8039000
7160000
8104000
11948000
11819000
8307000
9049000
23508000
9595000
9898000
8717000
7373000
5621000
13876000
5781000
8993000
11839000
8655000
7965000
10891000
9142000
21194000
17589000
9159000
8204000
15098000
7272000
10302000
7359000
6953000
8348000
7018000
12422000
8254000
5506000
6267000
6972000
12081000
6486000
8765000
7495000
7732000
10142000
7789000
10200000
11029000
8252000
8651000
9553000
8130000
8515000
5654000
9248000
8774000
7790000
6186000
11683000
9207000
4933000
4621000
4593000
6854000
8021000
4744000
7644000
9156000
6944000
8825000
7850000
14876000
10175000
5318000
13182000
11922000
9790000
6637000
5833000
9559000
8353000
5729000
9603000
11455000
7809000
9023000
8988000
7459000
9126000
6172000
6901000
9886000
6291000
6412000
9066000
10761000
8322000
8105000
11835000
28607000
7005000
11665000
5500000
14599000
9882000
10533000
13382000
8892000
8922000
5820000
6688000
8312000
6621000
17992000
10267000
7500000
10774000
10005000
7873000
7738000
11028000
9583000
7354000
13726000
14177000
6482000
6745000
15256000
6758000
9472000
8956000
8166000
5995000
7816000
10751000
9513000
7448000
6649000
8680000
11121000
8525000
9332000
7905000
6978000
5604000
8830000
10364000
9261000
6828000
7117000
15455000
6376000
8257000
7088000
6560000
8662000
6872000
6780000
18462000
11060000
10151000
11756000
7944000
7794000
7097000
9136000
8860000
7512000
12461000
8752000
8273000
12978000
10394000
8585000
6554000
7890000
9550000
7254000
6505000
13510000
8201000
5509000
7909000
11908000
7603000
8113000
5395000
6878000
9365000
13302000
18019000
9390000
7387000
16911000
7378000
7031000
9416000
6496000
7635000
8325000
21796000
7925000
6717000
16175000
7825000
8052000
7722000
7973000
7285000
8049000
12319000
9481000
5480000
7660000
15852000
6816000
6755000
10126000
7419000
9573000
6608000
23602000
9744000
11510000
12261000
5475000
11003000
7654000
9936000
7660000
7168000
9999000
11679000
9476000
14957000
9413000
13085000
7515000
8408000
6885000
6754000
20714000
10402000
13848000
6342000
7097000
9636000
12252000
8208000
6821000
5841000
10857000
8632000
11880000
17153000
7284000
9206000
7444000
7547000
7142000
5960000
10147000
11189000
8529000
7669000
20979000
8018000
18992000
7283000
9047000
9239000
7000000
8458000
12197000
8596000
12479000
7699000
7674000
8967000
6860000
5451000
4433000
10515000
7091000
8489000
6199000
10501000
11424000
6776000
9592000
7972000
10012000
7628000
5592000
12074000
9395000
8362000
10723000
8999000
7839000
12269000
7196000
9725000
9027000
10237000
9672000
14273000
23028000
11177000
7262000
7859000
7263000
6975000
6475000
12815000
9906000
7725000
5802000
11232000
9031000
13156000
5985000
8148000
6931000
8374000
11774000
9803000
5986000
6683000
8204000
12703000
6720000
7824000
5598000
8407000
5304000
4731000
5328000
8057000
7241000
6162000
7282000
7005000
11592000
7461000
8284000
6816000
8879000
7093000
9265000
9297000
14103000
7996000
6454000
8845000
10643000
7816000
6031000
6774000
7501000
7071000
7363000
10813000
10628000
7044000
7110000
10159000
12150000
9531000
9440000
8097000
6582000
6667000
12072000
6964000
6609000
5863000
7926000
14992000
5566000
7673000
5507000
7572000
7616000
6314000
6243000
8535000
7081000
12198000
7934000
7299000
9107000
4786000
6086000
6030000
6941000
6829000
7677000
7878000
13257000
6716000
7078000
7980000
17527000
5629000
10105000
6846000
7757000
10241000
7988000
9325000
10108000
5340000
5587000
11051000
10077000
6506000
14585000
6849000
7877000
11341000
11986000
11007000
6611000
15149000
10471000
9419000
7626000
7814000
10928000
8037000
13194000
11652000
7918000
6786000
7290000
16663000
7130000
8706000
7395000
7510000
6626000
12778000
8142000
8024000
7320000
12641000
9078000
14470000
7080000
9669000
7632000
11559000
10968000
5648000
5494000
10431000
10665000
4778000
11693000
5012000
7187000
6447000
4896000
7005000
13770000
7845000
6804000
5322000
9854000
9717000
8869000
6964000
5471000
6948000
6076000
5100000
5499000
7104000
11249000
5413000
5974000
5481000
8634000
8346000
5374000
10132000
6605000
5602000
7862000
5171000
15177000
6889000
7913000
5603000
6550000
13138000
6186000
6797000
5444000
5578000
6228000
6787000
6446000
5635000
9407000
12076000
6012000
5664000
8662000
13092000
7122000
6475000
6723000
7595000
6031000
6883000
5592000
11184000
8641000
7287000
6785000
11186000
8007000
7192000
5567000
6595000
7105000
6656000
5372000
6668000
12862000
7203000
5522000
6761000
8869000
7529000
5335000
11221000
5393000
7193000
8232000
5141000
5564000
11537000
10133000
11573000
9483000
11161000
6534000
7871000
4930000
4918000
4533000
6135000
5232000
5493000
13120000
9670000
6805000
7158000
8559000
8599000
6354000
5294000
8753000
6849000
6880000
8472000
6018000
9566000
10484000
7947000
6205000
6899000
9812000
7485000
5566000
6419000
5468000
9000000
6820000
6866000
10002000
9800000
6049000
6273000
13400000
6544000
8071000
5381000
6412000
5377000
6975000
4974000
6245000
10116000
8146000
5568000
6560000
7034000
7337000
7645000
6907000
8347000
5497000
5551000
8760000
6218000
5522000
8562000
8724000
5945000
5238000
6795000
10136000
6203000
5053000
12503000
6843000
5445000
6025000
6648000
5635000
13387000
7049000
7457000
7138000
13457000
7015000
6543000
6941000
6717000
5408000
6552000
7228000
5453000
9655000
10096000
5721000
5853000
11698000
8002000
5414000
7799000
6344000
7433000
7440000
5398000
6628000
11566000
9744000
5414000
5397000
11554000
8844000
5035000
6471000
6511000
4864000
5813000
5974000
5330000
6579000
11508000
9336000
8005000
5613000
15092000
5683000
8772000
5364000
6477000
8525000
5834000
5397000
12183000
9664000
6830000
5060000
10147000
10313000
6683000
7268000
5355000
5241000
8531000
6814000
5355000
13655000
10183000
7590000
5706000
8696000
8809000
5729000
9125000
6353000
6907000
6447000
5379000
5259000
10528000
10879000
5571000
6741000
9262000
9223000
6275000
9458000
7171000
6174000
6670000
7661000
10311000
11190000
11676000
21784000
7296000
7005000
7685000
38022000
9651000
6683000
8664000
12965000
7367000
9487000
8307000
7340000
13935000
5829000
12014000
8769000
7350000
7893000
11270000
6463000
6729000
8832000
6352000
9943000
6320000
7432000
12486000
8228000
7006000
7946000
13976000
6357000
12366000
6127000
9152000
6663000
7540000
8593000
7511000
5498000
4706000
7290000
11121000
8643000
4681000
7702000
7830000
7990000
6714000
8605000
9679000
11348000
7679000
7281000
16120000
6558000
13494000
9451000
11992000
7663000
9084000
7150000
12360000
8565000
12376000
6988000
7442000
6222000
8315000
7880000
6558000
7018000
14086000
9512000
8008000
9530000
12415000
7406000
8985000
7893000
9455000
6811000
7775000
12682000
6626000
7195000
12187000
10011000
7385000
7789000
8033000
6780000
8489000
5663000
12207000
13146000
10070000
9886000
11731000
9098000
8075000
6527000
10802000
7015000
6788000
18296000
6917000
5922000
8177000
12207000
5745000
13582000
6964000
9516000
5456000
7762000
16651000
6803000
7847000
8138000
11977000
8150000
6722000
9582000
9602000
7848000
5406000
8279000
8558000
6096000
6964000
9560000
8425000
5667000
8592000
7727000
6768000
7970000
6786000
6022000
9834000
14401000
8869000
18357000
7042000
7440000
5913000
8021000
6984000
9856000
10291000
9700000
6873000
8941000
9577000
12813000
9413000
8961000
10555000
8062000
12936000
13527000
9079000
6105000
16758000
6653000
9584000
7498000
9341000
7357000
5693000
9870000
11099000
5549000
7567000
11370000
10827000
12074000
6165000
5509000
7488000
6440000
7060000
18363000
5655000
5944000
10975000
10970000
24879000
5353000
6465000
5380000
4825000
10561000
9375000
6327000
7602000
9779000
12760000
9774000
7721000
6773000
7849000
6706000
22990000
7049000
6771000
7333000
11566000
8520000
8491000
6683000
10360000
7654000
7862000
13386000
7192000
7814000
34129000
5986000
8829000
9846000
7901000
10959000
8334000
8655000
8894000
14698000
10471000
7126000
5716000
8067000
8975000
8033000
13278000
9692000
9114000
6864000
18285000
9121000
8743000
8993000
11316000
9044000
14013000
7146000
6901000
6829000
8801000
10330000
5653000
5636000
7141000
4435000
6604000
6249000
8005000
16790000
8693000
7916000
10488000
9236000
8907000
6952000
6873000
8922000
9916000
11908000
10230000
7146000
9594000
9524000
13027000
7868000
12285000
8262000
8547000
8862000
17898000
7105000
7740000
16734000
13309000
9852000
10421000
6812000
8657000
19052000
7831000
6154000
9294000
11527000
8924000
6646000
7581000
8460000
9014000
6232000
15997000
7484000
6870000
9272000
11485000
7134000
9160000
8700000
8085000
8040000
7322000
12953000
7283000
4500000
6425000
7431000
6224000
5581000
8387000
4496000
5928000
7315000
11160000
17174000
10776000
9437000
12515000
12564000
10445000
8721000
8226000
10759000
6701000
12111000
9028000
8246000
6838000
47919000
12346000
8223000
16385000
9122000
7781000
24815000
19450000
8386000
9197000
11335000
12137000
8077000
11847000
12396000
9403000
9173000
6369000
8901000
8888000
12066000
11492000
8729000
6272000
7919000
8775000
6054000
6804000
8320000
8436000
9323000
6772000
10874000
9465000
7687000
11330000
7033000
6799000
5462000
8916000
6282000
5448000
5322000
6059000
6495000
4851000
7956000
10881000
6926000
8252000
15662000
6638000
6839000
9516000
10391000
7126000
6847000
24420000
8368000
11298000
12182000
8463000
9494000
6993000
6928000
6505000
6600000
14254000
7808000
7221000
10798000
9663000
7639000
5744000
6629000
6361000
8282000
5908000
4683000
10240000
13843000
7210000
6661000
16405000
12202000
8366000
6350000
10439000
5331000
7356000
16061000
7761000
7952000
11323000
9146000
7318000
6563000
7207000
4537000
11172000
7584000
12406000
6806000
8244000
8113000
16636000
7057000
13561000
4530000
6006000
5871000
4260000
4202000
4192000
10417000
8197000
6180000
4828000
4788000
14391000
7939000
17993000
10033000
11880000
15727000
13150000
15421000
9892000
8617000
7510000
8811000
10549000
8052000
13731000
14485000
6410000
14834000
9152000
9935000
7065000
7925000
11096000
9157000
18327000
6193000
8081000
10110000
9063000
6769000
11143000
8657000
9500000
6285000
7038000
11662000
8809000
9311000
8652000
10180000
5484000
8235000
6632000
13190000
7798000
5478000
12207000
9964000
8024000
6823000
17557000
9994000
7530000
8116000
6965000
5544000
6777000
10668000
10655000
6254000
7581000
16967000
5737000
7337000
6886000
7274000
7503000
6473000
7279000
13130000
9500000
7003000
6325000
9627000
10933000
9319000
8065000
7910000
7717000
8722000
10477000
9292000
9469000
8527000
8164000
6965000
12121000
7017000
6761000
9221000
7106000
15207000
10649000
6631000
6778000
9340000
12679000
9405000
9360000
6912000
8533000
8361000
8908000
10937000
7152000
8777000
22746000
8321000
6867000
5312000
7256000
4540000
4472000
8212000
9613000
8162000
4789000
6097000
9338000
10522000
11948000
8633000
6968000
12893000
7944000
13326000
14511000
8035000
12101000
8634000
9454000
13242000
7201000
7710000
7676000
18167000
9921000
5489000
10216000
9843000
8088000
7414000
7708000
8056000
8765000
12069000
7738000
7127000
6751000
10344000
9201000
8756000
18462000
7813000
7531000
9275000
15788000
5689000
7746000
9316000
9286000
7043000
9971000
7696000
6761000
8561000
7570000
45782000
12215000
6891000
8797000
6920000
7649000
6398000
4690000
10210000
15461000
5521000
7631000
14018000
9041000
10187000
7637000
11333000
8003000
13655000
8777000
7086000
8011000
8720000
10252000
10394000
8221000
8979000
7819000
6032000
13205000
11267000
6268000
6902000
8988000
9696000
7056000
10879000
7327000
9259000
6953000
6884000
8768000
9966000
9400000
13099000
13966000
8945000
8488000
6423000
7057000
8187000
7398000
13495000
13696000
6466000
9025000
9661000
6058000
5154000
5044000
5431000
4997000
6365000
6099000
6307000
11368000
6624000
6673000
6017000
7865000
10664000
4327000
9431000
8152000
6846000
7582000
8736000
10503000
7342000
6291000
6769000
7324000
15828000
8513000
11304000
6782000
11249000
5804000
6419000
15516000
5245000
11103000
8597000
8845000
6387000
8067000
12311000
9858000
8082000
11921000
12742000
8834000
11029000
12063000
8659000
30708000
18394000
9270000
7854000
5417000
10419000
30270000
19986000
22757000
7476000
5784000
19122000
31609000
12293000
15508000
6848000
8872000
6358000
7796000
12989000
7626000
8537000
7221000
16482000
7420000
10855000
10421000
5309000
5632000
6170000
15792000
7569000
10217000
7306000
11321000
8769000
10264000
11917000
8302000
7047000
12274000
7807000
11294000
8259000
6497000
9939000
5538000
15331000
11322000
10067000
9777000
9454000
9981000
7815000
8631000
8342000
6793000
6297000
12209000
9573000
7906000
9956000
9537000
5448000
5665000
6318000
7897000
4775000
6837000
5632000
4610000
7398000
6443000
8492000
6543000
3843000
3877000
7494000
10143000
4975000
5218000
4599000
4476000
4961000
4729000
4839000
7274000
5876000
11228000
11022000
4954000
5050000
6781000
11159000
6172000
6792000
4745000
8115000
6673000
4593000
7172000
4767000
9952000
8345000
5503000
6844000
10127000
15919000
9964000
6999000
5876000
6518000
5703000
6952000
10971000
8656000
9725000
10484000
8938000
11838000
14472000
7468000
5930000
6056000
10182000
10085000
5693000
7689000
9662000
11263000
9221000
6710000
5631000
7050000
7461000
9382000
11215000
10763000
7937000
7947000
8497000
8864000
8900000
9885000
6057000
8492000
8181000
11861000
8050000
8393000
7868000
11401000
12744000
7364000
6943000
6789000
8169000
6470000
6601000
13388000
9272000
7992000
6708000
13339000
6430000
5351000
6494000
6247000
4883000
7122000
4535000
8482000
13064000
8329000
5768000
5382000
11763000
10698000
8435000
7034000
7169000
7570000
5602000
5400000
22376000
32028000
38323000
19943000
21869000
6762000
10409000
4753000
5393000
9296000
5850000
7685000
6729000
7004000
14376000
10936000
5630000
5424000
5460000
11075000
7574000
5710000
5921000
8601000
5999000
6060000
7734000
13333000
23517000
81096000
8916000
12045000
8090000
9886000
5770000
14253000
7171000
8868000
9139000
10471000
11435000
5537000
5546000
7382000
6799000
9344000
8418000
10141000
5515000
7604000
6215000
5720000
10271000
9083000
6082000
5171000
8036000
6737000
9879000
7787000
6067000
6311000
4635000
6175000
6160000
7261000
14436000
13367000
5765000
9275000
10076000
8317000
5650000
10274000
11297000
5561000
5310000
9852000
9390000
5419000
6936000
5498000
9600000
9384000
8666000
7236000
5274000
7709000
5025000
7135000
11314000
8697000
9155000
5249000
9818000
10836000
5643000
9383000
8879000
8155000
5744000
5117000
10548000
13894000
6246000
7238000
16559000
4886000
11318000
6409000
6106000
5728000
4811000
19384000
21438000
5142000
7699000
10294000
9663000
19787000
13012000
5690000
10940000
7895000
5180000
7286000
8948000
8811000
5161000
9126000
4878000
16823000
7343000
10035000
16619000
7183000
7486000
7292000
10165000
5704000
6879000
6038000
5507000
6623000
8536000
11584000
5995000
8695000
9412000
6735000
18210000
5762000
7937000
5350000
10904000
6000000
5447000
11038000
9794000
5769000
5489000
6844000
7663000
8262000
11175000
6355000
6243000
8344000
9057000
7928000
16323000
8385000
5424000
8818000
9409000
4851000
4845000
5638000
4686000
7152000
6044000
5304000
8788000
6575000
12591000
4719000
5398000
23356000
11969000
7000000
4471000
5782000
10967000
4708000
4681000
10266000
7443000
4743000
4960000
4584000
9355000
6288000
6985000
6752000
6027000
4724000
4417000
5199000
6416000
10043000
11814000
6473000
4823000
4695000
6890000
6104000
13758000
10944000
5960000
4717000
8726000
7988000
5352000
13898000
7211000
7123000
4752000
8194000
15421000
5342000
16854000
11465000
6290000
10136000
5230000
5947000
5773000
5802000
5326000
6296000
9541000
5082000
8973000
5441000
6282000
5735000
7182000
5990000
9274000
17473000
6171000
19521000
7005000
5611000
5806000
6969000
5020000
5260000
5935000
4751000
12926000
7928000
6587000
5517000
9209000
10712000
8786000
11168000
6833000
11890000
8546000
16145000
12807000
7311000
13180000
8770000
10079000
8013000
6592000
6346000
5406000
8231000
13359000
13140000
14756000
7104000
6754000
12798000
9800000
6152000
7169000
6854000
18305000
12529000
11728000
11528000
6760000
8134000
5698000
12317000
7311000
16303000
11266000
5431000
5621000
12402000
13071000
5317000
8663000
7643000
7910000
9544000
16452000
15458000
10361000
14829000
13464000
5775000
13660000
36050000
6900000
9809000
12918000
7812000
7301000
7404000
10662000
8035000
10975000
12842000
11232000
10554000
10052000
10839000
8496000
7753000
9530000
7208000
11064000
12864000
21744000
14652000
14241000
5326000
6866000
7761000
7568000
12103000
10796000
9094000
6728000
10885000
9225000
8468000
14049000
8625000
8939000
19051000
8886000
7930000
8846000
11534000
8367000
11097000
10668000
10938000
16631000
10305000
8992000
7783000
6792000
9960000
6885000
7388000
9296000
7013000
7796000
9261000
10623000
10892000
7005000
11096000
9413000
6932000
11353000
11106000
8167000
9485000
13006000
11560000
5802000
7007000
9086000
7573000
13178000
9088000
8532000
12547000
9355000
12394000
7105000
9173000
10494000
6752000
5281000
9746000
4843000
4531000
7549000
7441000
6948000
12594000
9564000
9492000
5269000
8239000
9452000
6547000
5566000
6201000
4944000
9371000
5245000
6499000
13231000
9025000
6213000
5320000
15143000
8750000
12615000
9817000
11310000
8180000
12614000
9283000
5209000
5001000
5056000
6880000
9493000
7026000
10330000
8620000
7815000
7083000
6462000
13904000
6099000
8003000
7505000
8098000
9293000
7051000
5774000
5487000
8408000
9090000
9250000
14610000
7986000
7620000
11411000
13061000
9760000
6125000
6476000
7224000
6924000
5226000
13796000
10835000
5264000
9572000
13558000
8370000
8412000
7335000
10642000
10269000
6079000
18470000
5671000
8209000
14706000
5498000
6552000
7172000
7126000
9357000
7013000
6652000
16147000
9621000
7695000
16269000
7801000
9065000
8615000
7268000
7783000
9057000
18896000
7456000
7421000
8503000
12231000
8560000
8524000
10762000
9730000
5452000
5327000
11697000
8081000
9959000
9924000
10209000
5900000
15667000
7532000
10151000
6854000
13623000
11785000
6767000
6694000
7198000
10600000
7685000
8285000
8010000
7645000
6800000
7835000
14133000
7627000
6963000
12057000
11188000
9762000
7988000
8783000
8741000
8350000
12824000
11528000
6426000
5917000
10492000
7819000
9031000
27618000
9950000
18751000
6114000
7816000
10870000
12044000
7452000
7794000
8745000
9596000
7014000
5790000
10765000
8574000
8682000
5638000
13895000
7866000
9163000
8765000
6698000
6964000
5581000
10890000
7462000
8683000
7088000
7174000
6954000
12899000
7140000
6771000
5541000
8165000
9388000
7599000
11511000
15137000
8571000
8377000
8424000
8226000
5292000
5716000
6076000
9659000
5141000
5278000
11303000
8391000
6853000
7842000
8558000
11487000
6063000
9034000
5620000
8749000
7236000
6206000
10454000
9872000
6178000
6036000
5402000
15898000
14107000
10589000
7777000
4962000
4503000
12541000
11125000
4825000
6026000
4210000
15151000
6458000
8549000
4936000
5809000
4709000
6693000
5997000
6319000
12358000
19055000
19637000
7510000
9275000
6366000
5202000
6218000
4549000
4689000
6037000
10408000
9093000
7304000
4498000
8865000
10748000
8979000
6351000
4581000
6572000
6381000
6939000
4962000
10638000
10615000
4940000
4809000
7500000
7223000
6743000
5478000
7687000
6371000
4562000
4546000
5017000
4601000
4867000
4573000
12590000
6355000
4820000
6036000
4916000
7749000
10292000
4748000
5759000
6052000
6280000
8734000
4575000
6309000
9114000
7272000
10419000
6280000
4367000
15114000
6044000
6706000
4501000
5045000
6296000
6844000
5081000
5282000
5197000
14581000
8013000
8771000
8507000
11623000
10906000
5831000
6582000
6050000
7200000
7733000
10081000
9615000
5909000
7489000
9296000
10923000
5788000
11534000
7069000
8646000
6540000
5812000
10569000
10660000
9119000
5318000
9815000
8207000
6832000
11398000
7951000
8081000
6827000
8071000
10643000
9548000
10025000
11584000
10398000
6676000
6684000
7479000
6595000
8463000
5470000
6699000
12767000
8163000
6066000
7887000
16609000
10077000
7218000
9890000
29025000
12906000
9638000
17405000
6467000
8260000
6846000
8315000
7757000
8154000
10254000
13410000
9507000
7627000
11771000
6551000
6121000
5530000
5625000
5214000
6654000
12673000
7950000
12313000
7144000
12589000
18536000
5663000
4524000
5521000
5789000
7187000
6099000
5369000
9448000
12595000
6773000
9511000
8955000
8106000
5749000
32466000
8497000
10325000
13583000
7640000
19157000
6652000
7701000
5556000
6800000
9456000
14547000
9553000
8652000
9015000
7424000
8835000
12121000
7352000
8103000
6824000
8097000
6938000
6860000
17432000
7345000
7462000
17804000
5531000
7036000
8356000
5870000
9290000
6610000
13718000
10411000
10173000
6997000
10262000
10944000
8276000
6320000
5279000
5148000
7429000
6802000
8300000
7881000
9394000
5559000
7437000
19525000
6775000
5275000
4638000
7952000
7892000
5470000
7243000
12783000
8409000
8778000
10019000
12051000
6656000
7259000
6849000
6716000
9523000
6486000
11676000
9768000
8756000
6444000
13114000
6966000
7020000
5886000
6700000
9793000
6551000
7033000
16129000
13661000
5724000
12297000
6885000
9749000
7363000
6724000
9458000
8810000
10111000
13470000
8924000
6653000
8666000
9480000
7112000
8013000
7713000
11485000
12473000
9606000
7769000
15000000
30176000
11768000
5809000
18932000
10737000
12480000
8904000
6468000
13254000
7681000
7833000
5560000
8071000
8846000
5256000
5692000
11654000
9783000
5900000
7153000
15106000
14049000
16674000
18637000
19562000
6335000
24844000
7119000
13867000
7080000
8090000
7910000
6650000
19316000
7294000
6678000
15852000
7894000
9117000
8944000
19169000
12406000
9276000
6803000
8556000
10183000
14997000
8856000
6932000
8628000
6954000
6406000
5280000
18860000
6936000
7938000
17992000
6914000
6981000
5846000
5841000
5156000
6425000
6424000
4994000
11622000
8713000
7463000
5920000
14370000
11951000
10096000
5491000
11197000
5671000
4790000
10689000
5264000
8364000
5881000
7061000
11733000
5332000
8486000
10381000
26956000
12347000
8812000
5501000
20952000
5219000
5425000
9079000
5983000
6186000
5472000
6037000
10261000
17074000
6804000
5169000
9532000
12916000
7987000
6997000
8259000
4895000
6121000
4337000
4578000
10639000
9954000
5775000
7277000
4166000
7405000
7511000
22245000
14118000
5756000
5850000
10213000
7259000
5095000
5874000
9032000
13334000
12148000
6991000
8334000
9304000
7888000
13202000
8069000
6474000
6072000
7179000
15615000
8894000
8157000
5614000
6918000
9334000
7858000
14407000
8459000
6980000
13522000
13960000
9796000
7711000
7010000
10104000
7671000
8022000
10022000
7489000
6390000
9609000
13682000
8351000
7879000
10407000
8519000
9193000
14642000
8183000
9624000
17203000
6613000
6029000
9027000
5594000
10022000
10775000
11688000
7812000
6678000
5641000
6527000
15973000
10608000
7491000
17533000
9797000
11117000
10331000
6427000
9742000
18512000
6711000
6932000
8759000
8470000
5787000
8852000
8764000
5307000
7623000
5872000
5872000
7619000
9322000
5617000
4944000
6397000
5772000
6876000
15704000
10323000
13720000
5742000
4918000
9381000
9942000
5522000
16114000
22708000
29021000
11020000
42950000
8097000
31727000
12408000
5847000
8893000
13084000
8422000
29433000
5877000
13090000
8841000
6692000
6840000
8508000
8929000
9263000
8752000
5681000
9038000
7064000
7140000
12122000
8502000
5414000
6108000
9957000
10336000
7505000
5492000
6920000
5738000
6305000
5314000
7099000
9639000
7892000
8516000
6927000
4777000
6796000
8269000
5284000
7913000
12068000
5140000
6624000
6725000
5741000
10605000
8815000
7043000
5117000
7588000
9661000
5121000
7283000
4876000
6596000
5017000
7354000
8180000
5186000
11016000
7605000
5527000
5316000
10866000
6254000
8202000
8028000
5263000
5408000
8666000
5283000
8726000
13467000
10296000
6932000
19193000
17120000
9482000
6779000
7862000
6365000
11171000
9239000
5361000
6709000
5486000
13161000
7598000
10144000
18777000
7105000
7127000
11984000
10533000
7638000
5461000
14132000
6695000
6050000
6822000
9299000
6944000
14790000
19601000
7119000
5356000
9380000
10004000
6633000
7188000
6838000
6571000
8260000
5210000
8266000
11420000
8618000
4752000
4568000
5617000
6169000
10554000
4238000
7345000
5348000
7134000
6682000
6261000
5101000
10310000
10967000
5921000
5273000
4664000
7045000
7919000
7231000
7793000
4551000
6030000
4339000
6321000
4975000
5209000
5526000
9816000
9163000
6894000
5066000
16096000
6614000
5773000
7332000
5221000
4780000
7034000
5679000
6540000
8912000
10276000
5289000
5549000
7232000
6698000
9037000
4976000
5962000
5387000
6901000
6755000
6480000
6690000
11296000
10094000
7037000
7041000
8831000
9247000
10167000
5858000
5686000
6589000
7267000
6428000
4880000
14083000
10871000
5652000
5282000
17807000
9532000
5187000
5802000
7387000
9211000
5531000
12868000
9680000
7280000
7068000
9042000
9501000
6249000
9892000
5259000
5330000
8828000
9233000
5428000
15871000
6474000
6504000
11513000
10821000
9822000
6327000
5478000
5624000
7943000
5000000
5620000
12678000
8660000
5431000
6422000
8250000
9201000
5648000
6915000
5405000
6006000
5852000
6387000
6371000
5283000
11973000
9488000
5710000
7620000
8481000
12641000
10584000
7373000
13268000
6401000
6801000
9445000
13095000
7850000
5807000
11402000
6872000
8065000
6814000
5253000
10766000
7657000
13868000
9925000
7808000
6656000
10717000
9764000
8733000
7954000
10057000
11331000
15721000
12230000
8028000
7104000
9352000
11449000
9568000
9429000
6886000
7418000
7689000
13771000
8250000
6985000
6610000
10574000
10266000
7179000
5314000
7784000
6656000
8405000
6319000
6218000
16599000
7632000
7597000
14058000
7169000
7324000
6821000
6943000
8073000
6845000
5866000
12867000
13009000
5733000
5345000
8038000
8177000
10800000
51995000
203242000
202471000
202691000
207224000
200139000
207003000
206543000
205757000
204058000
204042000
206037000
199501000
205508000
207115000
205093000
204404000
205193000
203492000
204032000
202450000
205141000
203983000
204534000
201642000
210701000
201731000
205590000
204376000
206592000
204480000
201989000
203938000
204037000
207681000
201759000
204114000
208079000
201495000
217045000
191027000
209011000
209685000
197817000
202807000
207834000
201593000
203167000
204943000
208297000
103059000
17569000
19408000
7854000
7826000
8171000
6869000
8576000
8104000
23256000
12108000
9122000
7554000
6442000
7125000
8017000
7107000
6797000
7286000
6589000
19907000
7882000
7494000
15553000
7201000
11710000
7723000
8096000
7388000
6438000
15884000
11090000
7297000
8197000
12621000
6304000
10781000
7501000
10319000
5870000
5834000
15824000
9770000
7321000
8466000
10142000
7508000
7076000
6364000
8045000
6787000
8435000
20648000
7199000
6671000
12899000
8603000
8066000
12326000
7253000
13317000
10088000
8455000
9287000
6109000
11319000
9788000
7635000
11815000
5660000
6927000
7066000
6208000
16670000
9283000
8941000
9478000
15169000
7809000
5737000
7936000
9563000
6812000
7109000
14623000
10154000
9318000
10202000
9885000
8284000
7660000
7694000
7674000
8464000
13197000
11642000
7656000
7302000
10094000
9036000
7091000
7471000
9050000
7561000
6951000
8203000
14019000
7328000
8424000
9144000
13575000
10306000
7813000
5597000
8274000
7719000
7994000
10709000
8712000
10172000
10954000
11717000
9145000
9926000
6532000
10003000
6629000
12030000
10640000
8055000
6861000
65917000
13139000
9011000
7126000
6937000
29555000
16055000
8433000
6742000
9781000
13363000
10895000
12509000
12094000
6909000
6854000
8058000
10104000
7081000
11053000
14401000
7908000
9336000
7349000
8086000
5987000
6098000
5717000
8586000
8051000
6551000
7101000
12103000
9098000
8066000
8486000
11923000
6804000
7451000
6447000
6612000
7832000
6743000
6039000
8390000
6182000
5929000
6371000
4517000
11672000
10882000
6915000
7196000
7854000
8740000
8567000
6975000
19999000
6825000
9483000
15596000
8189000
6990000
7739000
8595000
6431000
6805000
12034000
12148000
9648000
9919000
11402000
8430000
6757000
7554000
8445000
7593000
8767000
11345000
9402000
8349000
20518000
8186000
11527000
7254000
7679000
7835000
7967000
13021000
9387000
9280000
17058000
7778000
8548000
6210000
11848000
6795000
7953000
8097000
8709000
6705000
7288000
9368000
16164000
7309000
9128000
8072000
7441000
6054000
7254000
15501000
6508000
8134000
10137000
12851000
8025000
9598000
8686000
7437000
9167000
10674000
9315000
6249000
5763000
4364000
8854000
6398000
7221000
4474000
4633000
4600000
7874000
6285000
7537000
4890000
13408000
10223000
5479000
6458000
9328000
10004000
7984000
9553000
6985000
7753000
7787000
12957000
11769000
5703000
6864000
9303000
11368000
10471000
8054000
7855000
13439000
9167000
13442000
10826000
18747000
10419000
10718000
8832000
12018000
7004000
13602000
11315000
6243000
8218000
13010000
11342000
11917000
10254000
10405000
8875000
14126000
8316000
7146000
11168000
12545000
8859000
7655000
6308000
8704000
6862000
6958000
9216000
10818000
8241000
6666000
14088000
7772000
12507000
7024000
8417000
5588000
6649000
10059000
9040000
9692000
7892000
15095000
7887000
9177000
9692000
9405000
6510000
5438000
14795000
10593000
5922000
6014000
16487000
11404000
7618000
6753000
5917000
9019000
9220000
13579000
7778000
7622000
5675000
10136000
8235000
11833000
8802000
7200000
9597000
7807000
10179000
10632000
7135000
6684000
10605000
7938000
7327000
7306000
5087000
7009000
8993000
7446000
12052000
10223000
5944000
20522000
27631000
8360000
7987000
6653000
9465000
7223000
8358000
6736000
6218000
15677000
6953000
6071000
7899000
7297000
8540000
24062000
9511000
6847000
7600000
12194000
9113000
28048000
12805000
13254000
9756000
7667000
8939000
10920000
7829000
8575000
9648000
10388000
7175000
16243000
11134000
8435000
5860000
9408000
8569000
9461000
10328000
10945000
7164000
5675000
6080000
17724000
8044000
8009000
12320000
7466000
5791000
7199000
6499000
6024000
7659000
5308000
5428000
19560000
5332000
8108000
9740000
10483000
7061000
7298000
6362000
6631000
7299000
7305000
4970000
11529000
9156000
4848000
4734000
4694000
6424000
10525000
9656000
7434000
6542000
9210000
5466000
7074000
18485000
10209000
7259000
16563000
9108000
5743000
7776000
6608000
7694000
7008000
9309000
14092000
5648000
7062000
8420000
9437000
7957000
9513000
7474000
7002000
7103000
5797000
5419000
10553000
8158000
4811000
6506000
19928000
10495000
7989000
7785000
8416000
5159000
16708000
10831000
7380000
9395000
11780000
7433000
11737000
7133000
6497000
9731000
7634000
14198000
7855000
10888000
9752000
12745000
8729000
6169000
7053000
13484000
7361000
12576000
14317000
6849000
11481000
10512000
7435000
8416000
8004000
9669000
8494000
11605000
8819000
5803000
7106000
6009000
14164000
6883000
8196000
6667000
8011000
10510000
5501000
5565000
12938000
6603000
7251000
5467000
10327000
7782000
7093000
8094000
6806000
7437000
6134000
11895000
20692000
8047000
5729000
13801000
5634000
10999000
6076000
8054000
11348000
8101000
12743000
9777000
8435000
10685000
9577000
7435000
11432000
6335000
6942000
7989000
20341000
7778000
9667000
21794000
5422000
9034000
8003000
7394000
6995000
6632000
6194000
13338000
9658000
7606000
9541000
8325000
6044000
6177000
7574000
5698000
10316000
5808000
6384000
10991000
10577000
7622000
7832000
15015000
8236000
7620000
6374000
5773000
7648000
7141000
6972000
12891000
8270000
5376000
9632000
12302000
6863000
8299000
7754000
7598000
7411000
5472000
8389000
20166000
24766000
7638000
9162000
12558000
5890000
8301000
8113000
12817000
7839000
7549000
5581000
11025000
9392000
9321000
7030000
8852000
9020000
10005000
9559000
11678000
4931000
5741000
6065000
8342000
8677000
9213000
4309000
5546000
7094000
8135000
10535000
11396000
8389000
4502000
5549000
7291000
6675000
7072000
6918000
10061000
5277000
6968000
8927000
5877000
8264000
17516000
5539000
5628000
5857000
7439000
9226000
5794000
9686000
6020000
6107000
8985000
5412000
10588000
13104000
6231000
6990000
8537000
8396000
7555000
9894000
5630000
8836000
6303000
5729000
5657000
18739000
8960000
9000000
6922000
8176000
9442000
6829000
7402000
8229000
9536000
7628000
11389000
10944000
9594000
12149000
7009000
8879000
5576000
7524000
6927000
7427000
8146000
19773000
7267000
8575000
16585000
7959000
7885000
13533000
8587000
6400000
20891000
8159000
6374000
14336000
7817000
6332000
8776000
5921000
5572000
11399000
8555000
23037000
8413000
17788000
5232000
7968000
9467000
5502000
7850000
5989000
10160000
16076000
10638000
5600000
8343000
8913000
8173000
7244000
7243000
6905000
7565000
6271000
6939000
15900000
7006000
5611000
5882000
11358000
8563000
8592000
6663000
7886000
5984000
9985000
9333000
16445000
6211000
6654000
13575000
7461000
10923000
7914000
7456000
9082000
6313000
14612000
10032000
6666000
11514000
11917000
10049000
6493000
6333000
9113000
5078000
5846000
4702000
11287000
9137000
6336000
7140000
15289000
7518000
11163000
5949000
7045000
7769000
8283000
9878000
10312000
7341000
7678000
11559000
7690000
8496000
5836000
8565000
8708000
7200000
5585000
15869000
8027000
7824000
6964000
24383000
12706000
35117000
11954000
5885000
7522000
12460000
7694000
5447000
12921000
5844000
7637000
5671000
5479000
10107000
10138000
5994000
5200000
13960000
10323000
7097000
28331000
6655000
13830000
9780000
7778000
8776000
10514000
8083000
9046000
6984000
8660000
11795000
5842000
13205000
8946000
7910000
8857000
14720000
7363000
10550000
7449000
8826000
10673000
23108000
22295000
16886000
6134000
8217000
8258000
7895000
8105000
21764000
5877000
7391000
9026000
11624000
6838000
9327000
7852000
7558000
4979000
5976000
18006000
12212000
7583000
10870000
7797000
5243000
7540000
9910000
7156000
7037000
6914000
12098000
10467000
6029000
4467000
4605000
14986000
4613000
6044000
6249000
5171000
8592000
6998000
5279000
5131000
10039000
11021000
6126000
5355000
9805000
8079000
5219000
5998000
7718000
5658000
5350000
6945000
6973000
6473000
13164000
8114000
6567000
7076000
15416000
6502000
5915000
5267000
5219000
6289000
6758000
5456000
6729000
16890000
6623000
5883000
13060000
9793000
36670000
20314000
10716000
90950000
11355000
5020000
5467000
5385000
8882000
11238000
8504000
5590000
5913000
5243000
8119000
6637000
5871000
10885000
7471000
7145000
6028000
14817000
5191000
6899000
5234000
5257000
6924000
6649000
5383000
5335000
8488000
7009000
10728000
6674000
16644000
6426000
5607000
6915000
5978000
6891000
8476000
5433000
6789000
13873000
8096000
6660000
5344000
13871000
5708000
5172000
9582000
5939000
5953000
6869000
4972000
6704000
11850000
7700000
7514000
7982000
14638000
6159000
5377000
5142000
5421000
6473000
6689000
6755000
5978000
9830000
13964000
8315000
18374000
8751000
6816000
5927000
5352000
5085000
9785000
5375000
9293000
14061000
5502000
7376000
8262000
8992000
5608000
8002000
5451000
5530000
5538000
6684000
4368000
4700000
4595000
14787000
4862000
4698000
4919000
9105000
7553000
6038000
6587000
6330000
6046000
4325000
6182000
5703000
6321000
4540000
11676000
8452000
6063000
6365000
9552000
6079000
4662000
8704000
4333000
4140000
4314000
4449000
5552000
4467000
5114000
8400000
19322000
27948000
5603000
5500000
5365000
8509000
6678000
7818000
6842000
8849000
6328000
6828000
6430000
6647000
13652000
26443000
7969000
5811000
7871000
11109000
10513000
7194000
5955000
11743000
23231000
16399000
5467000
5397000
5804000
18692000
7652000
5165000
5234000
12335000
5625000
6050000
6517000
5227000
6932000
6729000
5014000
6788000
13497000
8329000
5781000
5712000
10219000
8691000
6756000
8253000
7362000
7525000
6677000
6689000
6465000
16918000
6527000
7139000
13608000
6119000
6003000
8555000
9538000
7701000
6462000
6459000
10084000
11163000
8578000
7612000
10688000
10166000
8063000
6760000
7507000
7697000
7925000
10886000
13329000
5680000
8245000
8925000
12674000
5826000
9078000
6677000
10044000
6916000
5448000
13403000
9542000
9381000
8773000
8303000
6685000
7907000
5296000
7529000
8197000
7317000
7543000
12798000
8784000
7888000
11648000
9199000
10751000
6412000
5041000
5975000
6517000
5012000
4719000
4767000
18526000
4703000
6599000
4281000
10047000
9782000
5179000
7519000
6555000
8063000
10344000
7378000
13186000
8032000
8160000
10672000
11069000
6860000
8541000
5442000
8372000
6592000
6459000
6087000
11861000
8677000
6495000
5801000
9110000
8716000
10580000
6274000
6545000
7177000
6792000
5666000
9798000
13552000
10568000
7615000
12349000
5727000
10037000
6877000
8445000
6747000
9064000
14901000
9787000
7139000
7041000
16970000
9471000
7613000
8015000
6870000
6617000
10628000
12965000
6752000
6898000
6858000
14472000
10356000
8580000
6707000
9624000
8518000
11320000
12793000
5127000
8240000
9461000
11937000
10533000
6913000
13717000
7552000
12904000
13484000
7482000
6563000
9471000
11732000
8576000
8069000
5627000
8009000
5350000
8003000
11839000
8992000
6828000
6773000
8276000
10342000
7048000
7247000
8832000
7168000
6816000
6934000
5709000
10154000
11014000
8785000
10424000
9526000
6571000
7203000
15086000
15140000
10408000
12110000
7626000
7704000
9639000
8671000
9948000
5415000
4806000
5740000
6303000
5315000
6676000
9353000
8389000
7370000
7815000
15114000
9011000
7872000
10153000
8389000
8862000
5550000
12483000
10020000
10713000
13231000
10118000
8201000
7356000
5225000
6714000
5273000
6925000
9046000
11570000
12653000
6697000
9944000
11681000
9592000
6646000
8879000
11971000
7811000
18927000
10051000
7769000
10235000
4879000
10998000
6516000
8532000
7366000
8396000
11986000
13458000
7943000
8661000
16471000
7867000
7897000
7814000
10079000
6637000
5264000
9531000
12083000
8063000
5858000
8437000
9101000
8267000
8501000
7607000
10261000
7079000
117518000
207139000
205418000
201708000
207301000
201045000
204153000
204691000
207692000
201270000
204756000
209348000
199196000
213296000
195505000
208477000
200553000
207708000
202983000
203623000
204723000
201152000
213878000
201904000
209176000
196494000
204213000
204699000
204463000
204516000
205004000
204506000
204334000
207503000
200025000
211934000
198359000
204010000
205082000
204622000
204212000
206131000
202145000
205667000
207909000
204408000
201022000
204603000
207807000
202623000
206730000
203488000
201527000
202080000
207613000
206523000
205814000
204418000
204620000
200511000
202505000
206966000
208110000
201053000
204852000
204530000
204535000
205232000
203734000
204311000
204827000
204415000
204619000
206781000
211061000
198716000
202762000
205253000
206036000
201175000
205139000
205154000
203327000
207380000
201358000
204115000
204368000
202411000
206773000
216660000
192382000
205031000
206086000
203210000
201246000
210108000
200534000
206135000
204019000
204016000
205045000
201995000
207742000
204619000
214223000
195053000
201122000
206939000
204581000
208164000
201187000
208391000
201029000
205983000
206711000
203507000
202597000
205071000
202652000
207274000
202642000
207335000
202035000
208692000
202480000
204868000
204546000
202235000
205456000
199686000
207683000
205003000
204419000
207470000
204951000
201450000
204238000
207503000
204174000
201310000
207763000
204569000
204461000
198385000
207512000
208101000
201452000
213730000
195493000
204778000
204747000
203654000
204882000
203440000
204837000
201919000
207764000
205632000
210167000
194619000
204175000
207727000
202064000
209756000
202302000
201086000
207481000
203529000
205446000
205097000
205053000
204017000
204562000
205989000
202664000
204540000
205344000
203694000
203735000
206915000
202077000
206191000
203690000
204688000
205723000
203390000
208580000
200901000
206446000
203840000
203923000
205538000
199105000
208045000
200920000
206869000
210129000
200793000
203162000
206277000
202374000
210779000
200121000
204236000
204839000
204115000
12739000
6048000
5687000
15063000
7144000
6230000
5816000
5873000
7000000
8227000
5685000
10431000
7599000
8775000
12165000
9424000
8168000
5747000
8066000
6477000
7649000
6822000
6685000
7490000
12873000
6221000
7981000
7044000
15805000
10415000
6825000
5970000
9365000
8304000
6729000
12619000
10170000
9058000
8296000
11968000
10995000
5879000
7718000
5200000
6736000
6408000
12671000
9887000
6805000
8466000
8354000
8512000
7472000
10783000
8045000
8546000
9799000
12305000
11575000
5922000
8551000
13791000
7441000
5698000
6562000
7432000
7273000
6095000
8549000
10678000
11170000
8435000
6383000
8353000
10085000
8039000
6425000
7935000
7023000
7445000
7072000
15034000
9756000
9917000
10361000
13225000
9659000
6942000
7160000
11851000
9079000
12309000
10324000
8202000
9835000
12116000
6926000
6943000
6964000
6631000
8140000
6810000
14079000
9181000
8956000
11915000
11286000
5571000
7992000
6481000
5991000
8697000
6591000
11153000
8642000
8201000
6876000
5778000
12371000
8802000
7845000
6515000
7334000
8875000
8712000
16948000
10279000
6901000
6492000
31643000
6067000
7753000
8952000
7852000
10474000
10523000
6796000
6975000
15775000
6736000
10053000
6802000
22675000
19939000
8181000
7335000
9286000
11738000
10866000
9616000
7899000
6741000
9162000
14365000
13791000
7037000
9432000
11278000
5663000
7119000
4830000
4789000
4063000
5792000
5898000
5892000
10620000
8299000
4753000
4632000
4755000
4566000
6730000
10347000
8855000
9525000
10087000
6544000
7570000
13132000
9662000
8201000
7446000
12245000
6435000
7591000
5715000
7027000
7719000
7533000
6595000
9436000
7742000
9928000
6732000
5625000
12079000
6576000
7639000
6619000
6728000
6559000
6721000
6745000
10486000
12912000
44450000
8069000
8875000
9532000
6714000
8442000
12700000
5252000
6830000
5353000
12079000
6963000
9129000
7882000
6592000
9869000
7164000
11061000
7199000
7758000
6903000
11279000
12784000
8443000
6695000
9442000
9392000
8093000
11812000
10799000
5934000
7983000
10348000
13379000
9423000
6582000
10167000
8602000
7839000
9159000
11208000
6964000
7155000
9331000
11358000
7481000
8166000
8836000
8249000
6844000
10726000
8974000
9157000
6548000
10379000
5639000
11417000
8572000
8185000
6426000
7229000
5346000
7089000
11416000
8925000
8099000
5950000
12397000
7008000
11435000
7935000
12471000
7434000
12308000
13070000
7643000
5817000
9827000
15763000
8078000
8036000
9846000
6310000
6219000
10267000
10970000
9056000
7757000
11825000
8049000
10181000
7440000
11130000
8127000
8197000
18493000
8851000
13222000
9407000
12081000
7039000
5522000
7016000
7801000
7811000
11235000
8937000
7175000
8053000
13362000
10050000
8784000
7933000
5878000
7798000
7720000
13131000
9994000
7984000
8856000
12365000
5933000
7144000
6872000
9901000
9361000
6927000
6348000
13577000
7259000
6715000
10671000
11214000
5737000
6540000
6731000
6899000
7925000
5620000
30297000
10649000
10326000
9724000
8857000
9519000
6802000
9495000
5706000
6517000
18260000
8354000
19350000
7842000
9345000
7085000
8336000
9323000
7251000
10201000
13938000
9284000
7894000
13246000
16243000
15839000
11790000
7264000
19524000
6536000
6651000
8818000
9501000
9819000
7812000
6778000
6520000
6921000
8239000
10692000
10274000
10440000
10601000
9855000
10792000
7225000
8843000
9346000
8862000
11822000
11983000
7245000
7821000
17392000
9191000
7993000
10881000
6926000
7928000
11361000
10533000
9200000
9400000
6976000
7349000
6251000
5964000
4452000
6066000
7997000
5579000
4617000
5939000
10011000
10873000
6940000
7675000
15634000
7724000
12175000
7845000
9503000
9313000
12677000
12633000
6293000
6786000
15179000
7363000
8641000
7021000
6883000
7217000
8141000
5424000
10994000
13155000
10867000
16001000
11234000
6236000
5496000
5999000
7080000
7345000
12309000
12385000
5640000
7903000
17240000
10953000
8478000
13917000
7990000
13101000
7585000
8130000
5591000
7395000
13109000
5170000
5103000
6551000
6612000
6744000
9943000
7505000
10119000
11687000
6112000
5849000
5521000
11536000
9085000
8530000
6855000
8278000
6767000
6758000
14592000
11202000
7347000
5064000
8199000
9480000
4535000
4606000
5244000
5852000
6316000
6994000
6534000
8701000
14685000
9592000
8011000
10064000
11028000
8336000
5486000
6985000
9778000
6793000
7590000
9008000
7104000
7800000
7075000
11878000
10526000
7551000
6999000
5690000
8146000
9120000
8786000
18672000
8459000
7065000
10570000
8957000
7612000
7378000
6943000
8849000
5914000
8214000
15425000
10101000
7117000
10553000
7059000
8968000
8419000
9225000
10569000
5766000
6858000
11706000
12471000
6332000
9999000
39010000
9492000
8907000
11170000
10690000
8131000
7087000
24362000
7311000
5930000
4949000
5218000
5473000
5100000
7445000
13193000
9053000
6686000
6632000
15207000
9544000
8223000
6726000
14864000
17546000
13886000
6232000
11637000
10298000
5966000
8307000
7503000
6878000
7540000
9853000
7537000
8097000
12132000
7817000
9981000
18938000
11759000
8749000
6447000
7947000
16587000
7448000
8045000
7733000
12604000
8836000
9022000
6564000
7699000
7655000
7951000
10299000
10466000
7188000
8337000
8735000
9665000
9200000
7282000
10113000
8598000
7478000
9262000
8279000
16241000
11541000
11269000
5542000
9732000
6711000
8173000
7215000
5222000
10356000
8238000
10120000
7773000
11828000
8127000
9686000
5647000
6800000
5630000
7034000
6526000
7040000
10755000
8115000
4743000
4141000
7672000
10769000
3995000
6931000
5936000
4005000
5469000
4001000
7487000
5682000
4866000
15052000
6045000
6056000
5096000
6056000
7428000
8784000
6382000
6717000
6194000
5974000
8065000
5236000
6484000
9782000
10342000
6194000
7967000
7921000
9022000
5338000
5501000
4671000
4601000
5974000
6484000
4550000
4830000
12755000
9649000
8984000
7666000
10968000
7717000
7870000
7219000
9247000
7091000
6754000
7327000
10417000
7258000
9524000
6968000
5416000
6941000
11967000
6894000
7789000
6037000
10405000
6704000
13494000
6211000
8093000
8109000
11250000
10717000
5563000
6293000
5426000
6835000
5480000
5616000
5529000
5236000
9524000
5849000
6992000
5413000
5363000
28479000
7828000
8279000
5572000
5410000
7143000
9938000
6915000
8725000
7064000
18826000
5477000
9722000
6929000
5592000
5530000
8481000
7048000
11786000
9174000
5539000
6877000
5735000
12711000
16465000
7789000
5587000
6960000
5406000
6392000
7259000
9435000
6138000
5758000
5749000
8493000
11786000
5314000
8748000
5156000
5138000
6876000
4749000
7525000
10553000
12595000
8501000
4903000
13739000
4709000
9172000
5299000
5855000
6051000
6805000
5570000
8672000
15009000
7217000
8088000
8720000
8383000
6270000
9015000
6067000
5866000
4350000
7407000
5410000
15077000
50561000
5974000
5624000
5499000
6595000
6070000
7866000
11351000
10284000
8937000
9153000
25408000
6488000
5427000
13280000
7243000
6801000
11531000
8124000
5844000
5748000
8292000
9551000
5690000
5759000
8952000
19185000
8046000
14028000
10431000
18438000
10789000
5282000
7347000
5423000
5322000
6611000
5085000
6676000
5188000
214181000
206059000
202754000
201225000
209735000
201161000
203847000
206480000
204139000
201877000
207932000
202735000
120014000
7739000
9991000
11482000
11008000
8208000
8172000
8469000
7809000
14989000
7818000
6193000
7574000
7431000
9425000
9618000
7430000
7648000
8405000
7557000
5984000
16297000
7198000
8118000
10560000
10326000
5908000
9734000
8899000
10462000
7220000
6691000
16781000
7966000
7890000
8793000
9877000
8009000
7796000
8148000
7999000
9253000
7264000
12281000
8101000
6581000
6745000
15532000
5726000
8682000
5950000
6871000
7180000
8525000
11087000
12514000
7887000
6112000
9654000
9831000
9407000
9589000
6505000
8800000
9591000
13351000
10074000
7580000
5631000
10980000
13616000
7893000
8640000
8031000
9498000
7508000
9229000
10618000
7909000
7079000
18119000
10276000
6984000
5724000
5574000
7541000
5590000
10361000
14415000
7106000
8698000
29640000
10209000
10068000
7376000
7916000
18314000
7256000
6835000
9926000
11213000
7244000
7836000
7538000
9304000
5998000
8422000
16864000
9166000
7743000
11002000
6168000
11058000
6941000
7816000
11450000
8059000
10932000
11023000
5642000
7874000
19177000
9548000
7522000
8757000
8297000
6828000
11759000
8145000
9752000
8905000
11179000
10939000
13119000
8072000
6372000
6431000
5478000
6783000
15937000
6424000
7526000
4631000
8647000
9383000
7268000
4648000
6665000
4742000
4358000
4538000
3972000
3802000
3971000
8341000
5579000
6916000
5130000
7306000
8183000
12728000
7290000
8037000
7732000
9036000
6985000
6666000
13065000
9292000
6626000
42609000
19719000
8887000
23627000
10614000
9684000
10935000
5999000
8101000
8031000
8367000
8094000
5838000
9136000
10752000
9076000
6831000
15580000
7707000
7748000
7042000
8126000
8191000
6843000
14091000
11525000
8576000
9179000
11958000
9788000
8024000
8026000
9287000
6894000
5643000
14605000
6212000
9460000
40332000
9508000
10513000
7039000
12620000
11478000
7430000
7834000
12302000
6684000
8885000
7171000
5737000
8768000
6845000
12102000
12879000
5709000
6854000
8557000
11614000
9232000
7792000
6329000
5563000
7636000
9265000
10587000
7615000
7180000
7116000
9136000
12069000
5562000
8045000
9356000
5695000
8259000
7349000
11118000
11314000
6748000
7933000
17553000
10558000
8777000
7922000
11515000
7866000
17741000
7386000
10859000
14696000
5996000
6877000
6730000
9279000
8668000
6862000
6470000
18767000
7132000
5870000
9282000
8361000
11746000
7590000
8019000
9395000
8267000
5982000
8323000
9125000
6944000
6224000
9776000
8670000
5261000
7491000
5017000
5264000
5943000
6526000
4834000
7051000
11189000
7659000
7510000
5371000
8413000
10458000
6765000
10344000
5651000
7618000
7261000
9097000
8420000
12824000
8766000
5908000
8366000
11159000
7519000
7088000
5304000
5257000
5850000
6211000
4445000
4361000
12261000
7248000
4074000
4130000
5388000
7712000
8886000
4092000
9150000
12733000
5085000
6065000
30075000
5472000
5937000
4936000
8537000
8656000
5320000
10003000
4858000
8277000
8140000
17237000
12514000
8483000
6803000
15444000
7531000
5937000
5991000
6655000
8125000
6425000
6931000
14717000
8789000
7225000
16918000
10642000
9201000
7584000
11378000
7627000
5916000
11285000
8825000
7025000
6946000
9240000
10696000
8971000
7969000
6168000
6021000
4986000
11204000
16264000
6849000
8098000
9993000
13411000
11726000
9025000
6852000
9183000
7458000
10910000
11540000
6801000
7670000
16132000
12239000
14079000
18873000
10055000
16505000
8940000
9744000
8101000
7826000
6514000
7784000
6921000
8014000
7955000
9677000
13912000
5959000
5957000
11536000
12514000
8963000
7112000
6789000
10581000
8194000
10887000
11171000
6896000
6660000
7031000
13698000
7799000
6063000
6033000
7431000
7615000
6909000
11119000
13087000
6966000
7053000
8821000
11692000
10878000
7590000
6796000
7364000
7117000
11219000
11374000
5452000
8253000
10248000
9397000
6683000
9093000
8839000
9305000
6996000
8804000
12094000
8658000
7147000
7613000
12648000
5885000
6634000
5933000
5836000
6028000
6971000
7016000
7052000
17953000
7921000
6940000
7830000
8636000
6849000
9611000
9883000
10956000
8021000
11629000
10542000
8283000
7410000
17384000
6666000
8419000
7645000
6016000
8880000
7602000
9849000
13256000
8625000
6719000
26437000
8321000
10009000
9880000
22416000
10529000
8474000
24595000
39281000
15000000
9721000
12243000
10757000
9491000
10157000
7865000
6948000
5584000
6130000
5738000
4846000
11731000
9232000
8532000
4992000
14562000
6359000
4873000
4663000
6129000
5789000
7516000
4981000
7041000
8658000
6652000
7296000
5170000
6192000
9139000
7025000
7841000
8630000
5891000
4925000
4665000
6970000
4721000
5902000
30082000
7265000
12799000
6719000
7958000
8552000
7697000
8973000
6920000
9238000
7783000
11215000
6804000
10763000
14867000
6792000
7965000
7740000
7661000
8339000
5592000
14170000
7183000
6576000
6336000
15264000
7684000
7484000
5022000
5417000
4872000
9675000
6167000
10627000
11270000
6764000
7152000
8375000
14073000
9872000
5896000
6944000
9231000
7865000
15336000
12221000
6821000
8782000
10414000
5228000
6097000
5114000
5018000
6591000
7992000
6931000
11354000
9623000
8213000
8220000
10619000
11977000
5709000
7119000
8691000
5973000
6334000
8487000
10310000
7008000
6102000
5764000
6585000
14283000
6917000
8668000
9092000
6780000
7500000
7991000
13093000
12540000
5874000
5467000
10186000
11412000
7229000
5604000
6126000
5301000
8868000
6678000
13835000
10815000
8182000
6806000
8206000
9588000
9918000
8080000
6707000
8591000
5699000
6913000
12954000
10749000
5947000
6233000
8175000
9073000
8401000
7851000
6687000
6099000
10392000
7048000
8924000
4946000
10492000
6256000
4034000
7462000
11800000
6193000
6180000
6254000
4714000
9855000
4786000
8870000
14360000
8206000
12644000
11244000
6871000
6697000
5638000
6921000
7037000
8401000
31202000
7902000
7097000
7034000
7139000
4656000
4738000
4605000
4490000
4970000
5017000
8267000
4765000
4415000
10801000
6190000
7668000
5962000
4103000
7638000
11729000
5830000
7439000
5524000
6135000
4767000
6337000
6001000
6143000
12595000
7487000
6822000
13584000
14892000
6866000
7777000
7859000
7793000
8044000
5701000
17191000
9019000
7719000
17088000
6779000
6925000
6247000
7209000
9029000
7701000
12711000
9416000
12144000
10536000
15748000
7245000
11643000
8989000
6702000
5916000
13182000
12672000
8877000
11231000
7375000
5866000
8399000
9872000
9583000
7722000
5850000
14854000
10339000
5431000
5497000
8336000
8504000
5570000
6001000
5284000
5518000
5379000
8466000
5089000
5370000
10908000
6022000
7085000
5083000
6359000
7527000
7063000
5198000
6107000
18622000
8076000
5586000
5519000
13209000
7545000
5354000
5674000
8856000
9733000
5718000
8341000
6110000
6677000
11657000
10690000
11741000
18689000
7562000
13723000
6948000
7717000
6426000
8363000
6389000
5205000
6863000
10956000
9009000
6737000
6818000
14293000
7069000
6736000
7715000
7157000
10814000
6057000
13789000
12898000
12729000
14060000
5603000
5602000
5958000
5463000
5649000
5411000
6265000
6464000
5147000
17597000
6016000
5818000
5450000
7673000
9461000
6728000
5845000
5788000
5548000
5158000
5872000
6135000
5692000
12814000
7133000
12113000
8115000
12555000
7658000
4845000
5169000
5430000
7475000
5363000
5626000
9885000
8624000
5878000
6469000
5465000
9660000
10051000
5380000
11928000
5553000
5132000
7104000
6874000
13224000
6805000
8894000
7167000
8581000
8418000
6609000
7206000
4409000
6631000
5272000
6744000
5519000
6293000
11608000
8466000
6609000
5987000
11387000
9601000
5831000
7365000
5515000
5353000
8205000
5798000
5264000
13050000
8823000
5501000
5601000
6650000
7074000
5947000
6934000
8519000
5836000
5609000
5670000
5522000
5469000
5057000
12177000
7906000
5888000
5711000
8868000
10249000
5688000
6749000
6895000
6543000
5635000
5785000
5489000
5172000
19051000
5038000
5021000
6979000
8060000
8218000
9741000
7003000
6999000
5621000
6412000
6729000
13912000
9122000
5245000
5104000
5218000
8875000
8382000
5502000
6651000
5442000
5373000
9927000
5946000
8150000
16656000
6862000
5481000
5078000
15526000
5485000
5571000
5774000
5703000
5369000
8176000
5661000
6726000
10025000
9461000
8259000
6217000
8406000
11391000
5334000
8232000
8522000
5855000
7320000
6913000
12067000
22072000
5749000
13606000
7817000
14983000
7844000
6334000
6953000
16275000
16690000
5664000
16820000
4976000
4581000
7203000
5374000
5403000
5507000
6498000
5384000
15777000
9376000
6015000
5332000
10654000
11701000
8799000
5436000
6472000
5508000
6519000
11300000
14616000
7680000
5770000
6529000
15777000
6435000
8989000
6112000
6404000
6225000
5537000
7507000
8671000
16607000
14812000
14405000
6983000
8162000
10273000
6560000
6964000
6581000
9005000
7770000
8293000
9001000
5638000
9591000
10543000
13046000
7586000
7633000
7656000
8323000
11877000
10345000
5709000
7460000
11298000
7374000
8447000
7961000
7864000
6030000
6111000
6928000
16615000
6891000
6440000
16312000
8019000
4988000
8685000
4764000
6865000
8107000
8330000
8474000
9274000
8396000
7107000
10591000
10117000
7963000
8868000
7069000
10552000
7760000
8122000
14894000
6033000
8503000
10076000
10774000
7017000
6980000
6782000
9386000
8285000
7493000
10669000
9282000
7945000
7997000
14637000
7975000
8287000
6729000
7443000
7629000
9499000
12153000
16516000
7239000
12825000
7160000
5518000
6948000
5874000
6641000
8920000
8405000
6097000
11743000
8661000
12001000
8434000
9938000
7591000
6673000
7133000
5488000
11128000
8037000
9229000
11390000
5244000
8127000
9294000
8673000
9025000
5660000
7115000
7357000
7525000
16870000
9345000
7345000
6895000
7343000
12704000
5781000
9913000
7335000
6370000
8205000
7416000
13683000
16145000
22057000
10198000
16743000
7598000
10829000
9830000
10193000
11486000
8056000
8978000
10641000
6619000
6728000
6369000
7388000
8751000
6926000
14263000
9580000
9362000
9152000
12715000
8071000
12870000
18071000
18023000
16567000
13731000
8678000
8958000
8924000
5180000
10306000
7397000
7276000
10889000
14096000
6416000
7646000
9900000
8869000
5962000
7295000
8381000
11528000
8149000
11705000
8772000
7798000
7684000
5620000
12691000
8620000
8992000
9096000
7523000
7277000
7723000
12015000
8652000
9359000
12621000
9687000
6961000
7189000
5896000
5264000
6880000
7188000
5652000
5818000
11644000
9663000
9603000
9870000
11147000
9968000
8023000
6785000
8874000
7619000
13134000
7741000
5041000
6560000
12145000
10500000
5797000
10424000
21115000
11932000
19938000
6990000
5354000
13092000
13137000
7859000
8598000
9017000
8602000
17226000
14783000
6397000
19612000
7715000
12874000
9457000
8077000
7942000
13005000
12566000
7787000
10024000
11997000
8931000
11422000
8721000
9887000
6848000
12492000
7984000
7123000
10836000
14826000
10968000
6667000
7106000
8864000
6335000
7552000
15248000
6863000
4911000
4551000
10241000
10141000
5293000
10517000
7392000
6437000
7615000
6427000
9420000
13687000
6609000
5588000
10751000
13385000
8142000
7682000
7495000
7443000
7420000
5277000
19122000
7198000
6530000
9363000
10205000
6220000
6111000
7384000
8462000
6630000
8221000
12749000
10551000
7804000
6594000
8736000
10717000
5405000
7007000
6511000
5291000
6915000
8271000
11831000
13515000
6115000
8223000
9375000
13512000
9422000
7327000
6675000
6257000
6628000
8307000
10629000
11463000
10188000
16468000
6958000
7777000
8443000
6968000
8250000
8120000
11065000
10765000
7513000
5934000
10473000
13075000
10069000
6065000
6797000
8316000
6533000
5836000
20711000
5932000
6823000
8695000
10295000
9501000
6646000
7714000
8258000
7844000
11932000
8772000
7511000
8044000
7330000
11105000
6734000
7288000
7394000
6679000
6255000
7178000
7563000
13754000
9291000
9197000
10158000
9726000
8305000
6448000
7000000
6919000
8339000
6700000
7062000
16981000
5829000
7218000
10819000
10336000
9747000
5826000
6895000
6751000
7463000
6930000
12034000
9776000
7800000
7308000
9208000
8435000
9356000
7073000
6657000
5725000
9467000
8937000
9725000
13025000
7520000
10816000
12123000
10877000
8972000
7977000
7275000
7565000
12440000
10537000
6880000
5904000
8611000
14137000
9183000
6874000
6961000
8423000
8069000
7172000
18263000
9485000
16280000
7104000
10540000
6780000
6901000
11100000
7738000
12669000
14934000
19593000
8031000
6349000
8673000
10980000
8175000
7864000
7839000
18651000
7810000
9086000
13345000
7768000
18791000
10937000
8589000
11444000
6758000
9610000
11864000
10090000
7882000
10391000
6092000
5806000
6709000
6427000
6297000
13563000
10526000
9107000
6009000
12315000
9792000
9902000
9473000
7964000
6689000
5859000
15200000
10118000
7769000
5826000
14379000
7508000
8868000
7108000
5757000
6608000
7302000
10203000
9265000
6745000
7709000
7639000
6451000
7480000
6005000
5287000
4030000
4134000
5303000
4386000
6907000
8285000
12162000
8507000
5738000
8752000
10546000
13324000
5387000
8189000
7478000
8045000
9855000
12956000
10501000
8716000
7872000
14406000
7943000
7100000
6927000
7026000
8679000
8294000
11140000
7243000
6475000
6650000
7824000
15464000
7830000
6491000
5639000
6820000
7630000
8326000
11280000
8138000
7259000
5603000
6940000
7377000
10373000
5795000
6169000
5815000
6514000
8774000
7393000
12807000
10754000
9052000
6748000
9895000
10082000
9036000
5783000
5924000
8066000
8479000
8785000
9111000
11257000
7080000
16066000
10381000
8592000
9117000
9570000
10994000
6759000
9776000
5929000
8080000
6281000
5410000
13992000
4570000
4377000
7126000
5549000
13113000
9881000
27765000
32457000
5820000
6839000
7963000
7686000
10523000
7522000
9557000
9275000
8754000
6656000
17046000
7959000
7205000
6668000
7102000
7509000
8265000
9571000
8034000
10267000
7865000
9548000
10998000
8314000
9884000
9532000
14573000
10631000
13932000
10710000
10479000
13524000
22192000
8267000
11498000
9549000
14268000
11040000
16426000
6323000
7213000
7857000
7735000
8541000
8965000
14512000
15125000
7130000
12440000
9353000
12082000
5497000
7413000
10374000
9659000
17243000
6156000
8008000
6949000
13307000
6693000
7566000
10294000
21277000
12710000
10189000
8985000
7162000
14581000
7055000
6962000
6644000
6946000
10286000
6995000
5749000
18246000
31507000
9514000
8431000
6937000
8025000
6857000
8078000
10094000
6327000
5874000
8345000
7503000
6342000
7543000
6176000
5910000
4627000
4951000
4440000
8103000
6919000
7671000
11839000
6462000
7318000
6484000
15048000
8032000
8460000
8039000
6100000
8605000
22069000
15183000
19135000
35996000
8603000
6859000
11826000
7947000
11714000
6548000
10126000
8868000
7386000
7015000
6854000
6910000
7345000
10915000
14205000
7388000
5936000
6004000
11465000
22779000
7017000
8737000
8297000
6789000
12316000
11093000
8731000
10528000
12064000
10160000
7823000
7122000
9715000
5784000
7140000
13175000
7430000
5760000
7782000
8524000
7055000
4456000
8487000
5391000
4813000
5341000
11782000
7958000
13850000
7343000
8954000
7052000
13029000
6292000
9650000
10125000
9212000
5666000
5119000
9988000
11865000
8334000
8689000
15681000
10420000
7729000
10604000
10041000
8458000
20276000
63000000
18941000
20942000
20040000
14830000
8236000
8340000
7646000
8883000
6875000
9785000
8665000
6111000
6247000
8238000
7901000
8758000
5584000
6017000
7046000
5606000
6441000
6228000
5676000
6527000
11537000
9814000
6572000
11380000
14157000
7510000
7097000
9162000
7811000
5864000
8447000
16558000
7111000
7139000
13791000
8508000
8927000
9235000
6792000
8842000
10866000
14994000
7510000
7941000
29148000
24020000
6587000
7171000
12828000
11812000
7049000
5606000
9294000
14127000
5810000
5846000
7915000
8279000
6945000
9244000
12955000
8653000
9219000
20124000
5584000
7749000
7530000
8096000
8278000
7669000
11370000
10341000
7872000
87432000
8919000
5711000
7045000
10792000
9071000
11032000
12742000
8464000
7565000
9821000
11509000
6861000
5780000
5599000
10426000
7517000
8808000
5653000
7279000
5534000
7185000
7674000
8868000
9098000
8557000
8195000
9747000
10785000
7900000
7993000
5004000
8041000
8851000
5962000
12963000
12699000
6848000
6788000
14056000
5237000
7381000
5666000
5688000
6893000
8466000
5651000
5284000
110385000
206053000
208883000
201852000
201846000
208031000
197587000
211798000
203330000
204693000
204487000
201530000
204513000
207448000
204479000
199209000
209939000
204635000
201390000
207557000
204646000
209042000
200004000
200212000
208851000
204609000
201758000
207231000
204762000
204288000
204896000
201128000
207464000
203824000
202803000
207881000
200653000
208036000
203863000
202301000
205968000
203231000
205132000
204270000
204207000
204489000
209422000
202805000
197928000
208329000
203437000
207401000
203802000
204076000
205536000
205791000
204211000
202130000
200087000
216578000
195977000
205533000
203326000
206555000
202023000
210574000
200749000
205457000
202219000
207858000
203604000
202005000
209103000
198446000
205521000
207627000
206951000
198124000
206063000
206951000
202637000
205571000
202988000
200966000
215085000
199117000
205310000
204763000
203257000
203463000
208199000
203161000
203644000
202904000
206933000
204453000
204906000
204148000
204601000
203440000
205636000
204883000
207258000
199546000
206442000
204495000
200671000
207701000
202685000
206023000
208315000
198040000
205902000
206925000
204685000
202901000
206044000
202671000
203670000
204433000
204957000
208600000
199943000
204259000
215417000
196887000
204313000
206560000
199915000
205039000
204356000
207244000
204091000
201388000
207803000
204580000
204418000
204696000
202420000
206495000
206544000
202388000
204555000
204547000
204459000
203226000
206296000
204624000
215297000
193413000
204417000
204671000
203130000
202975000
207275000
205735000
203425000
203191000
104364000
8906000
6273000
6485000
7125000
9306000
4587000
9257000
6094000
6628000
5752000
8701000
6715000
12793000
10336000
6516000
5520000
10897000
6721000
5659000
12403000
8785000
11840000
7718000
19949000
7090000
5504000
5458000
6346000
8760000
6775000
9063000
6882000
5458000
9109000
6753000
9643000
9769000
5535000
5194000
5973000
8015000
12200000
5451000
7748000
7039000
5603000
6122000
6934000
5351000
20054000
7279000
5511000
9649000
10873000
6557000
7394000
6700000
5728000
7761000
6675000
7089000
7011000
5449000
7360000
6161000
4940000
7927000
13625000
5153000
6855000
7290000
6624000
7613000
5533000
5651000
16308000
7549000
5303000
5894000
11011000
9340000
7131000
11570000
5125000
6878000
6267000
6732000
15557000
5919000
10870000
8491000
12013000
7990000
7139000
7218000
5263000
6193000
7329000
5131000
14972000
6704000
7054000
6306000
7808000
10476000
9723000
5712000
6938000
6908000
5820000
5252000
7235000
17694000
8161000
6280000
8380000
10365000
4977000
8999000
7331000
7239000
8456000
6510000
7966000
14943000
5337000
6761000
9525000
10053000
6309000
7144000
6815000
6956000
7200000
6683000
18126000
8377000
7010000
7413000
28964000
8827000
15002000
5171000
6073000
9976000
5918000
7065000
6952000
6359000
12267000
6012000
7620000
16218000
16103000
5679000
13742000
10829000
7250000
9807000
14538000
6898000
9398000
6604000
9589000
7852000
12351000
6084000
7433000
7421000
11097000
11927000
8903000
9588000
6146000
9312000
7814000
5846000
11143000
8006000
4810000
7355000
4221000
6074000
8999000
6575000
9237000
7347000
6986000
5248000
5293000
6621000
15907000
5382000
6832000
5293000
10011000
10275000
8531000
6139000
7790000
6513000
7385000
7867000
10460000
9744000
7057000
6695000
10492000
19797000
6519000
11326000
8164000
5779000
6450000
12501000
9081000
7706000
11635000
11760000
7248000
7513000
6397000
6317000
7660000
8025000
21012000
7902000
5967000
13311000
8561000
9113000
8477000
8534000
6804000
8168000
11978000
8561000
5925000
8918000
11741000
11373000
7420000
8071000
6772000
7899000
7507000
6273000
29705000
19660000
28855000
8741000
5506000
6912000
21221000
8291000
15996000
11481000
8168000
9521000
7545000
8702000
7339000
13082000
10108000
8099000
7775000
11533000
9082000
9813000
8835000
6034000
6976000
6729000
15218000
11293000
8753000
6678000
8879000
6687000
10510000
6942000
7977000
9623000
7711000
13450000
10866000
10743000
9582000
13193000
9670000
9522000
7465000
9061000
7474000
13274000
10252000
6093000
8372000
14715000
7548000
11199000
7852000
6872000
7032000
7112000
12682000
12001000
9263000
8301000
10615000
6951000
7158000
11207000
8966000
9593000
6281000
11655000
10613000
7748000
10707000
10110000
11514000
9019000
8190000
11161000
5704000
10264000
11365000
8143000
6912000
11766000
8591000
10757000
13555000
10222000
5286000
8833000
14451000
7149000
7310000
9304000
8652000
9077000
9865000
6851000
5452000
29016000
6924000
4864000
7271000
10132000
10436000
6614000
8620000
5749000
6481000
9272000
7014000
13286000
5833000
6351000
28254000
5732000
8399000
6210000
6694000
7791000
6554000
7111000
19171000
5982000
11521000
11082000
6782000
7931000
10919000
7042000
8473000
5822000
14930000
11579000
6834000
8798000
15262000
8061000
9702000
7628000
8646000
7542000
7411000
19527000
6714000
7506000
17799000
6302000
7472000
6663000
6706000
8320000
7374000
11946000
11791000
7159000
9862000
11674000
15666000
7535000
9001000
6378000
6880000
10882000
11565000
5563000
6060000
12446000
10421000
7140000
7681000
5927000
6171000
7304000
7958000
6799000
9480000
9820000
7607000
6240000
7924000
13933000
8145000
6925000
7855000
9691000
8339000
13721000
8221000
5818000
7175000
10416000
11724000
7116000
5853000
5453000
6541000
7498000
5457000
5826000
21065000
8551000
7734000
8256000
9064000
7750000
7309000
7465000
6248000
12777000
15353000
13972000
7828000
10005000
8851000
6135000
7258000
4725000
4915000
5827000
5958000
4645000
5980000
18281000
33112000
4644000
6286000
10613000
5459000
5138000
10749000
9034000
17657000
6080000
9259000
20091000
9638000
7048000
5489000
5697000
7949000
8180000
17556000
5677000
6838000
6818000
8272000
7078000
5610000
6913000
5106000
6367000
5729000
6101000
6014000
13590000
7738000
6486000
7482000
6903000
8046000
8690000
9896000
6038000
5863000
4322000
9947000
4658000
6010000
11105000
10114000
5984000
4424000
10347000
13738000
8123000
5915000
7827000
9031000
8760000
12612000
9105000
8455000
9324000
13272000
7104000
6798000
7452000
6889000
7892000
6932000
7013000
13505000
7523000
10191000
9972000
10834000
14644000
15165000
9599000
7329000
10270000
9101000
6811000
7013000
11847000
7696000
10562000
5395000
8654000
8136000
7211000
6693000
20742000
7447000
9207000
30587000
5710000
6836000
6873000
6704000
6984000
23058000
17564000
40428000
14235000
11327000
11967000
8124000
8749000
11859000
7287000
8955000
17564000
13350000
10556000
15601000
5957000
8009000
15497000
5999000
8059000
7636000
8410000
13816000
15306000
11196000
11561000
9351000
9561000
13073000
7709000
8041000
9190000
5878000
11191000
13737000
6667000
8939000
12400000
6529000
7041000
8956000
7632000
9398000
6258000
10083000
15354000
7826000
7053000
17043000
7520000
8093000
7172000
7009000
7590000
5820000
8932000
15352000
6897000
8738000
8409000
11622000
7015000
5792000
5659000
6721000
7068000
7663000
12215000
11355000
8235000
7426000
8905000
10165000
11277000
9548000
6956000
7854000
6536000
20827000
8250000
8470000
15551000
6848000
6768000
6690000
9133000
8792000
7919000
16976000
7958000
7218000
5652000
8999000
10383000
8392000
5600000
6923000
10012000
8542000
11903000
13400000
6737000
7844000
8910000
11895000
10087000
7318000
6912000
9762000
8507000
23587000
7938000
26731000
6868000
8708000
9624000
14527000
12782000
11171000
5845000
8407000
15515000
7696000
8381000
8767000
8138000
10060000
5614000
9162000
12700000
17105000
25375000
7381000
8106000
10090000
8070000
14583000
8911000
5590000
11459000
13386000
8093000
6829000
6741000
8650000
12943000
11014000
10790000
6824000
10780000
9927000
13567000
10049000
6411000
9274000
7653000
9389000
13483000
14210000
8158000
14520000
7214000
11789000
8609000
8870000
6731000
11972000
14276000
6378000
9689000
10617000
7842000
7513000
7360000
7985000
7727000
7803000
8079000
23190000
10194000
12654000
6443000
10111000
8160000
8196000
9232000
18838000
11623000
6944000
6078000
9100000
10901000
12101000
15155000
31086000
12776000
17130000
10912000
6893000
7229000
5673000
7813000
6968000
6778000
5338000
11206000
8159000
5550000
6850000
10311000
8675000
6103000
8729000
7906000
12309000
11125000
13139000
9786000
7579000
9852000
7725000
10338000
9398000
12271000
11255000
29367000
7705000
8185000
9899000
12162000
15435000
7483000
10352000
8850000
10670000
8017000
5388000
6067000
13257000
8441000
6560000
5145000
6957000
5582000
6696000
6519000
7464000
10033000
8578000
6326000
4461000
8543000
8111000
8613000
7268000
4694000
6384000
5967000
7658000
7269000
8500000
14003000
10773000
7741000
9137000
9455000
8443000
8630000
9948000
10422000
9323000
10766000
8707000
5790000
6627000
5437000
12797000
7696000
12659000
5586000
12035000
7141000
8285000
18083000
9806000
11238000
9852000
5746000
7362000
8680000
7291000
9638000
9482000
8753000
11024000
8056000
7438000
15997000
7993000
7985000
7026000
7992000
8524000
8813000
15322000
9554000
6696000
9574000
13800000
9785000
7808000
6573000
6962000
6424000
12394000
10986000
7921000
7261000
10681000
13831000
5414000
5810000
6154000
7831000
7528000
8492000
15033000
11891000
6928000
5477000
8003000
6831000
7227000
9599000
11422000
7674000
7426000
9138000
15694000
8561000
7715000
12346000
4928000
7431000
6000000
5966000
4765000
7043000
4404000
9000000
9927000
10627000
8602000
7179000
8706000
16293000
5729000
9090000
7278000
8176000
6795000
22048000
8123000
7749000
13277000
6000000
10958000
8847000
6829000
7241000
6544000
8180000
15424000
8994000
7896000
20640000
41700000
23877000
5611000
9140000
8449000
9547000
11819000
7850000
7227000
8401000
6062000
12498000
8013000
5167000
10036000
10121000
13051000
10026000
5871000
6908000
9012000
8210000
8353000
15741000
6453000
9640000
13750000
7691000
14200000
9719000
32317000
10213000
10657000
14234000
8128000
13976000
7813000
9012000
6846000
9813000
13232000
5892000
5747000
11906000
10279000
6653000
9612000
6029000
4341000
9657000
6803000
20283000
9255000
9583000
8540000
9468000
7659000
6687000
6651000
7941000
9911000
7086000
21200000
8625000
8105000
8390000
9350000
6381000
8440000
5709000
6830000
9016000
6778000
14628000
9740000
7373000
8378000
11497000
7817000
8241000
6996000
8111000
9428000
8039000
23211000
7084000
7773000
10982000
6955000
7008000
5219000
5289000
5553000
7931000
5257000
5181000
9750000
11632000
5385000
5629000
6419000
6611000
11151000
9062000
6129000
6712000
5356000
6378000
6792000
14319000
10424000
5489000
5491000
8844000
10563000
5402000
8469000
5596000
6540000
5487000
5757000
5677000
5961000
18655000
12024000
11120000
9254000
5463000
9206000
6679000
5293000
7530000
5233000
6372000
13507000
6697000
4981000
4560000
4890000
9347000
7962000
4989000
10448000
5016000
4879000
6591000
5064000
6276000
5501000
10958000
9316000
6662000
5146000
8221000
9256000
5248000
5812000
5094000
5133000
5145000
5516000
6344000
5599000
11891000
10876000
6607000
5245000
9866000
10050000
5354000
5858000
5675000
5447000
9292000
6741000
8234000
9216000
5445000
7574000
5296000
5216000
5385000
6601000
7131000
5732000
6662000
7565000
5534000
6606000
6927000
7922000
8491000
7845000
11145000
5094000
10579000
8154000
6391000
6394000
9185000
8226000
6425000
6736000
5583000
8533000
11436000
5440000
5383000
9653000
10690000
6800000
5739000
7566000
8360000
7668000
12660000
12453000
7684000
5099000
4954000
5428000
5877000
7711000
4454000
8999000
7134000
6353000
5161000
5272000
5434000
6993000
11090000
9117000
6724000
7140000
12231000
5266000
5367000
12366000
7428000
20898000
8728000
18793000
24441000
5430000
5587000
5049000
5482000
5500000
8075000
5502000
6876000
21790000
6255000
7363000
8608000
7441000
5766000
7302000
5458000
5493000
6550000
8272000
5358000
11641000
6248000
8477000
5391000
8563000
11492000
5504000
5420000
8341000
5504000
5448000
8950000
5531000
5443000
13002000
10350000
5836000
6334000
7884000
8102000
5159000
6965000
7214000
6520000
8218000
5667000
6844000
10564000
5210000
6276000
6642000
9233000
12001000
6635000
9148000
5259000
5725000
5931000
5918000
5735000
6522000
11681000
7645000
5665000
4672000
4507000
7611000
7400000
5585000
4392000
5261000
4977000
4319000
5522000
6094000
4217000
4544000
7978000
14251000
6767000
6012000
8668000
9670000
5760000
8532000
5581000
5517000
7670000
6417000
5696000
5418000
12517000
6701000
8131000
5781000
12994000
5540000
5571000
7184000
5379000
5323000
8134000
5220000
5138000
12372000
11029000
6925000
7477000
10842000
8005000
5568000
8815000
8719000
5311000
7795000
6445000
12303000
9159000
6428000
5446000
5125000
14494000
6825000
11894000
7996000
10946000
8059000
14576000
10546000
7806000
7827000
13302000
8283000
8069000
7534000
8353000
10233000
11752000
18214000
8943000
5119000
10296000
6581000
7522000
7968000
7790000
8283000
8465000
6444000
19654000
6643000
13586000
12031000
10239000
6774000
6511000
6477000
6274000
9074000
14469000
10036000
7156000
5842000
11911000
9002000
9369000
7913000
7870000
7281000
7440000
11326000
12815000
10173000
10990000
9335000
10600000
7939000
8776000
8100000
7657000
9075000
10269000
8728000
7254000
9410000
10605000
6571000
7397000
6436000
7625000
8278000
6970000
5620000
18701000
8638000
6603000
17040000
7047000
7430000
8030000
5827000
8279000
8704000
15253000
13578000
7378000
9100000
9831000
9726000
8423000
7249000
8870000
7570000
6482000
18777000
8747000
7440000
13951000
6307000
9605000
7950000
8395000
7780000
6575000
11981000
7214000
9632000
8245000
14046000
8879000
9444000
5723000
6659000
8387000
10231000
11004000
10192000
7859000
8090000
11579000
5947000
18412000
6691000
5186000
6124000
5492000
9097000
10910000
7314000
5760000
5721000
15317000
6834000
9042000
5451000
5849000
8085000
10230000
17258000
9810000
7615000
9894000
9560000
7056000
13515000
6656000
9276000
8034000
9625000
11127000
7800000
8805000
9066000
10308000
5652000
8793000
9221000
6887000
7610000
6476000
11716000
10336000
8806000
7427000
13631000
5818000
10897000
7004000
7535000
10859000
7300000
9826000
7055000
9034000
6601000
10164000
9531000
12020000
7905000
10249000
9663000
6892000
10271000
11454000
6351000
7361000
16592000
7925000
7991000
9020000
7733000
6796000
8052000
11629000
10167000
6555000
9503000
13642000
14013000
9152000
7945000
8377000
8014000
10617000
8089000
7774000
7709000
8152000
10343000
11519000
7357000
7111000
8557000
6114000
5226000
15804000
9722000
8476000
11435000
9856000
6228000
7663000
5863000
7918000
8978000
7892000
25623000
9765000
9955000
9212000
7285000
11216000
6395000
9096000
6884000
11222000
13375000
8200000
7718000
8976000
10941000
7591000
5799000
6965000
5786000
5938000
5107000
4936000
12500000
10049000
6985000
8214000
8696000
10474000
7431000
6715000
5922000
8147000
6838000
6938000
16544000
9659000
8970000
14491000
7385000
10406000
7374000
7689000
17619000
12626000
8826000
7727000
7521000
9338000
9343000
10620000
7699000
7841000
11523000
8924000
13722000
10162000
7648000
11790000
13125000
8890000
7672000
8016000
7641000
8816000
10653000
10344000
10515000
8082000
14636000
5968000
8439000
8280000
7817000
8271000
9757000
20608000
14324000
17333000
5445000
7865000
8116000
8199000
9554000
6758000
14861000
7527000
7154000
7001000
14436000
5370000
5707000
5352000
4240000
4504000
4488000
6207000
4882000
4986000
4829000
19403000
4803000
4972000
10793000
7033000
6013000
7164000
4539000
6101000
4711000
7544000
6088000
4789000
4685000
17959000
9037000
6078000
16734000
6669000
6006000
5725000
9185000
7163000
9216000
8668000
9189000
9176000
6071000
7654000
22576000
11036000
9790000
11345000
6982000
10409000
11185000
8035000
8143000
13824000
8688000
8709000
6589000
5758000
8261000
6789000
16513000
12333000
6254000
5512000
14904000
6889000
8075000
7054000
7839000
8197000
7334000
11684000
11664000
7058000
7949000
16443000
6681000
6760000
6810000
7316000
7413000
5334000
6433000
13036000
11777000
7274000
10454000
10299000
9391000
9693000
6248000
7717000
6833000
6937000
15640000
7438000
9215000
8605000
10835000
6093000
6533000
8311000
7223000
10111000
5432000
9000000
15666000
9021000
6472000
14197000
6648000
8887000
6722000
6659000
9751000
6827000
8665000
11971000
7448000
6479000
9660000
10459000
7618000
10750000
9238000
9017000
7132000
19010000
11043000
7308000
10674000
9821000
9098000
7104000
11104000
7979000
8008000
9666000
19306000
7373000
9079000
7614000
7472000
9373000
6672000
8714000
7237000
8067000
12178000
7504000
7704000
7876000
12973000
9557000
11113000
6741000
7058000
7501000
8884000
15122000
7689000
7369000
5876000
9447000
7841000
8105000
10037000
9068000
10011000
6402000
6052000
25617000
6611000
8783000
11575000
4336000
5631000
4777000
6244000
4595000
6097000
4552000
5303000
13464000
5068000
7245000
10014000
4451000
6581000
8216000
5001000
10398000
6577000
6292000
8052000
7756000
11717000
11226000
7555000
9085000
9162000
10473000
11127000
6970000
7780000
10184000
6631000
8921000
11392000
6529000
7660000
9204000
12038000
8324000
6535000
7395000
8898000
5659000
7537000
9777000
5948000
5721000
6724000
6466000
7236000
8343000
5893000
4467000
6300000
6569000
7591000
9328000
6002000
14800000
9431000
5983000
6705000
8608000
8843000
12222000
7272000
7441000
7623000
7554000
10295000
13721000
8558000
7806000
15116000
6776000
24051000
6084000
6055000
7861000
12235000
9725000
10017000
9590000
8927000
6732000
7920000
5632000
11955000
39710000
7607000
9687000
11713000
10354000
7741000
6730000
6501000
6882000
8260000
12574000
7345000
6508000
7536000
9146000
12032000
8167000
6516000
7974000
6502000
5523000
6549000
10696000
13570000
13490000
9024000
8664000
6328000
6818000
6914000
6786000
11335000
8907000
9490000
6879000
7203000
9317000
9101000
12570000
6966000
8857000
6424000
6480000
5557000
5755000
6002000
10098000
5786000
6738000
7059000
11590000
9695000
6238000
7792000
9617000
6689000
7098000
26460000
24673000
29250000
17827000
6909000
11923000
14015000
7641000
12647000
28826000
33099000
14443000
7097000
7843000
11694000
8950000
6302000
8586000
6479000
6949000
11603000
12604000
11872000
6739000
6608000
5833000
7369000
10141000
7766000
7214000
7777000
8870000
6111000
8709000
19534000
5530000
7834000
9679000
11579000
8053000
7736000
10064000
7150000
5504000
6454000
12704000
9760000
7599000
12577000
9465000
10064000
7402000
6939000
6293000
7936000
5783000
12476000
7693000
6968000
7584000
17549000
6913000
8189000
9671000
7193000
6850000
6713000
14186000
15223000
8152000
13849000
9671000
10243000
6865000
6400000
7852000
5794000
14385000
10307000
5677000
5994000
9673000
11784000
10887000
7955000
7059000
8216000
6021000
6015000
10390000
10935000
6969000
6618000
8650000
9362000
10577000
9179000
6822000
10363000
9233000
11625000
10732000
8796000
18274000
5558000
7754000
7983000
5689000
5690000
9459000
7674000
10940000
6246000
6549000
9964000
9964000
10004000
9752000
7420000
5512000
5651000
8291000
9374000
10047000
7320000
8108000
7496000
9691000
10342000
6933000
7830000
6691000
11659000
6861000
12040000
27291000
16843000
6094000
6591000
7551000
7366000
6916000
8301000
8123000
18683000
7099000
7127000
9522000
12532000
10335000
9112000
8877000
5873000
7532000
16565000
12814000
5823000
8724000
11236000
5706000
5945000
10451000
5550000
8636000
7677000
10715000
12842000
7137000
6529000
7030000
11579000
9201000
6674000
8719000
7993000
7881000
10990000
14387000
9305000
7872000
12745000
5513000
7193000
5231000
5808000
6903000
7851000
6601000
9873000
8613000
9109000
4454000
4705000
9559000
9801000
6976000
5464000
7629000
8488000
7742000
7983000
12846000
6909000
6665000
5710000
7360000
10889000
7689000
10300000
7030000
6830000
6326000
6221000
5447000
12156000
10335000
7684000
8519000
15002000
6787000
7104000
6451000
7757000
8569000
6773000
13578000
10925000
10218000
10352000
10242000
7059000
7100000
7723000
6575000
6939000
6811000
6565000
9527000
7732000
6415000
7694000
10759000
8247000
7659000
13079000
8256000
8179000
7146000
9546000
11688000
7539000
10575000
7902000
11616000
9335000
7285000
6305000
4866000
9058000
5197000
12144000
12627000
19715000
9761000
6961000
11985000
13124000
6282000
9838000
12851000
8151000
9624000
6559000
15341000
5282000
7339000
8596000
5801000
6945000
6951000
10702000
9856000
6825000
5654000
5524000
12113000
8933000
7324000
9452000
16982000
28880000
10947000
19281000
6718000
6528000
6967000
5474000
6455000
6739000
5324000
6591000
11624000
6692000
5419000
5559000
8125000
14151000
5140000
10131000
5525000
5470000
5364000
6578000
5372000
13906000
6064000
6866000
5525000
5260000
8922000
34227000
6697000
7095000
7003000
8218000
10090000
6254000
6435000
6469000
14336000
5582000
10006000
5463000
6748000
5663000
7187000
5193000
5793000
10855000
6887000
7014000
5433000
9110000
9276000
5606000
6771000
5766000
5492000
5468000
8384000
5766000
5608000
19496000
6627000
7645000
9343000
9425000
6967000
7484000
16679000
5586000
6661000
10886000
10241000
7162000
6895000
4942000
10463000
5831000
5568000
6055000
5518000
6855000
8103000
6671000
5580000
20246000
33328000
5826000
9876000
5415000
5487000
7627000
5452000
4991000
8082000
9733000
6748000
6297000
5191000
15882000
5531000
8448000
5401000
5459000
5409000
6968000
5648000
5084000
12469000
7153000
8387000
5259000
13853000
5138000
4039000
5851000
5343000
4923000
5407000
7215000
5908000
4572000
4492000
19623000
6068000
6323000
5802000
12780000
6588000
9200000
5197000
6985000
8338000
5222000
5357000
13660000
6582000
6807000
7156000
5124000
9752000
5737000
5948000
8672000
5381000
6786000
10044000
5251000
12084000
6708000
7075000
5017000
4573000
9859000
12866000
7531000
6674000
8227000
5454000
8853000
6415000
10273000
7539000
6469000
6544000
12351000
9503000
6743000
9824000
5077000
5140000
6160000
6605000
6857000
9513000
6142000
7444000
6573000
35691000
5677000
5406000
6791000
8959000
5338000
12864000
12408000
6122000
6703000
7607000
6244000
4894000
5463000
7490000
5603000
5133000
5285000
5958000
5717000
6400000
12800000
6843000
6156000
6005000
12515000
5484000
5116000
7932000
4697000
6058000
5988000
6226000
5020000
6243000
11968000
7215000
5553000
5695000
9552000
9279000
6170000
5071000
4751000
4395000
5823000
4562000
7717000
5951000
4753000
11173000
7354000
4786000
4925000
6885000
14140000
8995000
7734000
7933000
5944000
9420000
7044000
12549000
10290000
8989000
6966000
13085000
9487000
8692000
7851000
6719000
8970000
6412000
12072000
10042000
8067000
7675000
13700000
8980000
8556000
7873000
12362000
7123000
6228000
18966000
7826000
7729000
16369000
11077000
7022000
8750000
6399000
7907000
5795000
10958000
8367000
8756000
8314000
13334000
8150000
7918000
9108000
6931000
9817000
5786000
11369000
12423000
8329000
10870000
11777000
10936000
8612000
9094000
7127000
8369000
12273000
12628000
6054000
7750000
8780000
12157000
10125000
6728000
6792000
6403000
5777000
6263000
10087000
26563000
15114000
5445000
7523000
10119000
7346000
16559000
30813000
33105000
10581000
7868000
11709000
5971000
11326000
6502000
7924000
5410000
7675000
13555000
6837000
9497000
6896000
6386000
6759000
7692000
10072000
14314000
4750000
8210000
4289000
6954000
24278000
15900000
7183000
6771000
16116000
9536000
10641000
9348000
9277000
6793000
7116000
7031000
7680000
9278000
5339000
14620000
11173000
6606000
6368000
8694000
7451000
4314000
4577000
5656000
5090000
3895000
4030000
4688000
4078000
3741000
3921000
7431000
11994000
6168000
6892000
10590000
11659000
7028000
6082000
7836000
5533000
9167000
7008000
9194000
8910000
10009000
7297000
5930000
12970000
7383000
12944000
10178000
16243000
14890000
10393000
6412000
8283000
13164000
6489000
5991000
4816000
7558000
6532000
7714000
5689000
9150000
14039000
8110000
6585000
9738000
9085000
6835000
11012000
11070000
7073000
8291000
12183000
7508000
7894000
16408000
12635000
10432000
7759000
6879000
6929000
9449000
9362000
12010000
9549000
9555000
14077000
7064000
8900000
6854000
6596000
8541000
6569000
6677000
10529000
11279000
7050000
10079000
11631000
9126000
5911000
8454000
7985000
8612000
12077000
15643000
9353000
10921000
13240000
8785000
7964000
6609000
6412000
7542000
7682000
10781000
9194000
7430000
9362000
13238000
9823000
9296000
8046000
8991000
5860000
7314000
19577000
7081000
7666000
8083000
8878000
6912000
7688000
6847000
8841000
9946000
8072000
10141000
7932000
9057000
9076000
12558000
6450000
9286000
8083000
8176000
7716000
8823000
12060000
10402000
9137000
7757000
13135000
5591000
11808000
5890000
7830000
9664000
13684000
10886000
7113000
9260000
10862000
9459000
7350000
8979000
6954000
6038000
7500000
11437000
12122000
9703000
5947000
6698000
11209000
6702000
14628000
30243000
28008000
6299000
15076000
8612000
10158000
5705000
6767000
9233000
6647000
9921000
9118000
9994000
5545000
5057000
8008000
7843000
6141000
7756000
7626000
8001000
10985000
6623000
10934000
9340000
8523000
6567000
8031000
13253000
10165000
5879000
5636000
8077000
6130000
4765000
4802000
13955000
9169000
4373000
4908000
16596000
6272000
10793000
4865000
7100000
8916000
7004000
8476000
16044000
5671000
8163000
15261000
6725000
10890000
5560000
7916000
8189000
8939000
22169000
7946000
12262000
12992000
8836000
7679000
8740000
8942000
8733000
12223000
9922000
7284000
7958000
8744000
7958000
5572000
19703000
6008000
11269000
12957000
26813000
9870000
7989000
6773000
8591000
7954000
9091000
8384000
8462000
10164000
7635000
6173000
4688000
6093000
14256000
6222000
11700000
6489000
5547000
8033000
8185000
12166000
10357000
7627000
7252000
8553000
10410000
5704000
8223000
5975000
6293000
6514000
7008000
17043000
9549000
8099000
7930000
13435000
6172000
9092000
6946000
8402000
7305000
6863000
9431000
14546000
7000000
9067000
14771000
6242000
11001000
6307000
8590000
6973000
8942000
14718000
12110000
8166000
11421000
9962000
9498000
7328000
7031000
8997000
7155000
9325000
13821000
6764000
9047000
10983000
5721000
5872000
6752000
5181000
4892000
5686000
8323000
5952000
4415000
8927000
4327000
7832000
4558000
4618000
4559000
7935000
7321000
5616000
5580000
4287000
7280000
4905000
8014000
7510000
6847000
10939000
6884000
6030000
5842000
5745000
6327000
5712000
8390000
13397000
6512000
7917000
7519000
6689000
17740000
7200000
7671000
13507000
17344000
7714000
8650000
8294000
7936000
11631000
7442000
10111000
7136000
9669000
12114000
7918000
9076000
6813000
18201000
12290000
11068000
8334000
5537000
16720000
11786000
7163000
7841000
8046000
5266000
8152000
9476000
7029000
16358000
32121000
7364000
6828000
6973000
8597000
6769000
16442000
6816000
6198000
6028000
14085000
6403000
26479000
7707000
8074000
9210000
11587000
7318000
5743000
9691000
8544000
5270000
4761000
6258000
4416000
5977000
8289000
6842000
14520000
6137000
5295000
6113000
5238000
8566000
7035000
5559000
7008000
6312000
5562000
4742000
7915000
6267000
6286000
11152000
8556000
8908000
9101000
14227000
8434000
15253000
7177000
6400000
9810000
12875000
10327000
8132000
11184000
12646000
9227000
7077000
8030000
7953000
7945000
10841000
13786000
8694000
6800000
16113000
6912000
9716000
9214000
9741000
6074000
8833000
11981000
10749000
7504000
17031000
7042000
7676000
9034000
5719000
7901000
8965000
9637000
11198000
8985000
7756000
10148000
9696000
9727000
5654000
6778000
6969000
10743000
7539000
12962000
9588000
7365000
15950000
10196000
10056000
9561000
5015000
6661000
11079000
17364000
8732000
9191000
15556000
8184000
8965000
7792000
5242000
7839000
8898000
10518000
11470000
5781000
6834000
10462000
9338000
6360000
12395000
7854000
9310000
6432000
14869000
9706000
8064000
5909000
9653000
7895000
11313000
7339000
8832000
9144000
7925000
13323000
13245000
6578000
12915000
8444000
7722000
8227000
5557000
5844000
8275000
5686000
5417000
13536000
9140000
7301000
5550000
16342000
10199000
7604000
7818000
7163000
9007000
5468000
11040000
10549000
5766000
6811000
9377000
10437000
5892000
8395000
6944000
6396000
9049000
8738000
14688000
7820000
7632000
12124000
13752000
7673000
8818000
6819000
8974000
7500000
6462000
19746000
8033000
6911000
16259000
7198000
7859000
6662000
7522000
6743000
7783000
9874000
11341000
8129000
7263000
9697000
9464000
5470000
8102000
7390000
6992000
8163000
6587000
12200000
8253000
9740000
8789000
8563000
14844000
6672000
5310000
24822000
18466000
10817000
10639000
16648000
7146000
11607000
7107000
9119000
7106000
7014000
12607000
15193000
7880000
15691000
10940000
9513000
6675000
9153000
8744000
12258000
8402000
8104000
6870000
10227000
11422000
6936000
6876000
7669000
9323000
6589000
9153000
11068000
16048000
8403000
17070000
13147000
6748000
5603000
8190000
6729000
9667000
10154000
7665000
5460000
5868000
8945000
8947000
11252000
7786000
7892000
7282000
7807000
6111000
11977000
6855000
8279000
8042000
14033000
9041000
6005000
8205000
4886000
8451000
5680000
11666000
15622000
8115000
7810000
13821000
7113000
8038000
7850000
6044000
5080000
4918000
4761000
5737000
11720000
9344000
7485000
7945000
13256000
6546000
8029000
6643000
6588000
7277000
6786000
8456000
10896000
14043000
7677000
23535000
9971000
7090000
5032000
8525000
9657000
11565000
7979000
6221000
5167000
18247000
5682000
9894000
5672000
6583000
8247000
5708000
6515000
16962000
10357000
9951000
9600000
10347000
10228000
7352000
7477000
7977000
7209000
5870000
19042000
6787000
7955000
15553000
5849000
6512000
5106000
6672000
8617000
6704000
7330000
7814000
7227000
7902000
5511000
6800000
8759000
8687000
6076000
8300000
6368000
5374000
5657000
8117000
6033000
7551000
15638000
7466000
6808000
8382000
9062000
5433000
10662000
8192000
12833000
23547000
31151000
8493000
6373000
5900000
7624000
7592000
8392000
7507000
12420000
10219000
7008000
6789000
30155000
8516000
8720000
9022000
7834000
8083000
11924000
9305000
7342000
13741000
11736000
12475000
7982000
8985000
7202000
8928000
11094000
7158000
9050000
9968000
11916000
8255000
6690000
8132000
6220000
7137000
5393000
14812000
8043000
7363000
9368000
10559000
8170000
7365000
8128000
5295000
5838000
8436000
4957000
8980000
9789000
6890000
5070000
62391000
7038000
5448000
11173000
7250000
5068000
5087000
5353000
14154000
5307000
7491000
8983000
7203000
5052000
5401000
5269000
5218000
11850000
6330000
5367000
5224000
5376000
8447000
9489000
5039000
7815000
4865000
6696000
21683000
11226000
7259000
5242000
5464000
5423000
10718000
6809000
5300000
11334000
5529000
8180000
6483000
5403000
6077000
11922000
8847000
5582000
5679000
8539000
9459000
5464000
10333000
4554000
6660000
4288000
4555000
5752000
4687000
9120000
10689000
5798000
7368000
26805000
8076000
6899000
6723000
9001000
7469000
12195000
9818000
5419000
12279000
27879000
8264000
7290000
8228000
7043000
9288000
8278000
8331000
5511000
5702000
8672000
11633000
11247000
5370000
6266000
5149000
6444000
6658000
6464000
11071000
8981000
5296000
5055000
9373000
7557000
5464000
7195000
5407000
4978000
7125000
7980000
6591000
9797000
8693000
7652000
6635000
6250000
11504000
7580000
5086000
8185000
7555000
8618000
6524000
6977000
11665000
5632000
7534000
6463000
12126000
12781000
5902000
6996000
8205000
7057000
27737000
9890000
6816000
5519000
9325000
8154000
6368000
8430000
11946000
16151000
8790000
26841000
5261000
7613000
9764000
4629000
5388000
5490000
5208000
5820000
5502000
7895000
9881000
7780000
6216000
6276000
5454000
5540000
8509000
9338000
6488000
12515000
4980000
5065000
11065000
6790000
8532000
6700000
7923000
5612000
6426000
7480000
7737000
6427000
9491000
7132000
6691000
33164000
12171000
6670000
5517000
10420000
5866000
5438000
10849000
6768000
6823000
10378000
6900000
11374000
10606000
5396000
5507000
7915000
7117000
6814000
8985000
5864000
6162000
5544000
7160000
8114000
13545000
8087000
7093000
7915000
16684000
6443000
7030000
6894000
5234000
5349000
7413000
6999000
10004000
6113000
7170000
5730000
6712000
11518000
5279000
5797000
8158000
5319000
5854000
6744000
8611000
7622000
20771000
8116000
8416000
12291000
6355000
7735000
8000000
8130000
15396000
16770000
7220000
5737000
5676000
5925000
12326000
8050000
12624000
7405000
8328000
5452000
7817000
15162000
17900000
8398000
10034000
6997000
11891000
8548000
9584000
6757000
9788000
13977000
9717000
8158000
14791000
11561000
27597000
7587000
21095000
5912000
12340000
13582000
20764000
11420000
9203000
6782000
15329000
9561000
8395000
10981000
10398000
8260000
8288000
8534000
9747000
5367000
15965000
10299000
7015000
8073000
11495000
9312000
5551000
7904000
7159000
6909000
6451000
10063000
9334000
10193000
8593000
7189000
8894000
8709000
6907000
9300000
6648000
9191000
7816000
6789000
17590000
7774000
7340000
8874000
9386000
12267000
6938000
7553000
8352000
8091000
8856000
14608000
8158000
6870000
8708000
8071000
5595000
9093000
6677000
7861000
7447000
10438000
14354000
10655000
6378000
6737000
12818000
5489000
9165000
6616000
6629000
9634000
6452000
10094000
13979000
6929000
7683000
9870000
12976000
8394000
9270000
5889000
9936000
7296000
11946000
9782000
10978000
10714000
9870000
7620000
9342000
5718000
6688000
6642000
5871000
5636000
10667000
12262000
9343000
9476000
11470000
6170000
10755000
5828000
5779000
7190000
5856000
10364000
12565000
6518000
8394000
10586000
11594000
10054000
7729000
6056000
7386000
6631000
11845000
13036000
7652000
15452000
9435000
6779000
10479000
9582000
10771000
11082000
11836000
8962000
6075000
6887000
17001000
6243000
4892000
6216000
7770000
5995000
9423000
9545000
19855000
8117000
6470000
15635000
4916000
6842000
6009000
13785000
6562000
4577000
5081000
13440000
13806000
6317000
10039000
9476000
10407000
9553000
7876000
8320000
5626000
6614000
10251000
7354000
10066000
6032000
6607000
10178000
4564000
5320000
6518000
7272000
9725000
7688000
7339000
11040000
12572000
9724000
30211000
26134000
14593000
10171000
7739000
10142000
9978000
10123000
7630000
7296000
7140000
7893000
8726000
7612000
13419000
11804000
7950000
10171000
12841000
7952000
8849000
8962000
6594000
7279000
12169000
7838000
9319000
6763000
11896000
11570000
11841000
8844000
6836000
7518000
6887000
17327000
6288000
8055000
10842000
11361000
6426000
10202000
7877000
6677000
5355000
7029000
13392000
10720000
6749000
5761000
10146000
9544000
9852000
7758000
6590000
6466000
9252000
6098000
21204000
6987000
9311000
13352000
7009000
7580000
6742000
7885000
8412000
7405000
13456000
6893000
5729000
5967000
5006000
14133000
5771000
4984000
9725000
6864000
7330000
7464000
7006000
11235000
12185000
12143000
10674000
8878000
6082000
8243000
4599000
5904000
5843000
4895000
8002000
4624000
11321000
14517000
7988000
13728000
7550000
8647000
7278000
8377000
8781000
10630000
20132000
7202000
12988000
13561000
6114000
11677000
6758000
9325000
6296000
6005000
19838000
8694000
7915000
12013000
5696000
7509000
8572000
5808000
8727000
8831000
6129000
18976000
7365000
6002000
12858000
7720000
7145000
7835000
7730000
6131000
8362000
6930000
10383000
9402000
9208000
8530000
8521000
10297000
9092000
7626000
6834000
9085000
8069000
16344000
9362000
42366000
9310000
7842000
9243000
7848000
27847000
6401000
10518000
11629000
7264000
10420000
9171000
8687000
8040000
10639000
12143000
7065000
13582000
9400000
6444000
7910000
7603000
6358000
10032000
10710000
12073000
10148000
8252000
9319000
11228000
5601000
8192000
6814000
6143000
7645000
7440000
6274000
24463000
9779000
8583000
39142000
10583000
5338000
11128000
7199000
10405000
23510000
14541000
8207000
10292000
18679000
10375000
5505000
6815000
8288000
16592000
6301000
9809000
15205000
30102000
6828000
6762000
7166000
9999000
9585000
12143000
16818000
8260000
6017000
10242000
13392000
7708000
8559000
17001000
6744000
9181000
6598000
7940000
11459000
6818000
13413000
11314000
6036000
11507000
10774000
8020000
18607000
8368000
9451000
10874000
6473000
11711000
7237000
13292000
6596000
6710000
6464000
5871000
6126000
6297000
4461000
4535000
8565000
9643000
6862000
7527000
6269000
14390000
9302000
7691000
8689000
7785000
8981000
5455000
10988000
10124000
7528000
8983000
13490000
7165000
8957000
6553000
6852000
10318000
7523000
7608000
13641000
4955000
8626000
8472000
10058000
6006000
11307000
5534000
8973000
6576000
7952000
11631000
8378000
9707000
15666000
12819000
11320000
22383000
30712000
15081000
6743000
9931000
5852000
7759000
7496000
7657000
28085000
10151000
7360000
10643000
8567000
9557000
8121000
13011000
23789000
14525000
8322000
5658000
5510000
9894000
9200000
14119000
9287000
12229000
6760000
9850000
15632000
8799000
5364000
13609000
6617000
9085000
8598000
7692000
12704000
15844000
7706000
6910000
9714000
17374000
7317000
7797000
6718000
7013000
7354000
7200000
6811000
18594000
5077000
8754000
15307000
8733000
7899000
9626000
5255000
7081000
7677000
13333000
10736000
7255000
13035000
10087000
4997000
6879000
5962000
5744000
7342000
6747000
7211000
12936000
5303000
6375000
4664000
7902000
9290000
11009000
7375000
14638000
16627000
25713000
23278000
16291000
15418000
6527000
8106000
5951000
4877000
13732000
6568000
10363000
7010000
10590000
10242000
15926000
5919000
9140000
6930000
9094000
12066000
7102000
9516000
7755000
26122000
5734000
7836000
6125000
6883000
10682000
15793000
6784000
7729000
10916000
8967000
9499000
7781000
7479000
13816000
5857000
14793000
8954000
7784000
6857000
11143000
8119000
7383000
6734000
5731000
10099000
6571000
12624000
11870000
17658000
13607000
5777000
5766000
6976000
6187000
4933000
8661000
6163000
14261000
10678000
12505000
10834000
9409000
6532000
6891000
9241000
8060000
5307000
6306000
13990000
13841000
8870000
10398000
12686000
9598000
7455000
7086000
8486000
7479000
8576000
13724000
8098000
7949000
14147000
5270000
9288000
6672000
7777000
7942000
5662000
7144000
11698000
10698000
9326000
5931000
6448000
9156000
5973000
9621000
6247000
5431000
7990000
7386000
8726000
8901000
7289000
9441000
12439000
11714000
9800000
5538000
9002000
8871000
6858000
9642000
14317000
5747000
7451000
10616000
9736000
10967000
7774000
6783000
9091000
5568000
11371000
11445000
6427000
6611000
11591000
8824000
7056000
6565000
8813000
8324000
7976000
7295000
8367000
15823000
8879000
5980000
16566000
7357000
6546000
7121000
6906000
6681000
6965000
10513000
8689000
9376000
5664000
7554000
13422000
6407000
5672000
6780000
6828000
7053000
6697000
8984000
13545000
11980000
7759000
11054000
15170000
8868000
6490000
7835000
8242000
7994000
11131000
10463000
8822000
6123000
8582000
8510000
11195000
6865000
8744000
9458000
10714000
8967000
11552000
8648000
7999000
15784000
11011000
9075000
8946000
7146000
8725000
11720000
14387000
8119000
9072000
10637000
11348000
5671000
6809000
5749000
10095000
5414000
7669000
9413000
8785000
8392000
9197000
10714000
7958000
8475000
5895000
8965000
9840000
8869000
11640000
9322000
7311000
5955000
11416000
4701000
4702000
8820000
4820000
4977000
7269000
5211000
6613000
4810000
10554000
8186000
5275000
8155000
7603000
9153000
4499000
7202000
4774000
4664000
5173000
6611000
7491000
23599000
9444000
8122000
4673000
5942000
7391000
4595000
6421000
6489000
8127000
6737000
9970000
10920000
12589000
19946000
12460000
6516000
9924000
8628000
11554000
7785000
10554000
13774000
7688000
8541000
8703000
12450000
11074000
8068000
7843000
8757000
9319000
11240000
11368000
7447000
11317000
11174000
9439000
13947000
6601000
8626000
5725000
14480000
10032000
8691000
9757000
10541000
5998000
6789000
5465000
8249000
6831000
6284000
5147000
12509000
9263000
8775000
7840000
13350000
5659000
9132000
8060000
6225000
7943000
7398000
5278000
10963000
11079000
6913000
7053000
13866000
5567000
5512000
7160000
5335000
6855000
8066000
5374000
7256000
9969000
9853000
5743000
8825000
10025000
7216000
5095000
5357000
6359000
5592000
5533000
7502000
4671000
6224000
7323000
5431000
8982000
9081000
5004000
6338000
7834000
5095000
7471000
6431000
7205000
5340000
8942000
5519000
7536000
8162000
6686000
6988000
5750000
7394000
11103000
6867000
9433000
5859000
6384000
7008000
5611000
5363000
12263000
7108000
5724000
7216000
17645000
12792000
5933000
5444000
5683000
6487000
5463000
30484000
9917000
9098000
7540000
5185000
7010000
7644000
5568000
5561000
6674000
5967000
5737000
14866000
7371000
5778000
7775000
13926000
5206000
7984000
7314000
5315000
6242000
7411000
5420000
5936000
10813000
6693000
5381000
5609000
6828000
11500000
6819000
10084000
5399000
7759000
8108000
5369000
6176000
9127000
5953000
9272000
7081000
5413000
10391000
6585000
10294000
30274000
6441000
8124000
6977000
6542000
6896000
5725000
8540000
11006000
7107000
5426000
7020000
7374000
5928000
5520000
5876000
15380000
7864000
5624000
6374000
13218000
7566000
9542000
6355000
12442000
5951000
5074000
9476000
7509000
6714000
6585000
8164000
8214000
7212000
7020000
6588000
5796000
4357000
7764000
8315000
5388000
9032000
9697000
7080000
5513000
5593000
8499000
9396000
5311000
7380000
5568000
8514000
8730000
4570000
4843000
12439000
10500000
5374000
5379000
10697000
21195000
5175000
5146000
5948000
4941000
4995000
5618000
5097000
11511000
10320000
5285000
5384000
8353000
8346000
5584000
9265000
5948000
8345000
10609000
9101000
15490000
8701000
5716000
6194000
11551000
6099000
9664000
8824000
7575000
6954000
5322000
7618000
13651000
8410000
5862000
5870000
15744000
8322000
7891000
5489000
6924000
7867000
7101000
11241000
8802000
7861000
6185000
5615000
8034000
7651000
6783000
8102000
4845000
6553000
6220000
6891000
9862000
15842000
11644000
6892000
7907000
10677000
6328000
11031000
8366000
7679000
5007000
4516000
13497000
10785000
6834000
6955000
9139000
13712000
9847000
7687000
9100000
5877000
6759000
13129000
7328000
5045000
5099000
4799000
9681000
12168000
9408000
8249000
6564000
9157000
6900000
9463000
13867000
6706000
7876000
9788000
9418000
10840000
9583000
7755000
8144000
5598000
9845000
14028000
8596000
6647000
16032000
7687000
8156000
7851000
9272000
9186000
6697000
15728000
13732000
7814000
10691000
10088000
9152000
11389000
7283000
9703000
5292000
14689000
7542000
4820000
5972000
7461000
9098000
4431000
4622000
7398000
6579000
7187000
7802000
6757000
8575000
8863000
11929000
10748000
25869000
22131000
11701000
25660000
33678000
12209000
7773000
8615000
8750000
41629000
11546000
6945000
7612000
14564000
9752000
17481000
14000000
9146000
6826000
5787000
13900000
30917000
10351000
6642000
10142000
13309000
6172000
7093000
9227000
11089000
6922000
33782000
9439000
13006000
6526000
7825000
38490000
8458000
8651000
6675000
10695000
9385000
10217000
9393000
9488000
9645000
10199000
35316000
13085000
9966000
6976000
8100000
13127000
9804000
7105000
9167000
10546000
8116000
21102000
13029000
7009000
15338000
6640000
8110000
8387000
8597000
22496000
24538000
11980000
9648000
7059000
39736000
13093000
14843000
40686000
6878000
28731000
16110000
17168000
29756000
11057000
8081000
9869000
8215000
20922000
10567000
5752000
31485000
10681000
10171000
20952000
7725000
30617000
7614000
9098000
6658000
15076000
23469000
9496000
5883000
5884000
6834000
34748000
9111000
7852000
25015000
10542000
8134000
10776000
37043000
15115000
10006000
9490000
8612000
5685000
36760000
8481000
12615000
35044000
6198000
8616000
11676000
31690000
9041000
6190000
27336000
9460000
10462000
42153000
8406000
7763000
14036000
8342000
22483000
11661000
8337000
30666000
28403000
5663000
8379000
14206000
5981000
6342000
7792000
41062000
10188000
8957000
7113000
13091000
32971000
9240000
7737000
49928000
7169000
22816000
7626000
7085000
11368000
12249000
35598000
7888000
12878000
10315000
30498000
8341000
7338000
11901000
15370000
8060000
36788000
12747000
12694000
7425000
8533000
18056000
8037000
6429000
8453000
7683000
6934000
22017000
5360000
7996000
14100000
35747000
8400000
8261000
10866000
10630000
31986000
26618000
13801000
8019000
19823000
11695000
11127000
11104000
34941000
23818000
8701000
12013000
33972000
6784000
10085000
6298000
15357000
9299000
8223000
6851000
7747000
28633000
8044000
8569000
8819000
6631000
12017000
42964000
10803000
10544000
7560000
8113000
5942000
9413000
15099000
6871000
5972000
10563000
12502000
11730000
6275000
6907000
8632000
6205000
5218000
13729000
6372000
4785000
4665000
5545000
6438000
8630000
4706000
6752000
6010000
4667000
6807000
6318000
5900000
6406000
13480000
6879000
6104000
4714000
9275000
10222000
5410000
7686000
6711000
7481000
8127000
4650000
5823000
15654000
7100000
5186000
4978000
9778000
9226000
4797000
5116000
7566000
4807000
8328000
7010000
6182000
24023000
13159000
12178000
21620000
27025000
6153000
10783000
6183000
8740000
7710000
9744000
14218000
8841000
7134000
9699000
8443000
19791000
52148000
158988000
238908000
169406000
197493000
207626000
203588000
198360000
212079000
201996000
204755000
236080000
169617000
203420000
208070000
202482000
202428000
208426000
202271000
206376000
205579000
204568000
206368000
203203000
222252000
184640000
203633000
202352000
207689000
207073000
200847000
204328000
206398000
207232000
203198000
203156000
204435000
205835000
202669000
202108000
203743000
208580000
203992000
204872000
206744000
201607000
206678000
202995000
206833000
208507000
198850000
206610000
200829000
207971000
204201000
205902000
200556000
203455000
106396000
10125000
6002000
6521000
6789000
10652000
5399000
9343000
7822000
9078000
7835000
8010000
7622000
4667000
10893000
7124000
10848000
9105000
4740000
7933000
5623000
9352000
9855000
9827000
18092000
6667000
12374000
13760000
7703000
9178000
7079000
8614000
10245000
12409000
10019000
8499000
7450000
5798000
9666000
9748000
5773000
7286000
7196000
6022000
6517000
5474000
9306000
8674000
7072000
5237000
10870000
9411000
9596000
6484000
7056000
7834000
9839000
8968000
13502000
6901000
8067000
7846000
9010000
11186000
6451000
8245000
7497000
5512000
11423000
7463000
11853000
9069000
8770000
10757000
13858000
8386000
4886000
7749000
5754000
9112000
5879000
12699000
6804000
6689000
7891000
9444000
15425000
8892000
7841000
5818000
9442000
5997000
6794000
12159000
11620000
9589000
8303000
10938000
6361000
9165000
6690000
6771000
7990000
5497000
9310000
7286000
9074000
8920000
8651000
11358000
7081000
7750000
7774000
8522000
7149000
5711000
9414000
8276000
8851000
8863000
14846000
7466000
8368000
8033000
7024000
7786000
6510000
7084000
18846000
7984000
33392000
8416000
8938000
9122000
9226000
9326000
8765000
9377000
8320000
44969000
10619000
9985000
8133000
14539000
10010000
7595000
17833000
8458000
5901000
6878000
10391000
7775000
10397000
20004000
12570000
7701000
5924000
5880000
10610000
5826000
8340000
15452000
13590000
11319000
10227000
14420000
5686000
8777000
7461000
7179000
10074000
9367000
8854000
10687000
10347000
9790000
18013000
8443000
6950000
7858000
9820000
6922000
16208000
11244000
6718000
7835000
11341000
5676000
9957000
9948000
7189000
7221000
6222000
7678000
10980000
11959000
7330000
5427000
17729000
9517000
7495000
9591000
10633000
7139000
12721000
5668000
8364000
8306000
8236000
13238000
8148000
6572000
6579000
8106000
6498000
8050000
17933000
8021000
6393000
9939000
12354000
8536000
8761000
7373000
8309000
7864000
9581000
7717000
9998000
8959000
9930000
10114000
10470000
6966000
9579000
7763000
8512000
10378000
11765000
7203000
6335000
8953000
10260000
5420000
8569000
8788000
8771000
10281000
10039000
7171000
9192000
11129000
10583000
12462000
6543000
6198000
9076000
6568000
23432000
13274000
7940000
13160000
9960000
9518000
11393000
7910000
9175000
9511000
16619000
7140000
8422000
10420000
8956000
6946000
8882000
5656000
5515000
8940000
10245000
11808000
11427000
9061000
7512000
14517000
6690000
5994000
5764000
5602000
7641000
5619000
5281000
11784000
7786000
7386000
5528000
6051000
16095000
5163000
6534000
5745000
4966000
6289000
7357000
8261000
13067000
10940000
5164000
5838000
4958000
7769000
7419000
5151000
7308000
5167000
4955000
11847000
5205000
8823000
14419000
40163000
21133000
4863000
34764000
7760000
5046000
4881000
18016000
5124000
5130000
7444000
7733000
17510000
7151000
11708000
7823000
8624000
6528000
11396000
5949000
5362000
6427000
9200000
5601000
5996000
8510000
5462000
11543000
15015000
6529000
9466000
9916000
5069000
7343000
6801000
8058000
6489000
5451000
7055000
14453000
7380000
5117000
7183000
15655000
7282000
6920000
4599000
6768000
6656000
6832000
4484000
5229000
12825000
9045000
4685000
6553000
7618000
9490000
7170000
7308000
7246000
4608000
4418000
7517000
5741000
9558000
7278000
6218000
4421000
5229000
4531000
7868000
10039000
4737000
9915000
4669000
5373000
8103000
5720000
4865000
5897000
7988000
8541000
4458000
4586000
6570000
9649000
8643000
6481000
5850000
5529000
5565000
6520000
6350000
5653000
5542000
8655000
5968000
7931000
7524000
9517000
10091000
5283000
8281000
5301000
6641000
5589000
6660000
7832000
9641000
8075000
7263000
6092000
5529000
7399000
14285000
8395000
5185000
7484000
5420000
6730000
6383000
13130000
5316000
7100000
6335000
5909000
9585000
10201000
9287000
5661000
5468000
5448000
8280000
7091000
13291000
6114000
7656000
8544000
4939000
12761000
8817000
10926000
9073000
14876000
18156000
10151000
7347000
5834000
10420000
12936000
6815000
6919000
5519000
8121000
6421000
6728000
7577000
7018000
10470000
5512000
6965000
6374000
8466000
5312000
10886000
5137000
5544000
7143000
6503000
5833000
15757000
6083000
5171000
7078000
13157000
6209000
5374000
6774000
5534000
5232000
9494000
6995000
5328000
8871000
5694000
7980000
5798000
6984000
8054000
7882000
5402000
6291000
5422000
5469000
5340000
6946000
5294000
6889000
8398000
8197000
5604000
7520000
5198000
24854000
5920000
5338000
7468000
5535000
6086000
5185000
15749000
11899000
5634000
5745000
8992000
10884000
9158000
9166000
6577000
8921000
6632000
9630000
14519000
7740000
13918000
10091000
4840000
8645000
7870000
7466000
8081000
6289000
6510000
10957000
8575000
7132000
7449000
16866000
7517000
12715000
6783000
9048000
7124000
17130000
10066000
8797000
11940000
20619000
13088000
10146000
6401000
6702000
11258000
7021000
4638000
7633000
41484000
8410000
8351000
7751000
17730000
6301000
8375000
7843000
8772000
10701000
11229000
42781000
7835000
5851000
7926000
9844000
9437000
10224000
7601000
6798000
6785000
7316000
6929000
8612000
12483000
7703000
6520000
8889000
8962000
6925000
8225000
6884000
7622000
7083000
8236000
16489000
15210000
7407000
16998000
7354000
7903000
6755000
6655000
7978000
9030000
10730000
11304000
7664000
12530000
12614000
10396000
9812000
5621000
9845000
6933000
8718000
12328000
9353000
6785000
9542000
8723000
6399000
7558000
8252000
5683000
7779000
7623000
13781000
12925000
6691000
6008000
14539000
7740000
9388000
8227000
5919000
8944000
6936000
13006000
8928000
6743000
5865000
10082000
9829000
5682000
6826000
5696000
4489000
4797000
5957000
5238000
4876000
12885000
4707000
7429000
5282000
4952000
7893000
9318000
4506000
8073000
6426000
4958000
6261000
5794000
4565000
4390000
4398000
6550000
6276000
6534000
4659000
6686000
8751000
10278000
7264000
6264000
4783000
4942000
4926000
6335000
12942000
15544000
6413000
6330000
4562000
4680000
5988000
6766000
4542000
4641000
4855000
4524000
5959000
6292000
9121000
4777000
4837000
6389000
11113000
6478000
5590000
4960000
11034000
5688000
6339000
5373000
5912000
5983000
9984000
4411000
4455000
5208000
9029000
5272000
5062000
6698000
5112000
10440000
9604000
6423000
6715000
6610000
4664000
7453000
6037000
4688000
9416000
7623000
25047000
9074000
4808000
4573000
8572000
4464000
4627000
6181000
6784000
4613000
6579000
12888000
7271000
6841000
6132000
7940000
6536000
4809000
4967000
9395000
6365000
5900000
9107000
6180000
4512000
12746000
9861000
5062000
6687000
9920000
12937000
8127000
13437000
9643000
6673000
11203000
9512000
15311000
8880000
9642000
6934000
9256000
8113000
8163000
7914000
7446000
10940000
10450000
6218000
7653000
14572000
8068000
10069000
12350000
7767000
7024000
10271000
11392000
8824000
11104000
13999000
8924000
10642000
7995000
6369000
38310000
9051000
9857000
9169000
7815000
9716000
8181000
6791000
8651000
6961000
19278000
14812000
9307000
12543000
10513000
8012000
5801000
8508000
7547000
17181000
10867000
7585000
10118000
11002000
7019000
18169000
5481000
7492000
6380000
16765000
12374000
7185000
9124000
10023000
12904000
12438000
6513000
7884000
9427000
16447000
8374000
6938000
9737000
11271000
6365000
10773000
7691000
9988000
19579000
43635000
13422000
27225000
6140000
8913000
8333000
5557000
6116000
7455000
12916000
4968000
4646000
10794000
8266000
6951000
6122000
8224000
22586000
6672000
10687000
11545000
9485000
6064000
10309000
6398000
9734000
12454000
11527000
8618000
16990000
34921000
8441000
6005000
37789000
6572000
23802000
17088000
33816000
16534000
10344000
15887000
5627000
12641000
5766000
8661000
8476000
7130000
10025000
6905000
7025000
7464000
11203000
13210000
6301000
6797000
7826000
6497000
9075000
6512000
10685000
11670000
10570000
5069000
9835000
9905000
11166000
6951000
6672000
9001000
6531000
12359000
9366000
7090000
9709000
14962000
6638000
11340000
8451000
11254000
7702000
12396000
10435000
9194000
7138000
17081000
6591000
15531000
5669000
8070000
6554000
12004000
10952000
7818000
7052000
7689000
9777000
5618000
9800000
8385000
6391000
9146000
5202000
7867000
8919000
10585000
8009000
4683000
12533000
6978000
5622000
6501000
8036000
9366000
8463000
6242000
18778000
7554000
9107000
12099000
6914000
19945000
29294000
12162000
8785000
8300000
13176000
7551000
6637000
8879000
9527000
8355000
6642000
9602000
10312000
7477000
6858000
46428000
5699000
7850000
5924000
6232000
13650000
6858000
8065000
6086000
14599000
7233000
8858000
6928000
8526000
12021000
5885000
14187000
9306000
5865000
7134000
9684000
7439000
7761000
6536000
7662000
7466000
7482000
6833000
8086000
6925000
6083000
6970000
8200000
13968000
6557000
5155000
8113000
7470000
10628000
5055000
5721000
13658000
16863000
11441000
13286000
9501000
7516000
8713000
8713000
8105000
10905000
11429000
8855000
6729000
8333000
11116000
11114000
5694000
6546000
5615000
5830000
6898000
13072000
10275000
7596000
7256000
13883000
9045000
9335000
9009000
6439000
8219000
10252000
13659000
7412000
5453000
5748000
7702000
9032000
9033000
6804000
9451000
9860000
7940000
5611000
12890000
12193000
9145000
9069000
11000000
8024000
8306000
8188000
7495000
5831000
7614000
12515000
11433000
10506000
13449000
5840000
5532000
6481000
4667000
6930000
9342000
11709000
10229000
13455000
6883000
6620000
10293000
8620000
11391000
6812000
7019000
7649000
5904000
5423000
12593000
11549000
8268000
13502000
10345000
9347000
8563000
8191000
8163000
6064000
12032000
11440000
5934000
7771000
14833000
7939000
11411000
8027000
9334000
5404000
5696000
11610000
5375000
8390000
8160000
18333000
7078000
9179000
5922000
5828000
5717000
5977000
7582000
10987000
9716000
7192000
7271000
8997000
9082000
6832000
11575000
8106000
10885000
10018000
10245000
10652000
9128000
7975000
15067000
7846000
10493000
5667000
9607000
6916000
8138000
12494000
8332000
7342000
11296000
10773000
6438000
14469000
7955000
7600000
6940000
9138000
14194000
8692000
9055000
11984000
7780000
14340000
7928000
9427000
7362000
9021000
10054000
8813000
8115000
9046000
9240000
5251000
6287000
6385000
5789000
46240000
8177000
6492000
13968000
9723000
6496000
7656000
5677000
5391000
7783000
35821000
7459000
14055000
5503000
8648000
7398000
6710000
11958000
8096000
10012000
11247000
9175000
14842000
10358000
14033000
6472000
7385000
8736000
6715000
7944000
7336000
6389000
6320000
7800000
10288000
9101000
5576000
20650000
15126000
6189000
11552000
8854000
5587000
10396000
10616000
9392000
11613000
6448000
7270000
8825000
4822000
5541000
9696000
8012000
7045000
7020000
9215000
12840000
11371000
6817000
8859000
7599000
7903000
13680000
8507000
5430000
9678000
15919000
6127000
11580000
6668000
7940000
6400000
7454000
13135000
9782000
6351000
5519000
9080000
8876000
